run,map,n,D_m,window,N,map_n,source,k,arm,S_display,method,median_m,effect_pct,draws,line,min_m,max_m
O26M71_N4P7_D5000_W10,official26_common_minus71.json,4.7,5000,10,2494,26,results/O26M71_N4P7_D5000_W10.txt,1,top,0.101,WCL,606.0,5.1,8,120,606.0,607.0
O26M71_N4P7_D5000_W10,official26_common_minus71.json,4.7,5000,10,2494,26,results/O26M71_N4P7_D5000_W10.txt,1,top,0.101,ABS,548.0,-0.2,8,120,543.0,556.0
O26M71_N4P7_D5000_W10,official26_common_minus71.json,4.7,5000,10,2494,26,results/O26M71_N4P7_D5000_W10.txt,1,top,0.101,DIFF,860.0,-17.9,8,120,813.0,991.0
O26M71_N4P7_D5000_W10,official26_common_minus71.json,4.7,5000,10,2494,26,results/O26M71_N4P7_D5000_W10.txt,1,top,0.101,Min-Max,548.0,14.0,8,120,525.0,575.0
O26M71_N4P7_D5000_W10,official26_common_minus71.json,4.7,5000,10,2494,26,results/O26M71_N4P7_D5000_W10.txt,1,bottom,0.001,WCL,577.0,0.0,8,122,577.0,577.0
O26M71_N4P7_D5000_W10,official26_common_minus71.json,4.7,5000,10,2494,26,results/O26M71_N4P7_D5000_W10.txt,1,bottom,0.001,ABS,549.0,0.0,8,122,549.0,549.0
O26M71_N4P7_D5000_W10,official26_common_minus71.json,4.7,5000,10,2494,26,results/O26M71_N4P7_D5000_W10.txt,1,bottom,0.001,DIFF,1049.0,0.1,8,122,1048.0,1052.0
O26M71_N4P7_D5000_W10,official26_common_minus71.json,4.7,5000,10,2494,26,results/O26M71_N4P7_D5000_W10.txt,1,bottom,0.001,Min-Max,481.0,0.0,8,122,480.0,481.0
O26M71_N4P7_D5000_W10,official26_common_minus71.json,4.7,5000,10,2494,26,results/O26M71_N4P7_D5000_W10.txt,1,random,0.033,WCL,579.0,0.3,8,124,,
O26M71_N4P7_D5000_W10,official26_common_minus71.json,4.7,5000,10,2494,26,results/O26M71_N4P7_D5000_W10.txt,1,random,0.033,ABS,550.0,0.1,8,124,,
O26M71_N4P7_D5000_W10,official26_common_minus71.json,4.7,5000,10,2494,26,results/O26M71_N4P7_D5000_W10.txt,1,random,0.033,DIFF,999.0,-4.7,8,124,,
O26M71_N4P7_D5000_W10,official26_common_minus71.json,4.7,5000,10,2494,26,results/O26M71_N4P7_D5000_W10.txt,1,random,0.033,Min-Max,487.0,1.3,8,124,,
O26M71_N4P7_D5000_W10,official26_common_minus71.json,4.7,5000,10,2494,26,results/O26M71_N4P7_D5000_W10.txt,2,top,0.186,WCL,580.0,0.5,8,125,576.0,580.0
O26M71_N4P7_D5000_W10,official26_common_minus71.json,4.7,5000,10,2494,26,results/O26M71_N4P7_D5000_W10.txt,2,top,0.186,ABS,542.0,-1.4,8,125,535.0,551.0
O26M71_N4P7_D5000_W10,official26_common_minus71.json,4.7,5000,10,2494,26,results/O26M71_N4P7_D5000_W10.txt,2,top,0.186,DIFF,793.0,-24.3,8,125,759.0,877.0
O26M71_N4P7_D5000_W10,official26_common_minus71.json,4.7,5000,10,2494,26,results/O26M71_N4P7_D5000_W10.txt,2,top,0.186,Min-Max,553.0,15.0,8,125,519.0,612.0
O26M71_N4P7_D5000_W10,official26_common_minus71.json,4.7,5000,10,2494,26,results/O26M71_N4P7_D5000_W10.txt,2,bottom,0.003,WCL,580.0,0.6,8,127,580.0,581.0
O26M71_N4P7_D5000_W10,official26_common_minus71.json,4.7,5000,10,2494,26,results/O26M71_N4P7_D5000_W10.txt,2,bottom,0.003,ABS,550.0,0.1,8,127,550.0,550.0
O26M71_N4P7_D5000_W10,official26_common_minus71.json,4.7,5000,10,2494,26,results/O26M71_N4P7_D5000_W10.txt,2,bottom,0.003,DIFF,1073.0,2.3,8,127,1071.0,1077.0
O26M71_N4P7_D5000_W10,official26_common_minus71.json,4.7,5000,10,2494,26,results/O26M71_N4P7_D5000_W10.txt,2,bottom,0.003,Min-Max,485.0,0.9,8,127,481.0,487.0
O26M71_N4P7_D5000_W10,official26_common_minus71.json,4.7,5000,10,2494,26,results/O26M71_N4P7_D5000_W10.txt,2,random,0.101,WCL,611.0,5.9,8,129,,
O26M71_N4P7_D5000_W10,official26_common_minus71.json,4.7,5000,10,2494,26,results/O26M71_N4P7_D5000_W10.txt,2,random,0.101,ABS,550.0,0.2,8,129,,
O26M71_N4P7_D5000_W10,official26_common_minus71.json,4.7,5000,10,2494,26,results/O26M71_N4P7_D5000_W10.txt,2,random,0.101,DIFF,851.0,-18.8,8,129,,
O26M71_N4P7_D5000_W10,official26_common_minus71.json,4.7,5000,10,2494,26,results/O26M71_N4P7_D5000_W10.txt,2,random,0.101,Min-Max,521.0,8.5,8,129,,
O26M71_N4P7_D5000_W10,official26_common_minus71.json,4.7,5000,10,2494,26,results/O26M71_N4P7_D5000_W10.txt,3,top,0.269,WCL,612.0,6.1,8,130,611.0,614.0
O26M71_N4P7_D5000_W10,official26_common_minus71.json,4.7,5000,10,2494,26,results/O26M71_N4P7_D5000_W10.txt,3,top,0.269,ABS,546.0,-0.7,8,130,534.0,579.0
O26M71_N4P7_D5000_W10,official26_common_minus71.json,4.7,5000,10,2494,26,results/O26M71_N4P7_D5000_W10.txt,3,top,0.269,DIFF,832.0,-20.7,8,130,788.0,912.0
O26M71_N4P7_D5000_W10,official26_common_minus71.json,4.7,5000,10,2494,26,results/O26M71_N4P7_D5000_W10.txt,3,top,0.269,Min-Max,579.0,20.4,8,130,566.0,618.0
O26M71_N4P7_D5000_W10,official26_common_minus71.json,4.7,5000,10,2494,26,results/O26M71_N4P7_D5000_W10.txt,3,bottom,0.008,WCL,580.0,0.6,8,132,579.0,581.0
O26M71_N4P7_D5000_W10,official26_common_minus71.json,4.7,5000,10,2494,26,results/O26M71_N4P7_D5000_W10.txt,3,bottom,0.008,ABS,550.0,0.1,8,132,549.0,550.0
O26M71_N4P7_D5000_W10,official26_common_minus71.json,4.7,5000,10,2494,26,results/O26M71_N4P7_D5000_W10.txt,3,bottom,0.008,DIFF,1062.0,1.3,8,132,1050.0,1081.0
O26M71_N4P7_D5000_W10,official26_common_minus71.json,4.7,5000,10,2494,26,results/O26M71_N4P7_D5000_W10.txt,3,bottom,0.008,Min-Max,487.0,1.3,8,132,481.0,488.0
O26M71_N4P7_D5000_W10,official26_common_minus71.json,4.7,5000,10,2494,26,results/O26M71_N4P7_D5000_W10.txt,3,random,0.115,WCL,622.0,7.8,8,134,,
O26M71_N4P7_D5000_W10,official26_common_minus71.json,4.7,5000,10,2494,26,results/O26M71_N4P7_D5000_W10.txt,3,random,0.115,ABS,562.0,2.4,8,134,,
O26M71_N4P7_D5000_W10,official26_common_minus71.json,4.7,5000,10,2494,26,results/O26M71_N4P7_D5000_W10.txt,3,random,0.115,DIFF,929.0,-11.3,8,134,,
O26M71_N4P7_D5000_W10,official26_common_minus71.json,4.7,5000,10,2494,26,results/O26M71_N4P7_D5000_W10.txt,3,random,0.115,Min-Max,540.0,12.4,8,134,,
O26M71_N4P7_D5000_W10,official26_common_minus71.json,4.7,5000,10,2494,26,results/O26M71_N4P7_D5000_W10.txt,4,top,0.344,WCL,654.0,13.4,8,135,649.0,658.0
O26M71_N4P7_D5000_W10,official26_common_minus71.json,4.7,5000,10,2494,26,results/O26M71_N4P7_D5000_W10.txt,4,top,0.344,ABS,588.0,7.1,8,135,560.0,620.0
O26M71_N4P7_D5000_W10,official26_common_minus71.json,4.7,5000,10,2494,26,results/O26M71_N4P7_D5000_W10.txt,4,top,0.344,DIFF,847.0,-19.2,8,135,757.0,889.0
O26M71_N4P7_D5000_W10,official26_common_minus71.json,4.7,5000,10,2494,26,results/O26M71_N4P7_D5000_W10.txt,4,top,0.344,Min-Max,651.0,35.5,8,135,586.0,709.0
O26M71_N4P7_D5000_W10,official26_common_minus71.json,4.7,5000,10,2494,26,results/O26M71_N4P7_D5000_W10.txt,4,bottom,0.014,WCL,581.0,0.7,8,137,580.0,583.0
O26M71_N4P7_D5000_W10,official26_common_minus71.json,4.7,5000,10,2494,26,results/O26M71_N4P7_D5000_W10.txt,4,bottom,0.014,ABS,549.0,0.0,8,137,548.0,550.0
O26M71_N4P7_D5000_W10,official26_common_minus71.json,4.7,5000,10,2494,26,results/O26M71_N4P7_D5000_W10.txt,4,bottom,0.014,DIFF,1065.0,1.6,8,137,1048.0,1074.0
O26M71_N4P7_D5000_W10,official26_common_minus71.json,4.7,5000,10,2494,26,results/O26M71_N4P7_D5000_W10.txt,4,bottom,0.014,Min-Max,490.0,1.9,8,137,485.0,494.0
O26M71_N4P7_D5000_W10,official26_common_minus71.json,4.7,5000,10,2494,26,results/O26M71_N4P7_D5000_W10.txt,4,random,0.128,WCL,606.0,5.1,8,139,,
O26M71_N4P7_D5000_W10,official26_common_minus71.json,4.7,5000,10,2494,26,results/O26M71_N4P7_D5000_W10.txt,4,random,0.128,ABS,571.0,4.0,8,139,,
O26M71_N4P7_D5000_W10,official26_common_minus71.json,4.7,5000,10,2494,26,results/O26M71_N4P7_D5000_W10.txt,4,random,0.128,DIFF,942.0,-10.1,8,139,,
O26M71_N4P7_D5000_W10,official26_common_minus71.json,4.7,5000,10,2494,26,results/O26M71_N4P7_D5000_W10.txt,4,random,0.128,Min-Max,525.0,9.2,8,139,,
O26M71_N4P7_D5000_W10,official26_common_minus71.json,4.7,5000,10,2494,26,results/O26M71_N4P7_D5000_W10.txt,5,top,0.418,WCL,747.0,29.4,8,140,734.0,754.0
O26M71_N4P7_D5000_W10,official26_common_minus71.json,4.7,5000,10,2494,26,results/O26M71_N4P7_D5000_W10.txt,5,top,0.418,ABS,615.0,12.0,8,140,560.0,655.0
O26M71_N4P7_D5000_W10,official26_common_minus71.json,4.7,5000,10,2494,26,results/O26M71_N4P7_D5000_W10.txt,5,top,0.418,DIFF,888.0,-15.3,8,140,769.0,931.0
O26M71_N4P7_D5000_W10,official26_common_minus71.json,4.7,5000,10,2494,26,results/O26M71_N4P7_D5000_W10.txt,5,top,0.418,Min-Max,746.0,55.3,8,140,682.0,814.0
O26M71_N4P7_D5000_W10,official26_common_minus71.json,4.7,5000,10,2494,26,results/O26M71_N4P7_D5000_W10.txt,5,bottom,0.024,WCL,584.0,1.3,8,142,584.0,584.0
O26M71_N4P7_D5000_W10,official26_common_minus71.json,4.7,5000,10,2494,26,results/O26M71_N4P7_D5000_W10.txt,5,bottom,0.024,ABS,550.0,0.1,8,142,549.0,552.0
O26M71_N4P7_D5000_W10,official26_common_minus71.json,4.7,5000,10,2494,26,results/O26M71_N4P7_D5000_W10.txt,5,bottom,0.024,DIFF,1047.0,-0.1,8,142,1027.0,1079.0
O26M71_N4P7_D5000_W10,official26_common_minus71.json,4.7,5000,10,2494,26,results/O26M71_N4P7_D5000_W10.txt,5,bottom,0.024,Min-Max,494.0,2.8,8,142,485.0,495.0
O26M71_N4P7_D5000_W10,official26_common_minus71.json,4.7,5000,10,2494,26,results/O26M71_N4P7_D5000_W10.txt,5,random,0.266,WCL,655.0,13.5,8,144,,
O26M71_N4P7_D5000_W10,official26_common_minus71.json,4.7,5000,10,2494,26,results/O26M71_N4P7_D5000_W10.txt,5,random,0.266,ABS,598.0,8.8,8,144,,
O26M71_N4P7_D5000_W10,official26_common_minus71.json,4.7,5000,10,2494,26,results/O26M71_N4P7_D5000_W10.txt,5,random,0.266,DIFF,847.0,-19.1,8,144,,
O26M71_N4P7_D5000_W10,official26_common_minus71.json,4.7,5000,10,2494,26,results/O26M71_N4P7_D5000_W10.txt,5,random,0.266,Min-Max,598.0,24.4,8,144,,
O26M71_N4P7_D5000_W10,official26_common_minus71.json,4.7,5000,10,2494,26,results/O26M71_N4P7_D5000_W10.txt,6,top,0.48,WCL,743.0,28.7,8,145,732.0,751.0
O26M71_N4P7_D5000_W10,official26_common_minus71.json,4.7,5000,10,2494,26,results/O26M71_N4P7_D5000_W10.txt,6,top,0.48,ABS,620.0,12.9,8,145,571.0,632.0
O26M71_N4P7_D5000_W10,official26_common_minus71.json,4.7,5000,10,2494,26,results/O26M71_N4P7_D5000_W10.txt,6,top,0.48,DIFF,874.0,-16.6,8,145,804.0,915.0
O26M71_N4P7_D5000_W10,official26_common_minus71.json,4.7,5000,10,2494,26,results/O26M71_N4P7_D5000_W10.txt,6,top,0.48,Min-Max,729.0,51.7,8,145,690.0,813.0
O26M71_N4P7_D5000_W10,official26_common_minus71.json,4.7,5000,10,2494,26,results/O26M71_N4P7_D5000_W10.txt,6,bottom,0.038,WCL,584.0,1.3,8,147,581.0,585.0
O26M71_N4P7_D5000_W10,official26_common_minus71.json,4.7,5000,10,2494,26,results/O26M71_N4P7_D5000_W10.txt,6,bottom,0.038,ABS,551.0,0.3,8,147,548.0,553.0
O26M71_N4P7_D5000_W10,official26_common_minus71.json,4.7,5000,10,2494,26,results/O26M71_N4P7_D5000_W10.txt,6,bottom,0.038,DIFF,1080.0,3.0,8,147,1040.0,1115.0
O26M71_N4P7_D5000_W10,official26_common_minus71.json,4.7,5000,10,2494,26,results/O26M71_N4P7_D5000_W10.txt,6,bottom,0.038,Min-Max,490.0,2.0,8,147,484.0,495.0
O26M71_N4P7_D5000_W10,official26_common_minus71.json,4.7,5000,10,2494,26,results/O26M71_N4P7_D5000_W10.txt,6,random,0.233,WCL,660.0,14.3,8,149,,
O26M71_N4P7_D5000_W10,official26_common_minus71.json,4.7,5000,10,2494,26,results/O26M71_N4P7_D5000_W10.txt,6,random,0.233,ABS,596.0,8.6,8,149,,
O26M71_N4P7_D5000_W10,official26_common_minus71.json,4.7,5000,10,2494,26,results/O26M71_N4P7_D5000_W10.txt,6,random,0.233,DIFF,839.0,-20.0,8,149,,
O26M71_N4P7_D5000_W10,official26_common_minus71.json,4.7,5000,10,2494,26,results/O26M71_N4P7_D5000_W10.txt,6,random,0.233,Min-Max,577.0,20.1,8,149,,
O26M71_N4P7_D5000_W10,official26_common_minus71.json,4.7,5000,10,2494,26,results/O26M71_N4P7_D5000_W10.txt,7,top,0.533,WCL,1314.0,127.7,8,150,1278.0,1371.0
O26M71_N4P7_D5000_W10,official26_common_minus71.json,4.7,5000,10,2494,26,results/O26M71_N4P7_D5000_W10.txt,7,top,0.533,ABS,945.0,72.1,8,150,900.0,1000.0
O26M71_N4P7_D5000_W10,official26_common_minus71.json,4.7,5000,10,2494,26,results/O26M71_N4P7_D5000_W10.txt,7,top,0.533,DIFF,1289.0,23.0,8,150,1135.0,1449.0
O26M71_N4P7_D5000_W10,official26_common_minus71.json,4.7,5000,10,2494,26,results/O26M71_N4P7_D5000_W10.txt,7,top,0.533,Min-Max,1209.0,151.5,8,150,1129.0,1291.0
O26M71_N4P7_D5000_W10,official26_common_minus71.json,4.7,5000,10,2494,26,results/O26M71_N4P7_D5000_W10.txt,7,bottom,0.053,WCL,592.0,2.7,8,152,587.0,599.0
O26M71_N4P7_D5000_W10,official26_common_minus71.json,4.7,5000,10,2494,26,results/O26M71_N4P7_D5000_W10.txt,7,bottom,0.053,ABS,550.0,0.1,8,152,545.0,553.0
O26M71_N4P7_D5000_W10,official26_common_minus71.json,4.7,5000,10,2494,26,results/O26M71_N4P7_D5000_W10.txt,7,bottom,0.053,DIFF,1023.0,-2.4,8,152,995.0,1074.0
O26M71_N4P7_D5000_W10,official26_common_minus71.json,4.7,5000,10,2494,26,results/O26M71_N4P7_D5000_W10.txt,7,bottom,0.053,Min-Max,499.0,3.8,8,152,496.0,505.0
O26M71_N4P7_D5000_W10,official26_common_minus71.json,4.7,5000,10,2494,26,results/O26M71_N4P7_D5000_W10.txt,7,random,0.244,WCL,666.0,15.5,8,154,,
O26M71_N4P7_D5000_W10,official26_common_minus71.json,4.7,5000,10,2494,26,results/O26M71_N4P7_D5000_W10.txt,7,random,0.244,ABS,585.0,6.5,8,154,,
O26M71_N4P7_D5000_W10,official26_common_minus71.json,4.7,5000,10,2494,26,results/O26M71_N4P7_D5000_W10.txt,7,random,0.244,DIFF,846.0,-19.3,8,154,,
O26M71_N4P7_D5000_W10,official26_common_minus71.json,4.7,5000,10,2494,26,results/O26M71_N4P7_D5000_W10.txt,7,random,0.244,Min-Max,564.0,17.3,8,154,,
O26M71_N4P7_D5000_W10,official26_common_minus71.json,4.7,5000,10,2494,26,results/O26M71_N4P7_D5000_W10.txt,8,top,0.583,WCL,1264.0,119.1,8,155,1219.0,1371.0
O26M71_N4P7_D5000_W10,official26_common_minus71.json,4.7,5000,10,2494,26,results/O26M71_N4P7_D5000_W10.txt,8,top,0.583,ABS,944.0,72.0,8,155,866.0,1017.0
O26M71_N4P7_D5000_W10,official26_common_minus71.json,4.7,5000,10,2494,26,results/O26M71_N4P7_D5000_W10.txt,8,top,0.583,DIFF,1227.0,17.1,8,155,1173.0,1320.0
O26M71_N4P7_D5000_W10,official26_common_minus71.json,4.7,5000,10,2494,26,results/O26M71_N4P7_D5000_W10.txt,8,top,0.583,Min-Max,1086.0,125.9,8,155,964.0,1344.0
O26M71_N4P7_D5000_W10,official26_common_minus71.json,4.7,5000,10,2494,26,results/O26M71_N4P7_D5000_W10.txt,8,bottom,0.07,WCL,591.0,2.5,8,157,588.0,592.0
O26M71_N4P7_D5000_W10,official26_common_minus71.json,4.7,5000,10,2494,26,results/O26M71_N4P7_D5000_W10.txt,8,bottom,0.07,ABS,550.0,0.1,8,157,547.0,557.0
O26M71_N4P7_D5000_W10,official26_common_minus71.json,4.7,5000,10,2494,26,results/O26M71_N4P7_D5000_W10.txt,8,bottom,0.07,DIFF,986.0,-5.9,8,157,950.0,1040.0
O26M71_N4P7_D5000_W10,official26_common_minus71.json,4.7,5000,10,2494,26,results/O26M71_N4P7_D5000_W10.txt,8,bottom,0.07,Min-Max,500.0,4.1,8,157,485.0,512.0
O26M71_N4P7_D5000_W10,official26_common_minus71.json,4.7,5000,10,2494,26,results/O26M71_N4P7_D5000_W10.txt,8,random,0.263,WCL,725.0,25.6,8,159,,
O26M71_N4P7_D5000_W10,official26_common_minus71.json,4.7,5000,10,2494,26,results/O26M71_N4P7_D5000_W10.txt,8,random,0.263,ABS,657.0,19.7,8,159,,
O26M71_N4P7_D5000_W10,official26_common_minus71.json,4.7,5000,10,2494,26,results/O26M71_N4P7_D5000_W10.txt,8,random,0.263,DIFF,989.0,-5.6,8,159,,
O26M71_N4P7_D5000_W10,official26_common_minus71.json,4.7,5000,10,2494,26,results/O26M71_N4P7_D5000_W10.txt,8,random,0.263,Min-Max,625.0,30.2,8,159,,
O27_N4P7_D1000_W10,official27_common.json,4.7,1000,10,2498,27,results/O27_N4P7_D1000_W10.txt,1,top,0.098,WCL,585.0,6.3,4,120,580.0,589.0
O27_N4P7_D1000_W10,official27_common.json,4.7,1000,10,2498,27,results/O27_N4P7_D1000_W10.txt,1,top,0.098,ABS,571.0,2.0,4,120,530.0,619.0
O27_N4P7_D1000_W10,official27_common.json,4.7,1000,10,2498,27,results/O27_N4P7_D1000_W10.txt,1,top,0.098,DIFF,1056.0,-4.4,4,120,1019.0,1092.0
O27_N4P7_D1000_W10,official27_common.json,4.7,1000,10,2498,27,results/O27_N4P7_D1000_W10.txt,1,top,0.098,Min-Max,472.0,6.7,4,120,458.0,497.0
O27_N4P7_D1000_W10,official27_common.json,4.7,1000,10,2498,27,results/O27_N4P7_D1000_W10.txt,1,bottom,0.0,WCL,550.0,0.0,4,122,550.0,550.0
O27_N4P7_D1000_W10,official27_common.json,4.7,1000,10,2498,27,results/O27_N4P7_D1000_W10.txt,1,bottom,0.0,ABS,560.0,0.0,4,122,560.0,560.0
O27_N4P7_D1000_W10,official27_common.json,4.7,1000,10,2498,27,results/O27_N4P7_D1000_W10.txt,1,bottom,0.0,DIFF,1104.0,0.0,4,122,1104.0,1105.0
O27_N4P7_D1000_W10,official27_common.json,4.7,1000,10,2498,27,results/O27_N4P7_D1000_W10.txt,1,bottom,0.0,Min-Max,443.0,0.0,4,122,443.0,443.0
O27_N4P7_D1000_W10,official27_common.json,4.7,1000,10,2498,27,results/O27_N4P7_D1000_W10.txt,1,random,0.035,WCL,551.0,0.1,8,124,,
O27_N4P7_D1000_W10,official27_common.json,4.7,1000,10,2498,27,results/O27_N4P7_D1000_W10.txt,1,random,0.035,ABS,559.0,-0.3,8,124,,
O27_N4P7_D1000_W10,official27_common.json,4.7,1000,10,2498,27,results/O27_N4P7_D1000_W10.txt,1,random,0.035,DIFF,1104.0,0.0,8,124,,
O27_N4P7_D1000_W10,official27_common.json,4.7,1000,10,2498,27,results/O27_N4P7_D1000_W10.txt,1,random,0.035,Min-Max,443.0,0.0,8,124,,
O27_N4P7_D1000_W10,official27_common.json,4.7,1000,10,2498,27,results/O27_N4P7_D1000_W10.txt,2,top,0.187,WCL,617.0,12.2,4,125,561.0,734.0
O27_N4P7_D1000_W10,official27_common.json,4.7,1000,10,2498,27,results/O27_N4P7_D1000_W10.txt,2,top,0.187,ABS,617.0,10.2,4,125,546.0,684.0
O27_N4P7_D1000_W10,official27_common.json,4.7,1000,10,2498,27,results/O27_N4P7_D1000_W10.txt,2,top,0.187,DIFF,1077.0,-2.4,4,125,1010.0,1134.0
O27_N4P7_D1000_W10,official27_common.json,4.7,1000,10,2498,27,results/O27_N4P7_D1000_W10.txt,2,top,0.187,Min-Max,511.0,15.4,4,125,475.0,566.0
O27_N4P7_D1000_W10,official27_common.json,4.7,1000,10,2498,27,results/O27_N4P7_D1000_W10.txt,2,bottom,0.001,WCL,554.0,0.7,4,127,550.0,556.0
O27_N4P7_D1000_W10,official27_common.json,4.7,1000,10,2498,27,results/O27_N4P7_D1000_W10.txt,2,bottom,0.001,ABS,560.0,-0.0,4,127,560.0,561.0
O27_N4P7_D1000_W10,official27_common.json,4.7,1000,10,2498,27,results/O27_N4P7_D1000_W10.txt,2,bottom,0.001,DIFF,1108.0,0.4,4,127,1105.0,1110.0
O27_N4P7_D1000_W10,official27_common.json,4.7,1000,10,2498,27,results/O27_N4P7_D1000_W10.txt,2,bottom,0.001,Min-Max,443.0,0.1,4,127,442.0,443.0
O27_N4P7_D1000_W10,official27_common.json,4.7,1000,10,2498,27,results/O27_N4P7_D1000_W10.txt,2,random,0.099,WCL,577.0,4.8,8,129,,
O27_N4P7_D1000_W10,official27_common.json,4.7,1000,10,2498,27,results/O27_N4P7_D1000_W10.txt,2,random,0.099,ABS,561.0,0.1,8,129,,
O27_N4P7_D1000_W10,official27_common.json,4.7,1000,10,2498,27,results/O27_N4P7_D1000_W10.txt,2,random,0.099,DIFF,1034.0,-6.3,8,129,,
O27_N4P7_D1000_W10,official27_common.json,4.7,1000,10,2498,27,results/O27_N4P7_D1000_W10.txt,2,random,0.099,Min-Max,457.0,3.2,8,129,,
O27_N4P7_D1000_W10,official27_common.json,4.7,1000,10,2498,27,results/O27_N4P7_D1000_W10.txt,3,top,0.271,WCL,706.0,28.3,4,130,688.0,732.0
O27_N4P7_D1000_W10,official27_common.json,4.7,1000,10,2498,27,results/O27_N4P7_D1000_W10.txt,3,top,0.271,ABS,612.0,9.3,4,130,567.0,682.0
O27_N4P7_D1000_W10,official27_common.json,4.7,1000,10,2498,27,results/O27_N4P7_D1000_W10.txt,3,top,0.271,DIFF,1062.0,-3.8,4,130,1010.0,1186.0
O27_N4P7_D1000_W10,official27_common.json,4.7,1000,10,2498,27,results/O27_N4P7_D1000_W10.txt,3,top,0.271,Min-Max,527.0,19.0,4,130,519.0,554.0
O27_N4P7_D1000_W10,official27_common.json,4.7,1000,10,2498,27,results/O27_N4P7_D1000_W10.txt,3,bottom,0.003,WCL,558.0,1.5,4,132,552.0,559.0
O27_N4P7_D1000_W10,official27_common.json,4.7,1000,10,2498,27,results/O27_N4P7_D1000_W10.txt,3,bottom,0.003,ABS,560.0,-0.1,4,132,560.0,561.0
O27_N4P7_D1000_W10,official27_common.json,4.7,1000,10,2498,27,results/O27_N4P7_D1000_W10.txt,3,bottom,0.003,DIFF,1118.0,1.2,4,132,1115.0,1119.0
O27_N4P7_D1000_W10,official27_common.json,4.7,1000,10,2498,27,results/O27_N4P7_D1000_W10.txt,3,bottom,0.003,Min-Max,443.0,0.1,4,132,442.0,443.0
O27_N4P7_D1000_W10,official27_common.json,4.7,1000,10,2498,27,results/O27_N4P7_D1000_W10.txt,3,random,0.116,WCL,580.0,5.5,8,134,,
O27_N4P7_D1000_W10,official27_common.json,4.7,1000,10,2498,27,results/O27_N4P7_D1000_W10.txt,3,random,0.116,ABS,568.0,1.4,8,134,,
O27_N4P7_D1000_W10,official27_common.json,4.7,1000,10,2498,27,results/O27_N4P7_D1000_W10.txt,3,random,0.116,DIFF,1085.0,-1.7,8,134,,
O27_N4P7_D1000_W10,official27_common.json,4.7,1000,10,2498,27,results/O27_N4P7_D1000_W10.txt,3,random,0.116,Min-Max,458.0,3.5,8,134,,
O27_N4P7_D1000_W10,official27_common.json,4.7,1000,10,2498,27,results/O27_N4P7_D1000_W10.txt,4,top,0.346,WCL,657.0,19.5,4,135,580.0,764.0
O27_N4P7_D1000_W10,official27_common.json,4.7,1000,10,2498,27,results/O27_N4P7_D1000_W10.txt,4,top,0.346,ABS,609.0,8.6,4,135,556.0,705.0
O27_N4P7_D1000_W10,official27_common.json,4.7,1000,10,2498,27,results/O27_N4P7_D1000_W10.txt,4,top,0.346,DIFF,1135.0,2.8,4,135,1023.0,1154.0
O27_N4P7_D1000_W10,official27_common.json,4.7,1000,10,2498,27,results/O27_N4P7_D1000_W10.txt,4,top,0.346,Min-Max,504.0,13.9,4,135,446.0,583.0
O27_N4P7_D1000_W10,official27_common.json,4.7,1000,10,2498,27,results/O27_N4P7_D1000_W10.txt,4,bottom,0.008,WCL,559.0,1.7,4,137,550.0,559.0
O27_N4P7_D1000_W10,official27_common.json,4.7,1000,10,2498,27,results/O27_N4P7_D1000_W10.txt,4,bottom,0.008,ABS,561.0,0.1,4,137,561.0,561.0
O27_N4P7_D1000_W10,official27_common.json,4.7,1000,10,2498,27,results/O27_N4P7_D1000_W10.txt,4,bottom,0.008,DIFF,1116.0,1.1,4,137,1107.0,1124.0
O27_N4P7_D1000_W10,official27_common.json,4.7,1000,10,2498,27,results/O27_N4P7_D1000_W10.txt,4,bottom,0.008,Min-Max,443.0,0.0,4,137,442.0,444.0
O27_N4P7_D1000_W10,official27_common.json,4.7,1000,10,2498,27,results/O27_N4P7_D1000_W10.txt,4,random,0.13,WCL,569.0,3.5,8,139,,
O27_N4P7_D1000_W10,official27_common.json,4.7,1000,10,2498,27,results/O27_N4P7_D1000_W10.txt,4,random,0.13,ABS,567.0,1.2,8,139,,
O27_N4P7_D1000_W10,official27_common.json,4.7,1000,10,2498,27,results/O27_N4P7_D1000_W10.txt,4,random,0.13,DIFF,1122.0,1.6,8,139,,
O27_N4P7_D1000_W10,official27_common.json,4.7,1000,10,2498,27,results/O27_N4P7_D1000_W10.txt,4,random,0.13,Min-Max,453.0,2.2,8,139,,
O27_N4P7_D1000_W10,official27_common.json,4.7,1000,10,2498,27,results/O27_N4P7_D1000_W10.txt,5,top,0.416,WCL,704.0,27.9,4,140,648.0,729.0
O27_N4P7_D1000_W10,official27_common.json,4.7,1000,10,2498,27,results/O27_N4P7_D1000_W10.txt,5,top,0.416,ABS,671.0,19.8,4,140,585.0,714.0
O27_N4P7_D1000_W10,official27_common.json,4.7,1000,10,2498,27,results/O27_N4P7_D1000_W10.txt,5,top,0.416,DIFF,1100.0,-0.3,4,140,1014.0,1260.0
O27_N4P7_D1000_W10,official27_common.json,4.7,1000,10,2498,27,results/O27_N4P7_D1000_W10.txt,5,top,0.416,Min-Max,566.0,27.8,4,140,530.0,597.0
O27_N4P7_D1000_W10,official27_common.json,4.7,1000,10,2498,27,results/O27_N4P7_D1000_W10.txt,5,bottom,0.013,WCL,559.0,1.5,4,142,550.0,559.0
O27_N4P7_D1000_W10,official27_common.json,4.7,1000,10,2498,27,results/O27_N4P7_D1000_W10.txt,5,bottom,0.013,ABS,561.0,0.1,4,142,561.0,561.0
O27_N4P7_D1000_W10,official27_common.json,4.7,1000,10,2498,27,results/O27_N4P7_D1000_W10.txt,5,bottom,0.013,DIFF,1118.0,1.2,4,142,1106.0,1122.0
O27_N4P7_D1000_W10,official27_common.json,4.7,1000,10,2498,27,results/O27_N4P7_D1000_W10.txt,5,bottom,0.013,Min-Max,443.0,-0.0,4,142,442.0,444.0
O27_N4P7_D1000_W10,official27_common.json,4.7,1000,10,2498,27,results/O27_N4P7_D1000_W10.txt,5,random,0.244,WCL,580.0,5.5,8,144,,
O27_N4P7_D1000_W10,official27_common.json,4.7,1000,10,2498,27,results/O27_N4P7_D1000_W10.txt,5,random,0.244,ABS,584.0,4.3,8,144,,
O27_N4P7_D1000_W10,official27_common.json,4.7,1000,10,2498,27,results/O27_N4P7_D1000_W10.txt,5,random,0.244,DIFF,1094.0,-0.9,8,144,,
O27_N4P7_D1000_W10,official27_common.json,4.7,1000,10,2498,27,results/O27_N4P7_D1000_W10.txt,5,random,0.244,Min-Max,465.0,5.1,8,144,,
O27_N4P7_D1000_W10,official27_common.json,4.7,1000,10,2498,27,results/O27_N4P7_D1000_W10.txt,6,top,0.483,WCL,639.0,16.1,4,145,615.0,823.0
O27_N4P7_D1000_W10,official27_common.json,4.7,1000,10,2498,27,results/O27_N4P7_D1000_W10.txt,6,top,0.483,ABS,608.0,8.6,4,145,560.0,694.0
O27_N4P7_D1000_W10,official27_common.json,4.7,1000,10,2498,27,results/O27_N4P7_D1000_W10.txt,6,top,0.483,DIFF,1101.0,-0.2,4,145,1004.0,1219.0
O27_N4P7_D1000_W10,official27_common.json,4.7,1000,10,2498,27,results/O27_N4P7_D1000_W10.txt,6,top,0.483,Min-Max,512.0,15.6,4,145,490.0,581.0
O27_N4P7_D1000_W10,official27_common.json,4.7,1000,10,2498,27,results/O27_N4P7_D1000_W10.txt,6,bottom,0.022,WCL,559.0,1.7,4,147,550.0,559.0
O27_N4P7_D1000_W10,official27_common.json,4.7,1000,10,2498,27,results/O27_N4P7_D1000_W10.txt,6,bottom,0.022,ABS,561.0,0.1,4,147,560.0,561.0
O27_N4P7_D1000_W10,official27_common.json,4.7,1000,10,2498,27,results/O27_N4P7_D1000_W10.txt,6,bottom,0.022,DIFF,1121.0,1.5,4,147,1102.0,1124.0
O27_N4P7_D1000_W10,official27_common.json,4.7,1000,10,2498,27,results/O27_N4P7_D1000_W10.txt,6,bottom,0.022,Min-Max,444.0,0.2,4,147,443.0,444.0
O27_N4P7_D1000_W10,official27_common.json,4.7,1000,10,2498,27,results/O27_N4P7_D1000_W10.txt,6,random,0.202,WCL,605.0,9.9,8,149,,
O27_N4P7_D1000_W10,official27_common.json,4.7,1000,10,2498,27,results/O27_N4P7_D1000_W10.txt,6,random,0.202,ABS,584.0,4.3,8,149,,
O27_N4P7_D1000_W10,official27_common.json,4.7,1000,10,2498,27,results/O27_N4P7_D1000_W10.txt,6,random,0.202,DIFF,1186.0,7.4,8,149,,
O27_N4P7_D1000_W10,official27_common.json,4.7,1000,10,2498,27,results/O27_N4P7_D1000_W10.txt,6,random,0.202,Min-Max,475.0,7.3,8,149,,
O27_N4P7_D1000_W10,official27_common.json,4.7,1000,10,2498,27,results/O27_N4P7_D1000_W10.txt,7,top,0.54,WCL,762.0,38.6,4,150,696.0,965.0
O27_N4P7_D1000_W10,official27_common.json,4.7,1000,10,2498,27,results/O27_N4P7_D1000_W10.txt,7,top,0.54,ABS,808.0,44.2,4,150,694.0,919.0
O27_N4P7_D1000_W10,official27_common.json,4.7,1000,10,2498,27,results/O27_N4P7_D1000_W10.txt,7,top,0.54,DIFF,1315.0,19.1,4,150,1212.0,1753.0
O27_N4P7_D1000_W10,official27_common.json,4.7,1000,10,2498,27,results/O27_N4P7_D1000_W10.txt,7,top,0.54,Min-Max,671.0,51.5,4,150,583.0,812.0
O27_N4P7_D1000_W10,official27_common.json,4.7,1000,10,2498,27,results/O27_N4P7_D1000_W10.txt,7,bottom,0.036,WCL,559.0,1.6,4,152,555.0,560.0
O27_N4P7_D1000_W10,official27_common.json,4.7,1000,10,2498,27,results/O27_N4P7_D1000_W10.txt,7,bottom,0.036,ABS,561.0,0.2,4,152,560.0,561.0
O27_N4P7_D1000_W10,official27_common.json,4.7,1000,10,2498,27,results/O27_N4P7_D1000_W10.txt,7,bottom,0.036,DIFF,1098.0,-0.5,4,152,1088.0,1122.0
O27_N4P7_D1000_W10,official27_common.json,4.7,1000,10,2498,27,results/O27_N4P7_D1000_W10.txt,7,bottom,0.036,Min-Max,446.0,0.8,4,152,445.0,447.0
O27_N4P7_D1000_W10,official27_common.json,4.7,1000,10,2498,27,results/O27_N4P7_D1000_W10.txt,7,random,0.251,WCL,622.0,13.0,8,154,,
O27_N4P7_D1000_W10,official27_common.json,4.7,1000,10,2498,27,results/O27_N4P7_D1000_W10.txt,7,random,0.251,ABS,564.0,0.6,8,154,,
O27_N4P7_D1000_W10,official27_common.json,4.7,1000,10,2498,27,results/O27_N4P7_D1000_W10.txt,7,random,0.251,DIFF,1168.0,5.8,8,154,,
O27_N4P7_D1000_W10,official27_common.json,4.7,1000,10,2498,27,results/O27_N4P7_D1000_W10.txt,7,random,0.251,Min-Max,486.0,9.7,8,154,,
O27_N4P7_D1000_W10,official27_common.json,4.7,1000,10,2498,27,results/O27_N4P7_D1000_W10.txt,8,top,0.59,WCL,702.0,27.6,4,155,676.0,796.0
O27_N4P7_D1000_W10,official27_common.json,4.7,1000,10,2498,27,results/O27_N4P7_D1000_W10.txt,8,top,0.59,ABS,627.0,11.8,4,155,598.0,689.0
O27_N4P7_D1000_W10,official27_common.json,4.7,1000,10,2498,27,results/O27_N4P7_D1000_W10.txt,8,top,0.59,DIFF,1628.0,47.5,4,155,1430.0,1812.0
O27_N4P7_D1000_W10,official27_common.json,4.7,1000,10,2498,27,results/O27_N4P7_D1000_W10.txt,8,top,0.59,Min-Max,533.0,20.4,4,155,492.0,551.0
O27_N4P7_D1000_W10,official27_common.json,4.7,1000,10,2498,27,results/O27_N4P7_D1000_W10.txt,8,bottom,0.049,WCL,559.0,1.7,4,157,556.0,559.0
O27_N4P7_D1000_W10,official27_common.json,4.7,1000,10,2498,27,results/O27_N4P7_D1000_W10.txt,8,bottom,0.049,ABS,561.0,0.2,4,157,560.0,563.0
O27_N4P7_D1000_W10,official27_common.json,4.7,1000,10,2498,27,results/O27_N4P7_D1000_W10.txt,8,bottom,0.049,DIFF,1102.0,-0.2,4,157,1097.0,1127.0
O27_N4P7_D1000_W10,official27_common.json,4.7,1000,10,2498,27,results/O27_N4P7_D1000_W10.txt,8,bottom,0.049,Min-Max,444.0,0.3,4,157,443.0,447.0
O27_N4P7_D1000_W10,official27_common.json,4.7,1000,10,2498,27,results/O27_N4P7_D1000_W10.txt,8,random,0.275,WCL,609.0,10.7,8,159,,
O27_N4P7_D1000_W10,official27_common.json,4.7,1000,10,2498,27,results/O27_N4P7_D1000_W10.txt,8,random,0.275,ABS,592.0,5.7,8,159,,
O27_N4P7_D1000_W10,official27_common.json,4.7,1000,10,2498,27,results/O27_N4P7_D1000_W10.txt,8,random,0.275,DIFF,1191.0,7.9,8,159,,
O27_N4P7_D1000_W10,official27_common.json,4.7,1000,10,2498,27,results/O27_N4P7_D1000_W10.txt,8,random,0.275,Min-Max,477.0,7.7,8,159,,
O27_N4P7_D5000_W10,official27_common.json,4.7,5000,10,2498,27,results/O27_N4P7_D5000_W10.txt,1,top,0.098,WCL,579.0,5.2,8,120,578.0,579.0
O27_N4P7_D5000_W10,official27_common.json,4.7,5000,10,2498,27,results/O27_N4P7_D5000_W10.txt,1,top,0.098,ABS,557.0,-0.6,8,120,553.0,563.0
O27_N4P7_D5000_W10,official27_common.json,4.7,5000,10,2498,27,results/O27_N4P7_D5000_W10.txt,1,top,0.098,DIFF,877.0,-20.5,8,120,844.0,1015.0
O27_N4P7_D5000_W10,official27_common.json,4.7,5000,10,2498,27,results/O27_N4P7_D5000_W10.txt,1,top,0.098,Min-Max,516.0,16.6,8,120,487.0,545.0
O27_N4P7_D5000_W10,official27_common.json,4.7,5000,10,2498,27,results/O27_N4P7_D5000_W10.txt,1,bottom,0.0,WCL,550.0,0.0,8,122,550.0,550.0
O27_N4P7_D5000_W10,official27_common.json,4.7,5000,10,2498,27,results/O27_N4P7_D5000_W10.txt,1,bottom,0.0,ABS,560.0,0.0,8,122,560.0,561.0
O27_N4P7_D5000_W10,official27_common.json,4.7,5000,10,2498,27,results/O27_N4P7_D5000_W10.txt,1,bottom,0.0,DIFF,1103.0,-0.1,8,122,1102.0,1105.0
O27_N4P7_D5000_W10,official27_common.json,4.7,5000,10,2498,27,results/O27_N4P7_D5000_W10.txt,1,bottom,0.0,Min-Max,443.0,0.0,8,122,443.0,443.0
O27_N4P7_D5000_W10,official27_common.json,4.7,5000,10,2498,27,results/O27_N4P7_D5000_W10.txt,1,random,0.035,WCL,553.0,0.4,8,124,,
O27_N4P7_D5000_W10,official27_common.json,4.7,5000,10,2498,27,results/O27_N4P7_D5000_W10.txt,1,random,0.035,ABS,560.0,-0.0,8,124,,
O27_N4P7_D5000_W10,official27_common.json,4.7,5000,10,2498,27,results/O27_N4P7_D5000_W10.txt,1,random,0.035,DIFF,1057.0,-4.2,8,124,,
O27_N4P7_D5000_W10,official27_common.json,4.7,5000,10,2498,27,results/O27_N4P7_D5000_W10.txt,1,random,0.035,Min-Max,445.0,0.5,8,124,,
O27_N4P7_D5000_W10,official27_common.json,4.7,5000,10,2498,27,results/O27_N4P7_D5000_W10.txt,2,top,0.187,WCL,561.0,1.9,8,125,560.0,561.0
O27_N4P7_D5000_W10,official27_common.json,4.7,5000,10,2498,27,results/O27_N4P7_D5000_W10.txt,2,top,0.187,ABS,541.0,-3.5,8,125,538.0,561.0
O27_N4P7_D5000_W10,official27_common.json,4.7,5000,10,2498,27,results/O27_N4P7_D5000_W10.txt,2,top,0.187,DIFF,808.0,-26.8,8,125,741.0,876.0
O27_N4P7_D5000_W10,official27_common.json,4.7,5000,10,2498,27,results/O27_N4P7_D5000_W10.txt,2,top,0.187,Min-Max,527.0,19.1,8,125,492.0,581.0
O27_N4P7_D5000_W10,official27_common.json,4.7,5000,10,2498,27,results/O27_N4P7_D5000_W10.txt,2,bottom,0.001,WCL,556.0,1.1,8,127,556.0,556.0
O27_N4P7_D5000_W10,official27_common.json,4.7,5000,10,2498,27,results/O27_N4P7_D5000_W10.txt,2,bottom,0.001,ABS,560.0,0.0,8,127,560.0,561.0
O27_N4P7_D5000_W10,official27_common.json,4.7,5000,10,2498,27,results/O27_N4P7_D5000_W10.txt,2,bottom,0.001,DIFF,1105.0,0.1,8,127,1102.0,1119.0
O27_N4P7_D5000_W10,official27_common.json,4.7,5000,10,2498,27,results/O27_N4P7_D5000_W10.txt,2,bottom,0.001,Min-Max,443.0,0.1,8,127,442.0,443.0
O27_N4P7_D5000_W10,official27_common.json,4.7,5000,10,2498,27,results/O27_N4P7_D5000_W10.txt,2,random,0.099,WCL,577.0,4.8,8,129,,
O27_N4P7_D5000_W10,official27_common.json,4.7,5000,10,2498,27,results/O27_N4P7_D5000_W10.txt,2,random,0.099,ABS,561.0,0.2,8,129,,
O27_N4P7_D5000_W10,official27_common.json,4.7,5000,10,2498,27,results/O27_N4P7_D5000_W10.txt,2,random,0.099,DIFF,823.0,-25.4,8,129,,
O27_N4P7_D5000_W10,official27_common.json,4.7,5000,10,2498,27,results/O27_N4P7_D5000_W10.txt,2,random,0.099,Min-Max,481.0,8.6,8,129,,
O27_N4P7_D5000_W10,official27_common.json,4.7,5000,10,2498,27,results/O27_N4P7_D5000_W10.txt,3,top,0.271,WCL,597.0,8.6,8,130,593.0,601.0
O27_N4P7_D5000_W10,official27_common.json,4.7,5000,10,2498,27,results/O27_N4P7_D5000_W10.txt,3,top,0.271,ABS,550.0,-1.9,8,130,533.0,584.0
O27_N4P7_D5000_W10,official27_common.json,4.7,5000,10,2498,27,results/O27_N4P7_D5000_W10.txt,3,top,0.271,DIFF,822.0,-25.5,8,130,762.0,882.0
O27_N4P7_D5000_W10,official27_common.json,4.7,5000,10,2498,27,results/O27_N4P7_D5000_W10.txt,3,top,0.271,Min-Max,555.0,25.4,8,130,531.0,580.0
O27_N4P7_D5000_W10,official27_common.json,4.7,5000,10,2498,27,results/O27_N4P7_D5000_W10.txt,3,bottom,0.003,WCL,559.0,1.7,8,132,559.0,559.0
O27_N4P7_D5000_W10,official27_common.json,4.7,5000,10,2498,27,results/O27_N4P7_D5000_W10.txt,3,bottom,0.003,ABS,561.0,0.1,8,132,560.0,561.0
O27_N4P7_D5000_W10,official27_common.json,4.7,5000,10,2498,27,results/O27_N4P7_D5000_W10.txt,3,bottom,0.003,DIFF,1122.0,1.6,8,132,1116.0,1124.0
O27_N4P7_D5000_W10,official27_common.json,4.7,5000,10,2498,27,results/O27_N4P7_D5000_W10.txt,3,bottom,0.003,Min-Max,443.0,0.2,8,132,442.0,444.0
O27_N4P7_D5000_W10,official27_common.json,4.7,5000,10,2498,27,results/O27_N4P7_D5000_W10.txt,3,random,0.116,WCL,587.0,6.7,8,134,,
O27_N4P7_D5000_W10,official27_common.json,4.7,5000,10,2498,27,results/O27_N4P7_D5000_W10.txt,3,random,0.116,ABS,569.0,1.6,8,134,,
O27_N4P7_D5000_W10,official27_common.json,4.7,5000,10,2498,27,results/O27_N4P7_D5000_W10.txt,3,random,0.116,DIFF,974.0,-11.7,8,134,,
O27_N4P7_D5000_W10,official27_common.json,4.7,5000,10,2498,27,results/O27_N4P7_D5000_W10.txt,3,random,0.116,Min-Max,509.0,15.0,8,134,,
O27_N4P7_D5000_W10,official27_common.json,4.7,5000,10,2498,27,results/O27_N4P7_D5000_W10.txt,4,top,0.346,WCL,678.0,23.2,8,135,672.0,683.0
O27_N4P7_D5000_W10,official27_common.json,4.7,5000,10,2498,27,results/O27_N4P7_D5000_W10.txt,4,top,0.346,ABS,582.0,3.9,8,135,560.0,637.0
O27_N4P7_D5000_W10,official27_common.json,4.7,5000,10,2498,27,results/O27_N4P7_D5000_W10.txt,4,top,0.346,DIFF,832.0,-24.7,8,135,793.0,1004.0
O27_N4P7_D5000_W10,official27_common.json,4.7,5000,10,2498,27,results/O27_N4P7_D5000_W10.txt,4,top,0.346,Min-Max,613.0,38.4,8,135,576.0,670.0
O27_N4P7_D5000_W10,official27_common.json,4.7,5000,10,2498,27,results/O27_N4P7_D5000_W10.txt,4,bottom,0.008,WCL,559.0,1.7,8,137,559.0,559.0
O27_N4P7_D5000_W10,official27_common.json,4.7,5000,10,2498,27,results/O27_N4P7_D5000_W10.txt,4,bottom,0.008,ABS,561.0,0.1,8,137,561.0,561.0
O27_N4P7_D5000_W10,official27_common.json,4.7,5000,10,2498,27,results/O27_N4P7_D5000_W10.txt,4,bottom,0.008,DIFF,1108.0,0.4,8,137,1102.0,1122.0
O27_N4P7_D5000_W10,official27_common.json,4.7,5000,10,2498,27,results/O27_N4P7_D5000_W10.txt,4,bottom,0.008,Min-Max,444.0,0.3,8,137,443.0,447.0
O27_N4P7_D5000_W10,official27_common.json,4.7,5000,10,2498,27,results/O27_N4P7_D5000_W10.txt,4,random,0.13,WCL,575.0,4.5,8,139,,
O27_N4P7_D5000_W10,official27_common.json,4.7,5000,10,2498,27,results/O27_N4P7_D5000_W10.txt,4,random,0.13,ABS,575.0,2.6,8,139,,
O27_N4P7_D5000_W10,official27_common.json,4.7,5000,10,2498,27,results/O27_N4P7_D5000_W10.txt,4,random,0.13,DIFF,946.0,-14.3,8,139,,
O27_N4P7_D5000_W10,official27_common.json,4.7,5000,10,2498,27,results/O27_N4P7_D5000_W10.txt,4,random,0.13,Min-Max,488.0,10.2,8,139,,
O27_N4P7_D5000_W10,official27_common.json,4.7,5000,10,2498,27,results/O27_N4P7_D5000_W10.txt,5,top,0.416,WCL,727.0,32.1,8,140,706.0,730.0
O27_N4P7_D5000_W10,official27_common.json,4.7,5000,10,2498,27,results/O27_N4P7_D5000_W10.txt,5,top,0.416,ABS,595.0,6.2,8,140,558.0,638.0
O27_N4P7_D5000_W10,official27_common.json,4.7,5000,10,2498,27,results/O27_N4P7_D5000_W10.txt,5,top,0.416,DIFF,827.0,-25.1,8,140,733.0,870.0
O27_N4P7_D5000_W10,official27_common.json,4.7,5000,10,2498,27,results/O27_N4P7_D5000_W10.txt,5,top,0.416,Min-Max,706.0,59.5,8,140,660.0,770.0
O27_N4P7_D5000_W10,official27_common.json,4.7,5000,10,2498,27,results/O27_N4P7_D5000_W10.txt,5,bottom,0.013,WCL,559.0,1.7,8,142,558.0,560.0
O27_N4P7_D5000_W10,official27_common.json,4.7,5000,10,2498,27,results/O27_N4P7_D5000_W10.txt,5,bottom,0.013,ABS,561.0,0.1,8,142,558.0,561.0
O27_N4P7_D5000_W10,official27_common.json,4.7,5000,10,2498,27,results/O27_N4P7_D5000_W10.txt,5,bottom,0.013,DIFF,1115.0,1.0,8,142,1092.0,1156.0
O27_N4P7_D5000_W10,official27_common.json,4.7,5000,10,2498,27,results/O27_N4P7_D5000_W10.txt,5,bottom,0.013,Min-Max,444.0,0.2,8,142,443.0,449.0
O27_N4P7_D5000_W10,official27_common.json,4.7,5000,10,2498,27,results/O27_N4P7_D5000_W10.txt,5,random,0.244,WCL,621.0,12.8,8,144,,
O27_N4P7_D5000_W10,official27_common.json,4.7,5000,10,2498,27,results/O27_N4P7_D5000_W10.txt,5,random,0.244,ABS,597.0,6.6,8,144,,
O27_N4P7_D5000_W10,official27_common.json,4.7,5000,10,2498,27,results/O27_N4P7_D5000_W10.txt,5,random,0.244,DIFF,878.0,-20.5,8,144,,
O27_N4P7_D5000_W10,official27_common.json,4.7,5000,10,2498,27,results/O27_N4P7_D5000_W10.txt,5,random,0.244,Min-Max,576.0,30.0,8,144,,
O27_N4P7_D5000_W10,official27_common.json,4.7,5000,10,2498,27,results/O27_N4P7_D5000_W10.txt,6,top,0.483,WCL,721.0,31.1,8,145,707.0,733.0
O27_N4P7_D5000_W10,official27_common.json,4.7,5000,10,2498,27,results/O27_N4P7_D5000_W10.txt,6,top,0.483,ABS,602.0,7.5,8,145,566.0,623.0
O27_N4P7_D5000_W10,official27_common.json,4.7,5000,10,2498,27,results/O27_N4P7_D5000_W10.txt,6,top,0.483,DIFF,833.0,-24.5,8,145,764.0,881.0
O27_N4P7_D5000_W10,official27_common.json,4.7,5000,10,2498,27,results/O27_N4P7_D5000_W10.txt,6,top,0.483,Min-Max,712.0,60.9,8,145,668.0,800.0
O27_N4P7_D5000_W10,official27_common.json,4.7,5000,10,2498,27,results/O27_N4P7_D5000_W10.txt,6,bottom,0.022,WCL,559.0,1.7,8,147,556.0,560.0
O27_N4P7_D5000_W10,official27_common.json,4.7,5000,10,2498,27,results/O27_N4P7_D5000_W10.txt,6,bottom,0.022,ABS,560.0,0.0,8,147,557.0,562.0
O27_N4P7_D5000_W10,official27_common.json,4.7,5000,10,2498,27,results/O27_N4P7_D5000_W10.txt,6,bottom,0.022,DIFF,1113.0,0.8,8,147,1085.0,1135.0
O27_N4P7_D5000_W10,official27_common.json,4.7,5000,10,2498,27,results/O27_N4P7_D5000_W10.txt,6,bottom,0.022,Min-Max,448.0,1.3,8,147,445.0,450.0
O27_N4P7_D5000_W10,official27_common.json,4.7,5000,10,2498,27,results/O27_N4P7_D5000_W10.txt,6,random,0.202,WCL,623.0,13.2,8,149,,
O27_N4P7_D5000_W10,official27_common.json,4.7,5000,10,2498,27,results/O27_N4P7_D5000_W10.txt,6,random,0.202,ABS,589.0,5.1,8,149,,
O27_N4P7_D5000_W10,official27_common.json,4.7,5000,10,2498,27,results/O27_N4P7_D5000_W10.txt,6,random,0.202,DIFF,897.0,-18.7,8,149,,
O27_N4P7_D5000_W10,official27_common.json,4.7,5000,10,2498,27,results/O27_N4P7_D5000_W10.txt,6,random,0.202,Min-Max,554.0,25.1,8,149,,
O27_N4P7_D5000_W10,official27_common.json,4.7,5000,10,2498,27,results/O27_N4P7_D5000_W10.txt,7,top,0.54,WCL,1420.0,158.1,8,150,1336.0,1468.0
O27_N4P7_D5000_W10,official27_common.json,4.7,5000,10,2498,27,results/O27_N4P7_D5000_W10.txt,7,top,0.54,ABS,934.0,66.7,8,150,878.0,1021.0
O27_N4P7_D5000_W10,official27_common.json,4.7,5000,10,2498,27,results/O27_N4P7_D5000_W10.txt,7,top,0.54,DIFF,1306.0,18.3,8,150,1133.0,1441.0
O27_N4P7_D5000_W10,official27_common.json,4.7,5000,10,2498,27,results/O27_N4P7_D5000_W10.txt,7,top,0.54,Min-Max,1237.0,179.4,8,150,1176.0,1299.0
O27_N4P7_D5000_W10,official27_common.json,4.7,5000,10,2498,27,results/O27_N4P7_D5000_W10.txt,7,bottom,0.036,WCL,560.0,1.7,8,152,559.0,560.0
O27_N4P7_D5000_W10,official27_common.json,4.7,5000,10,2498,27,results/O27_N4P7_D5000_W10.txt,7,bottom,0.036,ABS,561.0,0.2,8,152,560.0,563.0
O27_N4P7_D5000_W10,official27_common.json,4.7,5000,10,2498,27,results/O27_N4P7_D5000_W10.txt,7,bottom,0.036,DIFF,1070.0,-3.0,8,152,1049.0,1119.0
O27_N4P7_D5000_W10,official27_common.json,4.7,5000,10,2498,27,results/O27_N4P7_D5000_W10.txt,7,bottom,0.036,Min-Max,445.0,0.6,8,152,443.0,453.0
O27_N4P7_D5000_W10,official27_common.json,4.7,5000,10,2498,27,results/O27_N4P7_D5000_W10.txt,7,random,0.251,WCL,623.0,13.2,8,154,,
O27_N4P7_D5000_W10,official27_common.json,4.7,5000,10,2498,27,results/O27_N4P7_D5000_W10.txt,7,random,0.251,ABS,591.0,5.5,8,154,,
O27_N4P7_D5000_W10,official27_common.json,4.7,5000,10,2498,27,results/O27_N4P7_D5000_W10.txt,7,random,0.251,DIFF,930.0,-15.7,8,154,,
O27_N4P7_D5000_W10,official27_common.json,4.7,5000,10,2498,27,results/O27_N4P7_D5000_W10.txt,7,random,0.251,Min-Max,525.0,18.6,8,154,,
O27_N4P7_D5000_W10,official27_common.json,4.7,5000,10,2498,27,results/O27_N4P7_D5000_W10.txt,8,top,0.59,WCL,1334.0,142.5,8,155,1261.0,1452.0
O27_N4P7_D5000_W10,official27_common.json,4.7,5000,10,2498,27,results/O27_N4P7_D5000_W10.txt,8,top,0.59,ABS,939.0,67.6,8,155,851.0,991.0
O27_N4P7_D5000_W10,official27_common.json,4.7,5000,10,2498,27,results/O27_N4P7_D5000_W10.txt,8,top,0.59,DIFF,1205.0,9.1,8,155,1161.0,1300.0
O27_N4P7_D5000_W10,official27_common.json,4.7,5000,10,2498,27,results/O27_N4P7_D5000_W10.txt,8,top,0.59,Min-Max,1099.0,148.3,8,155,936.0,1402.0
O27_N4P7_D5000_W10,official27_common.json,4.7,5000,10,2498,27,results/O27_N4P7_D5000_W10.txt,8,bottom,0.049,WCL,561.0,1.9,8,157,560.0,561.0
O27_N4P7_D5000_W10,official27_common.json,4.7,5000,10,2498,27,results/O27_N4P7_D5000_W10.txt,8,bottom,0.049,ABS,562.0,0.3,8,157,557.0,564.0
O27_N4P7_D5000_W10,official27_common.json,4.7,5000,10,2498,27,results/O27_N4P7_D5000_W10.txt,8,bottom,0.049,DIFF,1053.0,-4.6,8,157,1022.0,1098.0
O27_N4P7_D5000_W10,official27_common.json,4.7,5000,10,2498,27,results/O27_N4P7_D5000_W10.txt,8,bottom,0.049,Min-Max,450.0,1.8,8,157,445.0,455.0
O27_N4P7_D5000_W10,official27_common.json,4.7,5000,10,2498,27,results/O27_N4P7_D5000_W10.txt,8,random,0.275,WCL,661.0,20.1,8,159,,
O27_N4P7_D5000_W10,official27_common.json,4.7,5000,10,2498,27,results/O27_N4P7_D5000_W10.txt,8,random,0.275,ABS,611.0,9.1,8,159,,
O27_N4P7_D5000_W10,official27_common.json,4.7,5000,10,2498,27,results/O27_N4P7_D5000_W10.txt,8,random,0.275,DIFF,960.0,-13.0,8,159,,
O27_N4P7_D5000_W10,official27_common.json,4.7,5000,10,2498,27,results/O27_N4P7_D5000_W10.txt,8,random,0.275,Min-Max,580.0,31.0,8,159,,
O27_N4P7_D5000_W10,official27_common.json,4.7,5000,10,2498,27,results/O27_N4P7_D5000_W10.txt,9,top,0.639,WCL,1289.0,134.2,8,160,1247.0,1377.0
O27_N4P7_D5000_W10,official27_common.json,4.7,5000,10,2498,27,results/O27_N4P7_D5000_W10.txt,9,top,0.639,ABS,923.0,64.7,8,160,895.0,1026.0
O27_N4P7_D5000_W10,official27_common.json,4.7,5000,10,2498,27,results/O27_N4P7_D5000_W10.txt,9,top,0.639,DIFF,1219.0,10.4,8,160,1150.0,1353.0
O27_N4P7_D5000_W10,official27_common.json,4.7,5000,10,2498,27,results/O27_N4P7_D5000_W10.txt,9,top,0.639,Min-Max,1074.0,142.6,8,160,880.0,1216.0
O27_N4P7_D5000_W10,official27_common.json,4.7,5000,10,2498,27,results/O27_N4P7_D5000_W10.txt,9,bottom,0.067,WCL,562.0,2.1,8,162,560.0,565.0
O27_N4P7_D5000_W10,official27_common.json,4.7,5000,10,2498,27,results/O27_N4P7_D5000_W10.txt,9,bottom,0.067,ABS,558.0,-0.3,8,162,549.0,566.0
O27_N4P7_D5000_W10,official27_common.json,4.7,5000,10,2498,27,results/O27_N4P7_D5000_W10.txt,9,bottom,0.067,DIFF,1005.0,-9.0,8,162,919.0,1041.0
O27_N4P7_D5000_W10,official27_common.json,4.7,5000,10,2498,27,results/O27_N4P7_D5000_W10.txt,9,bottom,0.067,Min-Max,453.0,2.3,8,162,446.0,457.0
O27_N4P7_D5000_W10,official27_common.json,4.7,5000,10,2498,27,results/O27_N4P7_D5000_W10.txt,9,random,0.321,WCL,698.0,26.8,8,164,,
O27_N4P7_D5000_W10,official27_common.json,4.7,5000,10,2498,27,results/O27_N4P7_D5000_W10.txt,9,random,0.321,ABS,695.0,24.1,8,164,,
O27_N4P7_D5000_W10,official27_common.json,4.7,5000,10,2498,27,results/O27_N4P7_D5000_W10.txt,9,random,0.321,DIFF,970.0,-12.1,8,164,,
O27_N4P7_D5000_W10,official27_common.json,4.7,5000,10,2498,27,results/O27_N4P7_D5000_W10.txt,9,random,0.321,Min-Max,637.0,44.0,8,164,,
O27_N4P7_D5000_W10,official27_common.json,4.7,5000,10,2498,27,results/O27_N4P7_D5000_W10.txt,10,top,0.684,WCL,1691.0,207.5,8,165,1540.0,1951.0
O27_N4P7_D5000_W10,official27_common.json,4.7,5000,10,2498,27,results/O27_N4P7_D5000_W10.txt,10,top,0.684,ABS,1044.0,86.3,8,165,937.0,1186.0
O27_N4P7_D5000_W10,official27_common.json,4.7,5000,10,2498,27,results/O27_N4P7_D5000_W10.txt,10,top,0.684,DIFF,1453.0,31.6,8,165,1226.0,1564.0
O27_N4P7_D5000_W10,official27_common.json,4.7,5000,10,2498,27,results/O27_N4P7_D5000_W10.txt,10,top,0.684,Min-Max,1274.0,187.7,8,165,1063.0,1539.0
O27_N4P7_D5000_W10,official27_common.json,4.7,5000,10,2498,27,results/O27_N4P7_D5000_W10.txt,10,bottom,0.088,WCL,568.0,3.2,8,167,565.0,569.0
O27_N4P7_D5000_W10,official27_common.json,4.7,5000,10,2498,27,results/O27_N4P7_D5000_W10.txt,10,bottom,0.088,ABS,567.0,1.2,8,167,559.0,573.0
O27_N4P7_D5000_W10,official27_common.json,4.7,5000,10,2498,27,results/O27_N4P7_D5000_W10.txt,10,bottom,0.088,DIFF,982.0,-11.1,8,167,942.0,1079.0
O27_N4P7_D5000_W10,official27_common.json,4.7,5000,10,2498,27,results/O27_N4P7_D5000_W10.txt,10,bottom,0.088,Min-Max,465.0,5.0,8,167,449.0,470.0
O27_N4P7_D5000_W10,official27_common.json,4.7,5000,10,2498,27,results/O27_N4P7_D5000_W10.txt,10,random,0.452,WCL,820.0,49.1,8,169,,
O27_N4P7_D5000_W10,official27_common.json,4.7,5000,10,2498,27,results/O27_N4P7_D5000_W10.txt,10,random,0.452,ABS,671.0,19.7,8,169,,
O27_N4P7_D5000_W10,official27_common.json,4.7,5000,10,2498,27,results/O27_N4P7_D5000_W10.txt,10,random,0.452,DIFF,872.0,-21.0,8,169,,
O27_N4P7_D5000_W10,official27_common.json,4.7,5000,10,2498,27,results/O27_N4P7_D5000_W10.txt,10,random,0.452,Min-Max,668.0,50.8,8,169,,
O27_N4P7_D5000_W10,official27_common.json,4.7,5000,10,2498,27,results/O27_N4P7_D5000_W10.txt,11,top,0.727,WCL,1737.0,215.7,8,170,1389.0,1978.0
O27_N4P7_D5000_W10,official27_common.json,4.7,5000,10,2498,27,results/O27_N4P7_D5000_W10.txt,11,top,0.727,ABS,1053.0,88.0,8,170,970.0,1296.0
O27_N4P7_D5000_W10,official27_common.json,4.7,5000,10,2498,27,results/O27_N4P7_D5000_W10.txt,11,top,0.727,DIFF,1331.0,20.6,8,170,1279.0,1717.0
O27_N4P7_D5000_W10,official27_common.json,4.7,5000,10,2498,27,results/O27_N4P7_D5000_W10.txt,11,top,0.727,Min-Max,1327.0,199.9,8,170,1082.0,1424.0
O27_N4P7_D5000_W10,official27_common.json,4.7,5000,10,2498,27,results/O27_N4P7_D5000_W10.txt,11,bottom,0.109,WCL,578.0,5.1,8,172,573.0,579.0
O27_N4P7_D5000_W10,official27_common.json,4.7,5000,10,2498,27,results/O27_N4P7_D5000_W10.txt,11,bottom,0.109,ABS,560.0,0.0,8,172,556.0,568.0
O27_N4P7_D5000_W10,official27_common.json,4.7,5000,10,2498,27,results/O27_N4P7_D5000_W10.txt,11,bottom,0.109,DIFF,943.0,-14.6,8,172,912.0,987.0
O27_N4P7_D5000_W10,official27_common.json,4.7,5000,10,2498,27,results/O27_N4P7_D5000_W10.txt,11,bottom,0.109,Min-Max,470.0,6.2,8,172,464.0,477.0
O27_N4P7_D5000_W10,official27_common.json,4.7,5000,10,2498,27,results/O27_N4P7_D5000_W10.txt,11,random,0.405,WCL,781.0,41.9,8,174,,
O27_N4P7_D5000_W10,official27_common.json,4.7,5000,10,2498,27,results/O27_N4P7_D5000_W10.txt,11,random,0.405,ABS,663.0,18.3,8,174,,
O27_N4P7_D5000_W10,official27_common.json,4.7,5000,10,2498,27,results/O27_N4P7_D5000_W10.txt,11,random,0.405,DIFF,881.0,-20.2,8,174,,
O27_N4P7_D5000_W10,official27_common.json,4.7,5000,10,2498,27,results/O27_N4P7_D5000_W10.txt,11,random,0.405,Min-Max,664.0,50.1,8,174,,
O27_N4P7_D5000_W10,official27_common.json,4.7,5000,10,2498,27,results/O27_N4P7_D5000_W10.txt,12,top,0.77,WCL,1829.0,232.5,8,175,1587.0,2127.0
O27_N4P7_D5000_W10,official27_common.json,4.7,5000,10,2498,27,results/O27_N4P7_D5000_W10.txt,12,top,0.77,ABS,1129.0,101.5,8,175,1060.0,1196.0
O27_N4P7_D5000_W10,official27_common.json,4.7,5000,10,2498,27,results/O27_N4P7_D5000_W10.txt,12,top,0.77,DIFF,1445.0,30.9,8,175,1333.0,1714.0
O27_N4P7_D5000_W10,official27_common.json,4.7,5000,10,2498,27,results/O27_N4P7_D5000_W10.txt,12,top,0.77,Min-Max,1209.0,173.2,8,175,1092.0,1696.0
O27_N4P7_D5000_W10,official27_common.json,4.7,5000,10,2498,27,results/O27_N4P7_D5000_W10.txt,12,bottom,0.135,WCL,627.0,14.0,8,177,621.0,628.0
O27_N4P7_D5000_W10,official27_common.json,4.7,5000,10,2498,27,results/O27_N4P7_D5000_W10.txt,12,bottom,0.135,ABS,582.0,3.8,8,177,575.0,589.0
O27_N4P7_D5000_W10,official27_common.json,4.7,5000,10,2498,27,results/O27_N4P7_D5000_W10.txt,12,bottom,0.135,DIFF,950.0,-14.0,8,177,902.0,1058.0
O27_N4P7_D5000_W10,official27_common.json,4.7,5000,10,2498,27,results/O27_N4P7_D5000_W10.txt,12,bottom,0.135,Min-Max,501.0,13.2,8,177,479.0,507.0
O27_N4P7_D5000_W10,official27_common.json,4.7,5000,10,2498,27,results/O27_N4P7_D5000_W10.txt,12,random,0.461,WCL,800.0,45.4,8,179,,
O27_N4P7_D5000_W10,official27_common.json,4.7,5000,10,2498,27,results/O27_N4P7_D5000_W10.txt,12,random,0.461,ABS,638.0,13.8,8,179,,
O27_N4P7_D5000_W10,official27_common.json,4.7,5000,10,2498,27,results/O27_N4P7_D5000_W10.txt,12,random,0.461,DIFF,887.0,-19.6,8,179,,
O27_N4P7_D5000_W10,official27_common.json,4.7,5000,10,2498,27,results/O27_N4P7_D5000_W10.txt,12,random,0.461,Min-Max,711.0,60.6,8,179,,
O27_N4P7_D5000_W10,official27_common.json,4.7,5000,10,2498,27,results/O27_N4P7_D5000_W10.txt,13,top,0.812,WCL,2518.0,357.6,8,180,1805.0,3010.0
O27_N4P7_D5000_W10,official27_common.json,4.7,5000,10,2498,27,results/O27_N4P7_D5000_W10.txt,13,top,0.812,ABS,1194.0,113.2,8,180,1118.0,1417.0
O27_N4P7_D5000_W10,official27_common.json,4.7,5000,10,2498,27,results/O27_N4P7_D5000_W10.txt,13,top,0.812,DIFF,1546.0,40.0,8,180,1407.0,1834.0
O27_N4P7_D5000_W10,official27_common.json,4.7,5000,10,2498,27,results/O27_N4P7_D5000_W10.txt,13,top,0.812,Min-Max,1568.0,254.2,8,180,1055.0,2014.0
O27_N4P7_D5000_W10,official27_common.json,4.7,5000,10,2498,27,results/O27_N4P7_D5000_W10.txt,13,bottom,0.161,WCL,625.0,13.6,8,182,620.0,627.0
O27_N4P7_D5000_W10,official27_common.json,4.7,5000,10,2498,27,results/O27_N4P7_D5000_W10.txt,13,bottom,0.161,ABS,590.0,5.3,8,182,586.0,599.0
O27_N4P7_D5000_W10,official27_common.json,4.7,5000,10,2498,27,results/O27_N4P7_D5000_W10.txt,13,bottom,0.161,DIFF,938.0,-15.0,8,182,908.0,1041.0
O27_N4P7_D5000_W10,official27_common.json,4.7,5000,10,2498,27,results/O27_N4P7_D5000_W10.txt,13,bottom,0.161,Min-Max,503.0,13.6,8,182,489.0,513.0
O27_N4P7_D5000_W10,official27_common.json,4.7,5000,10,2498,27,results/O27_N4P7_D5000_W10.txt,13,random,0.431,WCL,719.0,30.7,8,184,,
O27_N4P7_D5000_W10,official27_common.json,4.7,5000,10,2498,27,results/O27_N4P7_D5000_W10.txt,13,random,0.431,ABS,655.0,16.9,8,184,,
O27_N4P7_D5000_W10,official27_common.json,4.7,5000,10,2498,27,results/O27_N4P7_D5000_W10.txt,13,random,0.431,DIFF,862.0,-21.9,8,184,,
O27_N4P7_D5000_W10,official27_common.json,4.7,5000,10,2498,27,results/O27_N4P7_D5000_W10.txt,13,random,0.431,Min-Max,658.0,48.7,8,184,,
O27_N4P7_D5000_W10,official27_common.json,4.7,5000,10,2498,27,results/O27_N4P7_D5000_W10.txt,14,top,0.839,WCL,2595.0,371.7,8,185,2265.0,3152.0
O27_N4P7_D5000_W10,official27_common.json,4.7,5000,10,2498,27,results/O27_N4P7_D5000_W10.txt,14,top,0.839,ABS,1277.0,127.9,8,185,1212.0,1408.0
O27_N4P7_D5000_W10,official27_common.json,4.7,5000,10,2498,27,results/O27_N4P7_D5000_W10.txt,14,top,0.839,DIFF,1680.0,52.1,8,185,1407.0,1862.0
O27_N4P7_D5000_W10,official27_common.json,4.7,5000,10,2498,27,results/O27_N4P7_D5000_W10.txt,14,top,0.839,Min-Max,1561.0,252.6,8,185,1354.0,1822.0
O27_N4P7_D5000_W10,official27_common.json,4.7,5000,10,2498,27,results/O27_N4P7_D5000_W10.txt,14,bottom,0.188,WCL,634.0,15.2,8,187,631.0,635.0
O27_N4P7_D5000_W10,official27_common.json,4.7,5000,10,2498,27,results/O27_N4P7_D5000_W10.txt,14,bottom,0.188,ABS,586.0,4.6,8,187,581.0,601.0
O27_N4P7_D5000_W10,official27_common.json,4.7,5000,10,2498,27,results/O27_N4P7_D5000_W10.txt,14,bottom,0.188,DIFF,927.0,-16.0,8,187,879.0,963.0
O27_N4P7_D5000_W10,official27_common.json,4.7,5000,10,2498,27,results/O27_N4P7_D5000_W10.txt,14,bottom,0.188,Min-Max,504.0,13.9,8,187,494.0,531.0
O27_N4P7_D5000_W10,official27_common.json,4.7,5000,10,2498,27,results/O27_N4P7_D5000_W10.txt,14,random,0.51,WCL,871.0,58.3,8,189,,
O27_N4P7_D5000_W10,official27_common.json,4.7,5000,10,2498,27,results/O27_N4P7_D5000_W10.txt,14,random,0.51,ABS,693.0,23.7,8,189,,
O27_N4P7_D5000_W10,official27_common.json,4.7,5000,10,2498,27,results/O27_N4P7_D5000_W10.txt,14,random,0.51,DIFF,897.0,-18.8,8,189,,
O27_N4P7_D5000_W10,official27_common.json,4.7,5000,10,2498,27,results/O27_N4P7_D5000_W10.txt,14,random,0.51,Min-Max,739.0,67.1,8,189,,
O32M71_N4P7_D1000_W10,official32_minus71.json,4.7,1000,10,2498,32,results/O32M71_N4P7_D1000_W10.txt,1,top,0.094,WCL,617.0,3.9,4,120,613.0,620.0
O32M71_N4P7_D1000_W10,official32_minus71.json,4.7,1000,10,2498,32,results/O32M71_N4P7_D1000_W10.txt,1,top,0.094,ABS,577.0,3.9,4,120,547.0,608.0
O32M71_N4P7_D1000_W10,official32_minus71.json,4.7,1000,10,2498,32,results/O32M71_N4P7_D1000_W10.txt,1,top,0.094,DIFF,1044.0,-3.6,4,120,1013.0,1059.0
O32M71_N4P7_D1000_W10,official32_minus71.json,4.7,1000,10,2498,32,results/O32M71_N4P7_D1000_W10.txt,1,top,0.094,Min-Max,503.0,5.1,4,120,487.0,529.0
O32M71_N4P7_D1000_W10,official32_minus71.json,4.7,1000,10,2498,32,results/O32M71_N4P7_D1000_W10.txt,1,bottom,0.001,WCL,594.0,0.0,4,122,594.0,594.0
O32M71_N4P7_D1000_W10,official32_minus71.json,4.7,1000,10,2498,32,results/O32M71_N4P7_D1000_W10.txt,1,bottom,0.001,ABS,556.0,0.0,4,122,556.0,556.0
O32M71_N4P7_D1000_W10,official32_minus71.json,4.7,1000,10,2498,32,results/O32M71_N4P7_D1000_W10.txt,1,bottom,0.001,DIFF,1083.0,0.0,4,122,1083.0,1083.0
O32M71_N4P7_D1000_W10,official32_minus71.json,4.7,1000,10,2498,32,results/O32M71_N4P7_D1000_W10.txt,1,bottom,0.001,Min-Max,479.0,0.0,4,122,479.0,479.0
O32M71_N4P7_D1000_W10,official32_minus71.json,4.7,1000,10,2498,32,results/O32M71_N4P7_D1000_W10.txt,1,random,0.045,WCL,595.0,0.2,8,124,,
O32M71_N4P7_D1000_W10,official32_minus71.json,4.7,1000,10,2498,32,results/O32M71_N4P7_D1000_W10.txt,1,random,0.045,ABS,553.0,-0.5,8,124,,
O32M71_N4P7_D1000_W10,official32_minus71.json,4.7,1000,10,2498,32,results/O32M71_N4P7_D1000_W10.txt,1,random,0.045,DIFF,1070.0,-1.2,8,124,,
O32M71_N4P7_D1000_W10,official32_minus71.json,4.7,1000,10,2498,32,results/O32M71_N4P7_D1000_W10.txt,1,random,0.045,Min-Max,479.0,-0.1,8,124,,
O32M71_N4P7_D1000_W10,official32_minus71.json,4.7,1000,10,2498,32,results/O32M71_N4P7_D1000_W10.txt,2,top,0.177,WCL,656.0,10.4,4,125,591.0,796.0
O32M71_N4P7_D1000_W10,official32_minus71.json,4.7,1000,10,2498,32,results/O32M71_N4P7_D1000_W10.txt,2,top,0.177,ABS,607.0,9.2,4,125,578.0,654.0
O32M71_N4P7_D1000_W10,official32_minus71.json,4.7,1000,10,2498,32,results/O32M71_N4P7_D1000_W10.txt,2,top,0.177,DIFF,1071.0,-1.0,4,125,980.0,1151.0
O32M71_N4P7_D1000_W10,official32_minus71.json,4.7,1000,10,2498,32,results/O32M71_N4P7_D1000_W10.txt,2,top,0.177,Min-Max,549.0,14.7,4,125,512.0,619.0
O32M71_N4P7_D1000_W10,official32_minus71.json,4.7,1000,10,2498,32,results/O32M71_N4P7_D1000_W10.txt,2,bottom,0.002,WCL,594.0,0.0,4,127,594.0,594.0
O32M71_N4P7_D1000_W10,official32_minus71.json,4.7,1000,10,2498,32,results/O32M71_N4P7_D1000_W10.txt,2,bottom,0.002,ABS,556.0,0.0,4,127,556.0,556.0
O32M71_N4P7_D1000_W10,official32_minus71.json,4.7,1000,10,2498,32,results/O32M71_N4P7_D1000_W10.txt,2,bottom,0.002,DIFF,1083.0,0.0,4,127,1083.0,1083.0
O32M71_N4P7_D1000_W10,official32_minus71.json,4.7,1000,10,2498,32,results/O32M71_N4P7_D1000_W10.txt,2,bottom,0.002,Min-Max,479.0,0.0,4,127,479.0,479.0
O32M71_N4P7_D1000_W10,official32_minus71.json,4.7,1000,10,2498,32,results/O32M71_N4P7_D1000_W10.txt,2,random,0.05,WCL,597.0,0.6,8,129,,
O32M71_N4P7_D1000_W10,official32_minus71.json,4.7,1000,10,2498,32,results/O32M71_N4P7_D1000_W10.txt,2,random,0.05,ABS,557.0,0.3,8,129,,
O32M71_N4P7_D1000_W10,official32_minus71.json,4.7,1000,10,2498,32,results/O32M71_N4P7_D1000_W10.txt,2,random,0.05,DIFF,1089.0,0.6,8,129,,
O32M71_N4P7_D1000_W10,official32_minus71.json,4.7,1000,10,2498,32,results/O32M71_N4P7_D1000_W10.txt,2,random,0.05,Min-Max,479.0,0.1,8,129,,
O32M71_N4P7_D1000_W10,official32_minus71.json,4.7,1000,10,2498,32,results/O32M71_N4P7_D1000_W10.txt,3,top,0.253,WCL,759.0,27.9,4,130,726.0,786.0
O32M71_N4P7_D1000_W10,official32_minus71.json,4.7,1000,10,2498,32,results/O32M71_N4P7_D1000_W10.txt,3,top,0.253,ABS,625.0,12.6,4,130,591.0,668.0
O32M71_N4P7_D1000_W10,official32_minus71.json,4.7,1000,10,2498,32,results/O32M71_N4P7_D1000_W10.txt,3,top,0.253,DIFF,1048.0,-3.2,4,130,1019.0,1169.0
O32M71_N4P7_D1000_W10,official32_minus71.json,4.7,1000,10,2498,32,results/O32M71_N4P7_D1000_W10.txt,3,top,0.253,Min-Max,571.0,19.2,4,130,553.0,592.0
O32M71_N4P7_D1000_W10,official32_minus71.json,4.7,1000,10,2498,32,results/O32M71_N4P7_D1000_W10.txt,3,bottom,0.003,WCL,595.0,0.1,4,132,594.0,595.0
O32M71_N4P7_D1000_W10,official32_minus71.json,4.7,1000,10,2498,32,results/O32M71_N4P7_D1000_W10.txt,3,bottom,0.003,ABS,558.0,0.3,4,132,557.0,558.0
O32M71_N4P7_D1000_W10,official32_minus71.json,4.7,1000,10,2498,32,results/O32M71_N4P7_D1000_W10.txt,3,bottom,0.003,DIFF,1094.0,1.0,4,132,1093.0,1094.0
O32M71_N4P7_D1000_W10,official32_minus71.json,4.7,1000,10,2498,32,results/O32M71_N4P7_D1000_W10.txt,3,bottom,0.003,Min-Max,479.0,0.0,4,132,479.0,479.0
O32M71_N4P7_D1000_W10,official32_minus71.json,4.7,1000,10,2498,32,results/O32M71_N4P7_D1000_W10.txt,3,random,0.086,WCL,602.0,1.3,8,134,,
O32M71_N4P7_D1000_W10,official32_minus71.json,4.7,1000,10,2498,32,results/O32M71_N4P7_D1000_W10.txt,3,random,0.086,ABS,571.0,2.8,8,134,,
O32M71_N4P7_D1000_W10,official32_minus71.json,4.7,1000,10,2498,32,results/O32M71_N4P7_D1000_W10.txt,3,random,0.086,DIFF,1082.0,-0.1,8,134,,
O32M71_N4P7_D1000_W10,official32_minus71.json,4.7,1000,10,2498,32,results/O32M71_N4P7_D1000_W10.txt,3,random,0.086,Min-Max,484.0,1.0,8,134,,
O32M71_N4P7_D1000_W10,official32_minus71.json,4.7,1000,10,2498,32,results/O32M71_N4P7_D1000_W10.txt,4,top,0.322,WCL,661.0,11.3,4,135,563.0,762.0
O32M71_N4P7_D1000_W10,official32_minus71.json,4.7,1000,10,2498,32,results/O32M71_N4P7_D1000_W10.txt,4,top,0.322,ABS,623.0,12.1,4,135,577.0,730.0
O32M71_N4P7_D1000_W10,official32_minus71.json,4.7,1000,10,2498,32,results/O32M71_N4P7_D1000_W10.txt,4,top,0.322,DIFF,1090.0,0.6,4,135,976.0,1158.0
O32M71_N4P7_D1000_W10,official32_minus71.json,4.7,1000,10,2498,32,results/O32M71_N4P7_D1000_W10.txt,4,top,0.322,Min-Max,538.0,12.3,4,135,491.0,598.0
O32M71_N4P7_D1000_W10,official32_minus71.json,4.7,1000,10,2498,32,results/O32M71_N4P7_D1000_W10.txt,4,bottom,0.004,WCL,594.0,0.1,4,137,594.0,595.0
O32M71_N4P7_D1000_W10,official32_minus71.json,4.7,1000,10,2498,32,results/O32M71_N4P7_D1000_W10.txt,4,bottom,0.004,ABS,558.0,0.4,4,137,558.0,558.0
O32M71_N4P7_D1000_W10,official32_minus71.json,4.7,1000,10,2498,32,results/O32M71_N4P7_D1000_W10.txt,4,bottom,0.004,DIFF,1093.0,0.9,4,137,1092.0,1093.0
O32M71_N4P7_D1000_W10,official32_minus71.json,4.7,1000,10,2498,32,results/O32M71_N4P7_D1000_W10.txt,4,bottom,0.004,Min-Max,479.0,0.0,4,137,479.0,479.0
O32M71_N4P7_D1000_W10,official32_minus71.json,4.7,1000,10,2498,32,results/O32M71_N4P7_D1000_W10.txt,4,random,0.088,WCL,598.0,0.7,8,139,,
O32M71_N4P7_D1000_W10,official32_minus71.json,4.7,1000,10,2498,32,results/O32M71_N4P7_D1000_W10.txt,4,random,0.088,ABS,562.0,1.2,8,139,,
O32M71_N4P7_D1000_W10,official32_minus71.json,4.7,1000,10,2498,32,results/O32M71_N4P7_D1000_W10.txt,4,random,0.088,DIFF,1145.0,5.7,8,139,,
O32M71_N4P7_D1000_W10,official32_minus71.json,4.7,1000,10,2498,32,results/O32M71_N4P7_D1000_W10.txt,4,random,0.088,Min-Max,482.0,0.6,8,139,,
O32M71_N4P7_D1000_W10,official32_minus71.json,4.7,1000,10,2498,32,results/O32M71_N4P7_D1000_W10.txt,5,top,0.389,WCL,730.0,23.0,4,140,654.0,762.0
O32M71_N4P7_D1000_W10,official32_minus71.json,4.7,1000,10,2498,32,results/O32M71_N4P7_D1000_W10.txt,5,top,0.389,ABS,661.0,19.0,4,140,599.0,700.0
O32M71_N4P7_D1000_W10,official32_minus71.json,4.7,1000,10,2498,32,results/O32M71_N4P7_D1000_W10.txt,5,top,0.389,DIFF,1116.0,3.1,4,140,1029.0,1270.0
O32M71_N4P7_D1000_W10,official32_minus71.json,4.7,1000,10,2498,32,results/O32M71_N4P7_D1000_W10.txt,5,top,0.389,Min-Max,597.0,24.7,4,140,549.0,616.0
O32M71_N4P7_D1000_W10,official32_minus71.json,4.7,1000,10,2498,32,results/O32M71_N4P7_D1000_W10.txt,5,bottom,0.009,WCL,595.0,0.1,4,142,594.0,595.0
O32M71_N4P7_D1000_W10,official32_minus71.json,4.7,1000,10,2498,32,results/O32M71_N4P7_D1000_W10.txt,5,bottom,0.009,ABS,557.0,0.3,4,142,557.0,558.0
O32M71_N4P7_D1000_W10,official32_minus71.json,4.7,1000,10,2498,32,results/O32M71_N4P7_D1000_W10.txt,5,bottom,0.009,DIFF,1098.0,1.4,4,142,1097.0,1103.0
O32M71_N4P7_D1000_W10,official32_minus71.json,4.7,1000,10,2498,32,results/O32M71_N4P7_D1000_W10.txt,5,bottom,0.009,Min-Max,479.0,0.0,4,142,479.0,479.0
O32M71_N4P7_D1000_W10,official32_minus71.json,4.7,1000,10,2498,32,results/O32M71_N4P7_D1000_W10.txt,5,random,0.101,WCL,595.0,0.3,8,144,,
O32M71_N4P7_D1000_W10,official32_minus71.json,4.7,1000,10,2498,32,results/O32M71_N4P7_D1000_W10.txt,5,random,0.101,ABS,566.0,1.8,8,144,,
O32M71_N4P7_D1000_W10,official32_minus71.json,4.7,1000,10,2498,32,results/O32M71_N4P7_D1000_W10.txt,5,random,0.101,DIFF,1094.0,1.1,8,144,,
O32M71_N4P7_D1000_W10,official32_minus71.json,4.7,1000,10,2498,32,results/O32M71_N4P7_D1000_W10.txt,5,random,0.101,Min-Max,485.0,1.2,8,144,,
O32M71_N4P7_D1000_W10,official32_minus71.json,4.7,1000,10,2498,32,results/O32M71_N4P7_D1000_W10.txt,6,top,0.447,WCL,656.0,10.5,4,145,626.0,854.0
O32M71_N4P7_D1000_W10,official32_minus71.json,4.7,1000,10,2498,32,results/O32M71_N4P7_D1000_W10.txt,6,top,0.447,ABS,639.0,15.0,4,145,554.0,679.0
O32M71_N4P7_D1000_W10,official32_minus71.json,4.7,1000,10,2498,32,results/O32M71_N4P7_D1000_W10.txt,6,top,0.447,DIFF,1099.0,1.5,4,145,1076.0,1160.0
O32M71_N4P7_D1000_W10,official32_minus71.json,4.7,1000,10,2498,32,results/O32M71_N4P7_D1000_W10.txt,6,top,0.447,Min-Max,527.0,10.1,4,145,519.0,644.0
O32M71_N4P7_D1000_W10,official32_minus71.json,4.7,1000,10,2498,32,results/O32M71_N4P7_D1000_W10.txt,6,bottom,0.014,WCL,594.0,0.1,4,147,594.0,595.0
O32M71_N4P7_D1000_W10,official32_minus71.json,4.7,1000,10,2498,32,results/O32M71_N4P7_D1000_W10.txt,6,bottom,0.014,ABS,558.0,0.4,4,147,558.0,558.0
O32M71_N4P7_D1000_W10,official32_minus71.json,4.7,1000,10,2498,32,results/O32M71_N4P7_D1000_W10.txt,6,bottom,0.014,DIFF,1098.0,1.4,4,147,1093.0,1104.0
O32M71_N4P7_D1000_W10,official32_minus71.json,4.7,1000,10,2498,32,results/O32M71_N4P7_D1000_W10.txt,6,bottom,0.014,Min-Max,479.0,0.1,4,147,479.0,479.0
O32M71_N4P7_D1000_W10,official32_minus71.json,4.7,1000,10,2498,32,results/O32M71_N4P7_D1000_W10.txt,6,random,0.208,WCL,604.0,1.7,8,149,,
O32M71_N4P7_D1000_W10,official32_minus71.json,4.7,1000,10,2498,32,results/O32M71_N4P7_D1000_W10.txt,6,random,0.208,ABS,585.0,5.3,8,149,,
O32M71_N4P7_D1000_W10,official32_minus71.json,4.7,1000,10,2498,32,results/O32M71_N4P7_D1000_W10.txt,6,random,0.208,DIFF,1105.0,2.1,8,149,,
O32M71_N4P7_D1000_W10,official32_minus71.json,4.7,1000,10,2498,32,results/O32M71_N4P7_D1000_W10.txt,6,random,0.208,Min-Max,493.0,3.0,8,149,,
O32M71_N4P7_D1000_W10,official32_minus71.json,4.7,1000,10,2498,32,results/O32M71_N4P7_D1000_W10.txt,7,top,0.498,WCL,764.0,28.8,4,150,717.0,948.0
O32M71_N4P7_D1000_W10,official32_minus71.json,4.7,1000,10,2498,32,results/O32M71_N4P7_D1000_W10.txt,7,top,0.498,ABS,800.0,44.0,4,150,724.0,921.0
O32M71_N4P7_D1000_W10,official32_minus71.json,4.7,1000,10,2498,32,results/O32M71_N4P7_D1000_W10.txt,7,top,0.498,DIFF,1340.0,23.8,4,150,1179.0,1709.0
O32M71_N4P7_D1000_W10,official32_minus71.json,4.7,1000,10,2498,32,results/O32M71_N4P7_D1000_W10.txt,7,top,0.498,Min-Max,681.0,42.3,4,150,612.0,786.0
O32M71_N4P7_D1000_W10,official32_minus71.json,4.7,1000,10,2498,32,results/O32M71_N4P7_D1000_W10.txt,7,bottom,0.02,WCL,594.0,0.1,4,152,594.0,595.0
O32M71_N4P7_D1000_W10,official32_minus71.json,4.7,1000,10,2498,32,results/O32M71_N4P7_D1000_W10.txt,7,bottom,0.02,ABS,557.0,0.3,4,152,557.0,558.0
O32M71_N4P7_D1000_W10,official32_minus71.json,4.7,1000,10,2498,32,results/O32M71_N4P7_D1000_W10.txt,7,bottom,0.02,DIFF,1094.0,1.1,4,152,1083.0,1104.0
O32M71_N4P7_D1000_W10,official32_minus71.json,4.7,1000,10,2498,32,results/O32M71_N4P7_D1000_W10.txt,7,bottom,0.02,Min-Max,479.0,-0.1,4,152,479.0,479.0
O32M71_N4P7_D1000_W10,official32_minus71.json,4.7,1000,10,2498,32,results/O32M71_N4P7_D1000_W10.txt,7,random,0.225,WCL,662.0,11.5,8,154,,
O32M71_N4P7_D1000_W10,official32_minus71.json,4.7,1000,10,2498,32,results/O32M71_N4P7_D1000_W10.txt,7,random,0.225,ABS,612.0,10.2,8,154,,
O32M71_N4P7_D1000_W10,official32_minus71.json,4.7,1000,10,2498,32,results/O32M71_N4P7_D1000_W10.txt,7,random,0.225,DIFF,1250.0,15.5,8,154,,
O32M71_N4P7_D1000_W10,official32_minus71.json,4.7,1000,10,2498,32,results/O32M71_N4P7_D1000_W10.txt,7,random,0.225,Min-Max,501.0,4.7,8,154,,
O32M71_N4P7_D1000_W10,official32_minus71.json,4.7,1000,10,2498,32,results/O32M71_N4P7_D1000_W10.txt,8,top,0.548,WCL,844.0,42.2,4,155,723.0,877.0
O32M71_N4P7_D1000_W10,official32_minus71.json,4.7,1000,10,2498,32,results/O32M71_N4P7_D1000_W10.txt,8,top,0.548,ABS,675.0,21.4,4,155,663.0,710.0
O32M71_N4P7_D1000_W10,official32_minus71.json,4.7,1000,10,2498,32,results/O32M71_N4P7_D1000_W10.txt,8,top,0.548,DIFF,1558.0,43.9,4,155,1316.0,1760.0
O32M71_N4P7_D1000_W10,official32_minus71.json,4.7,1000,10,2498,32,results/O32M71_N4P7_D1000_W10.txt,8,top,0.548,Min-Max,583.0,21.8,4,155,549.0,630.0
O32M71_N4P7_D1000_W10,official32_minus71.json,4.7,1000,10,2498,32,results/O32M71_N4P7_D1000_W10.txt,8,bottom,0.028,WCL,595.0,0.2,4,157,594.0,596.0
O32M71_N4P7_D1000_W10,official32_minus71.json,4.7,1000,10,2498,32,results/O32M71_N4P7_D1000_W10.txt,8,bottom,0.028,ABS,558.0,0.4,4,157,557.0,558.0
O32M71_N4P7_D1000_W10,official32_minus71.json,4.7,1000,10,2498,32,results/O32M71_N4P7_D1000_W10.txt,8,bottom,0.028,DIFF,1092.0,0.8,4,157,1085.0,1109.0
O32M71_N4P7_D1000_W10,official32_minus71.json,4.7,1000,10,2498,32,results/O32M71_N4P7_D1000_W10.txt,8,bottom,0.028,Min-Max,479.0,0.1,4,157,478.0,479.0
O32M71_N4P7_D1000_W10,official32_minus71.json,4.7,1000,10,2498,32,results/O32M71_N4P7_D1000_W10.txt,8,random,0.243,WCL,618.0,4.2,8,159,,
O32M71_N4P7_D1000_W10,official32_minus71.json,4.7,1000,10,2498,32,results/O32M71_N4P7_D1000_W10.txt,8,random,0.243,ABS,602.0,8.4,8,159,,
O32M71_N4P7_D1000_W10,official32_minus71.json,4.7,1000,10,2498,32,results/O32M71_N4P7_D1000_W10.txt,8,random,0.243,DIFF,1169.0,8.0,8,159,,
O32M71_N4P7_D1000_W10,official32_minus71.json,4.7,1000,10,2498,32,results/O32M71_N4P7_D1000_W10.txt,8,random,0.243,Min-Max,512.0,6.8,8,159,,
O32M71_N4P7_D5000_W10,official32_minus71.json,4.7,5000,10,2498,32,results/O32M71_N4P7_D5000_W10.txt,1,top,0.094,WCL,614.0,3.4,8,120,613.0,614.0
O32M71_N4P7_D5000_W10,official32_minus71.json,4.7,5000,10,2498,32,results/O32M71_N4P7_D5000_W10.txt,1,top,0.094,ABS,566.0,1.9,8,120,561.0,572.0
O32M71_N4P7_D5000_W10,official32_minus71.json,4.7,5000,10,2498,32,results/O32M71_N4P7_D5000_W10.txt,1,top,0.094,DIFF,905.0,-16.4,8,120,807.0,1004.0
O32M71_N4P7_D5000_W10,official32_minus71.json,4.7,5000,10,2498,32,results/O32M71_N4P7_D5000_W10.txt,1,top,0.094,Min-Max,547.0,14.3,8,120,522.0,583.0
O32M71_N4P7_D5000_W10,official32_minus71.json,4.7,5000,10,2498,32,results/O32M71_N4P7_D5000_W10.txt,1,bottom,0.001,WCL,594.0,0.0,8,122,594.0,594.0
O32M71_N4P7_D5000_W10,official32_minus71.json,4.7,5000,10,2498,32,results/O32M71_N4P7_D5000_W10.txt,1,bottom,0.001,ABS,557.0,0.2,8,122,556.0,557.0
O32M71_N4P7_D5000_W10,official32_minus71.json,4.7,5000,10,2498,32,results/O32M71_N4P7_D5000_W10.txt,1,bottom,0.001,DIFF,1083.0,0.0,8,122,1083.0,1085.0
O32M71_N4P7_D5000_W10,official32_minus71.json,4.7,5000,10,2498,32,results/O32M71_N4P7_D5000_W10.txt,1,bottom,0.001,Min-Max,479.0,0.0,8,122,479.0,479.0
O32M71_N4P7_D5000_W10,official32_minus71.json,4.7,5000,10,2498,32,results/O32M71_N4P7_D5000_W10.txt,1,random,0.045,WCL,607.0,2.2,8,124,,
O32M71_N4P7_D5000_W10,official32_minus71.json,4.7,5000,10,2498,32,results/O32M71_N4P7_D5000_W10.txt,1,random,0.045,ABS,558.0,0.5,8,124,,
O32M71_N4P7_D5000_W10,official32_minus71.json,4.7,5000,10,2498,32,results/O32M71_N4P7_D5000_W10.txt,1,random,0.045,DIFF,1068.0,-1.3,8,124,,
O32M71_N4P7_D5000_W10,official32_minus71.json,4.7,5000,10,2498,32,results/O32M71_N4P7_D5000_W10.txt,1,random,0.045,Min-Max,487.0,1.8,8,124,,
O32M71_N4P7_D5000_W10,official32_minus71.json,4.7,5000,10,2498,32,results/O32M71_N4P7_D5000_W10.txt,2,top,0.177,WCL,583.0,-1.8,8,125,583.0,584.0
O32M71_N4P7_D5000_W10,official32_minus71.json,4.7,5000,10,2498,32,results/O32M71_N4P7_D5000_W10.txt,2,top,0.177,ABS,556.0,0.1,8,125,548.0,561.0
O32M71_N4P7_D5000_W10,official32_minus71.json,4.7,5000,10,2498,32,results/O32M71_N4P7_D5000_W10.txt,2,top,0.177,DIFF,823.0,-24.0,8,125,740.0,895.0
O32M71_N4P7_D5000_W10,official32_minus71.json,4.7,5000,10,2498,32,results/O32M71_N4P7_D5000_W10.txt,2,top,0.177,Min-Max,557.0,16.3,8,125,513.0,634.0
O32M71_N4P7_D5000_W10,official32_minus71.json,4.7,5000,10,2498,32,results/O32M71_N4P7_D5000_W10.txt,2,bottom,0.002,WCL,594.0,0.0,8,127,594.0,594.0
O32M71_N4P7_D5000_W10,official32_minus71.json,4.7,5000,10,2498,32,results/O32M71_N4P7_D5000_W10.txt,2,bottom,0.002,ABS,556.0,0.0,8,127,556.0,557.0
O32M71_N4P7_D5000_W10,official32_minus71.json,4.7,5000,10,2498,32,results/O32M71_N4P7_D5000_W10.txt,2,bottom,0.002,DIFF,1083.0,0.0,8,127,1083.0,1084.0
O32M71_N4P7_D5000_W10,official32_minus71.json,4.7,5000,10,2498,32,results/O32M71_N4P7_D5000_W10.txt,2,bottom,0.002,Min-Max,479.0,-0.0,8,127,479.0,479.0
O32M71_N4P7_D5000_W10,official32_minus71.json,4.7,5000,10,2498,32,results/O32M71_N4P7_D5000_W10.txt,2,random,0.05,WCL,604.0,1.8,8,129,,
O32M71_N4P7_D5000_W10,official32_minus71.json,4.7,5000,10,2498,32,results/O32M71_N4P7_D5000_W10.txt,2,random,0.05,ABS,564.0,1.5,8,129,,
O32M71_N4P7_D5000_W10,official32_minus71.json,4.7,5000,10,2498,32,results/O32M71_N4P7_D5000_W10.txt,2,random,0.05,DIFF,1054.0,-2.6,8,129,,
O32M71_N4P7_D5000_W10,official32_minus71.json,4.7,5000,10,2498,32,results/O32M71_N4P7_D5000_W10.txt,2,random,0.05,Min-Max,503.0,5.0,8,129,,
O32M71_N4P7_D5000_W10,official32_minus71.json,4.7,5000,10,2498,32,results/O32M71_N4P7_D5000_W10.txt,3,top,0.253,WCL,609.0,2.5,8,130,605.0,612.0
O32M71_N4P7_D5000_W10,official32_minus71.json,4.7,5000,10,2498,32,results/O32M71_N4P7_D5000_W10.txt,3,top,0.253,ABS,560.0,0.7,8,130,552.0,579.0
O32M71_N4P7_D5000_W10,official32_minus71.json,4.7,5000,10,2498,32,results/O32M71_N4P7_D5000_W10.txt,3,top,0.253,DIFF,843.0,-22.2,8,130,799.0,924.0
O32M71_N4P7_D5000_W10,official32_minus71.json,4.7,5000,10,2498,32,results/O32M71_N4P7_D5000_W10.txt,3,top,0.253,Min-Max,577.0,20.5,8,130,560.0,609.0
O32M71_N4P7_D5000_W10,official32_minus71.json,4.7,5000,10,2498,32,results/O32M71_N4P7_D5000_W10.txt,3,bottom,0.003,WCL,595.0,0.2,8,132,594.0,595.0
O32M71_N4P7_D5000_W10,official32_minus71.json,4.7,5000,10,2498,32,results/O32M71_N4P7_D5000_W10.txt,3,bottom,0.003,ABS,558.0,0.3,8,132,558.0,558.0
O32M71_N4P7_D5000_W10,official32_minus71.json,4.7,5000,10,2498,32,results/O32M71_N4P7_D5000_W10.txt,3,bottom,0.003,DIFF,1094.0,1.1,8,132,1092.0,1094.0
O32M71_N4P7_D5000_W10,official32_minus71.json,4.7,5000,10,2498,32,results/O32M71_N4P7_D5000_W10.txt,3,bottom,0.003,Min-Max,479.0,0.0,8,132,478.0,479.0
O32M71_N4P7_D5000_W10,official32_minus71.json,4.7,5000,10,2498,32,results/O32M71_N4P7_D5000_W10.txt,3,random,0.086,WCL,609.0,2.6,8,134,,
O32M71_N4P7_D5000_W10,official32_minus71.json,4.7,5000,10,2498,32,results/O32M71_N4P7_D5000_W10.txt,3,random,0.086,ABS,566.0,1.8,8,134,,
O32M71_N4P7_D5000_W10,official32_minus71.json,4.7,5000,10,2498,32,results/O32M71_N4P7_D5000_W10.txt,3,random,0.086,DIFF,1000.0,-7.6,8,134,,
O32M71_N4P7_D5000_W10,official32_minus71.json,4.7,5000,10,2498,32,results/O32M71_N4P7_D5000_W10.txt,3,random,0.086,Min-Max,512.0,6.9,8,134,,
O32M71_N4P7_D5000_W10,official32_minus71.json,4.7,5000,10,2498,32,results/O32M71_N4P7_D5000_W10.txt,4,top,0.322,WCL,643.0,8.2,8,135,638.0,646.0
O32M71_N4P7_D5000_W10,official32_minus71.json,4.7,5000,10,2498,32,results/O32M71_N4P7_D5000_W10.txt,4,top,0.322,ABS,602.0,8.4,8,135,579.0,614.0
O32M71_N4P7_D5000_W10,official32_minus71.json,4.7,5000,10,2498,32,results/O32M71_N4P7_D5000_W10.txt,4,top,0.322,DIFF,848.0,-21.7,8,135,761.0,877.0
O32M71_N4P7_D5000_W10,official32_minus71.json,4.7,5000,10,2498,32,results/O32M71_N4P7_D5000_W10.txt,4,top,0.322,Min-Max,670.0,39.9,8,135,585.0,737.0
O32M71_N4P7_D5000_W10,official32_minus71.json,4.7,5000,10,2498,32,results/O32M71_N4P7_D5000_W10.txt,4,bottom,0.004,WCL,595.0,0.2,8,137,594.0,595.0
O32M71_N4P7_D5000_W10,official32_minus71.json,4.7,5000,10,2498,32,results/O32M71_N4P7_D5000_W10.txt,4,bottom,0.004,ABS,558.0,0.4,8,137,558.0,558.0
O32M71_N4P7_D5000_W10,official32_minus71.json,4.7,5000,10,2498,32,results/O32M71_N4P7_D5000_W10.txt,4,bottom,0.004,DIFF,1096.0,1.2,8,137,1091.0,1103.0
O32M71_N4P7_D5000_W10,official32_minus71.json,4.7,5000,10,2498,32,results/O32M71_N4P7_D5000_W10.txt,4,bottom,0.004,Min-Max,479.0,0.0,8,137,479.0,479.0
O32M71_N4P7_D5000_W10,official32_minus71.json,4.7,5000,10,2498,32,results/O32M71_N4P7_D5000_W10.txt,4,random,0.088,WCL,609.0,2.5,8,139,,
O32M71_N4P7_D5000_W10,official32_minus71.json,4.7,5000,10,2498,32,results/O32M71_N4P7_D5000_W10.txt,4,random,0.088,ABS,577.0,3.9,8,139,,
O32M71_N4P7_D5000_W10,official32_minus71.json,4.7,5000,10,2498,32,results/O32M71_N4P7_D5000_W10.txt,4,random,0.088,DIFF,1021.0,-5.7,8,139,,
O32M71_N4P7_D5000_W10,official32_minus71.json,4.7,5000,10,2498,32,results/O32M71_N4P7_D5000_W10.txt,4,random,0.088,Min-Max,506.0,5.7,8,139,,
O32M71_N4P7_D5000_W10,official32_minus71.json,4.7,5000,10,2498,32,results/O32M71_N4P7_D5000_W10.txt,5,top,0.389,WCL,754.0,27.0,8,140,739.0,762.0
O32M71_N4P7_D5000_W10,official32_minus71.json,4.7,5000,10,2498,32,results/O32M71_N4P7_D5000_W10.txt,5,top,0.389,ABS,593.0,6.7,8,140,550.0,627.0
O32M71_N4P7_D5000_W10,official32_minus71.json,4.7,5000,10,2498,32,results/O32M71_N4P7_D5000_W10.txt,5,top,0.389,DIFF,857.0,-20.9,8,140,750.0,895.0
O32M71_N4P7_D5000_W10,official32_minus71.json,4.7,5000,10,2498,32,results/O32M71_N4P7_D5000_W10.txt,5,top,0.389,Min-Max,755.0,57.6,8,140,715.0,837.0
O32M71_N4P7_D5000_W10,official32_minus71.json,4.7,5000,10,2498,32,results/O32M71_N4P7_D5000_W10.txt,5,bottom,0.009,WCL,595.0,0.2,8,142,594.0,595.0
O32M71_N4P7_D5000_W10,official32_minus71.json,4.7,5000,10,2498,32,results/O32M71_N4P7_D5000_W10.txt,5,bottom,0.009,ABS,557.0,0.3,8,142,555.0,558.0
O32M71_N4P7_D5000_W10,official32_minus71.json,4.7,5000,10,2498,32,results/O32M71_N4P7_D5000_W10.txt,5,bottom,0.009,DIFF,1094.0,1.0,8,142,1084.0,1113.0
O32M71_N4P7_D5000_W10,official32_minus71.json,4.7,5000,10,2498,32,results/O32M71_N4P7_D5000_W10.txt,5,bottom,0.009,Min-Max,479.0,0.0,8,142,478.0,480.0
O32M71_N4P7_D5000_W10,official32_minus71.json,4.7,5000,10,2498,32,results/O32M71_N4P7_D5000_W10.txt,5,random,0.101,WCL,600.0,1.1,8,144,,
O32M71_N4P7_D5000_W10,official32_minus71.json,4.7,5000,10,2498,32,results/O32M71_N4P7_D5000_W10.txt,5,random,0.101,ABS,566.0,1.9,8,144,,
O32M71_N4P7_D5000_W10,official32_minus71.json,4.7,5000,10,2498,32,results/O32M71_N4P7_D5000_W10.txt,5,random,0.101,DIFF,993.0,-8.3,8,144,,
O32M71_N4P7_D5000_W10,official32_minus71.json,4.7,5000,10,2498,32,results/O32M71_N4P7_D5000_W10.txt,5,random,0.101,Min-Max,512.0,7.0,8,144,,
O32M71_N4P7_D5000_W10,official32_minus71.json,4.7,5000,10,2498,32,results/O32M71_N4P7_D5000_W10.txt,6,top,0.447,WCL,751.0,26.5,8,145,738.0,763.0
O32M71_N4P7_D5000_W10,official32_minus71.json,4.7,5000,10,2498,32,results/O32M71_N4P7_D5000_W10.txt,6,top,0.447,ABS,606.0,9.0,8,145,543.0,628.0
O32M71_N4P7_D5000_W10,official32_minus71.json,4.7,5000,10,2498,32,results/O32M71_N4P7_D5000_W10.txt,6,top,0.447,DIFF,868.0,-19.9,8,145,771.0,884.0
O32M71_N4P7_D5000_W10,official32_minus71.json,4.7,5000,10,2498,32,results/O32M71_N4P7_D5000_W10.txt,6,top,0.447,Min-Max,748.0,56.1,8,145,699.0,846.0
O32M71_N4P7_D5000_W10,official32_minus71.json,4.7,5000,10,2498,32,results/O32M71_N4P7_D5000_W10.txt,6,bottom,0.014,WCL,594.0,0.1,8,147,594.0,596.0
O32M71_N4P7_D5000_W10,official32_minus71.json,4.7,5000,10,2498,32,results/O32M71_N4P7_D5000_W10.txt,6,bottom,0.014,ABS,557.0,0.3,8,147,552.0,559.0
O32M71_N4P7_D5000_W10,official32_minus71.json,4.7,5000,10,2498,32,results/O32M71_N4P7_D5000_W10.txt,6,bottom,0.014,DIFF,1094.0,1.0,8,147,1084.0,1118.0
O32M71_N4P7_D5000_W10,official32_minus71.json,4.7,5000,10,2498,32,results/O32M71_N4P7_D5000_W10.txt,6,bottom,0.014,Min-Max,479.0,0.1,8,147,479.0,481.0
O32M71_N4P7_D5000_W10,official32_minus71.json,4.7,5000,10,2498,32,results/O32M71_N4P7_D5000_W10.txt,6,random,0.208,WCL,634.0,6.7,8,149,,
O32M71_N4P7_D5000_W10,official32_minus71.json,4.7,5000,10,2498,32,results/O32M71_N4P7_D5000_W10.txt,6,random,0.208,ABS,571.0,2.7,8,149,,
O32M71_N4P7_D5000_W10,official32_minus71.json,4.7,5000,10,2498,32,results/O32M71_N4P7_D5000_W10.txt,6,random,0.208,DIFF,873.0,-19.4,8,149,,
O32M71_N4P7_D5000_W10,official32_minus71.json,4.7,5000,10,2498,32,results/O32M71_N4P7_D5000_W10.txt,6,random,0.208,Min-Max,567.0,18.4,8,149,,
O32M71_N4P7_D5000_W10,official32_minus71.json,4.7,5000,10,2498,32,results/O32M71_N4P7_D5000_W10.txt,7,top,0.498,WCL,1412.0,137.8,8,150,1322.0,1447.0
O32M71_N4P7_D5000_W10,official32_minus71.json,4.7,5000,10,2498,32,results/O32M71_N4P7_D5000_W10.txt,7,top,0.498,ABS,902.0,62.4,8,150,862.0,978.0
O32M71_N4P7_D5000_W10,official32_minus71.json,4.7,5000,10,2498,32,results/O32M71_N4P7_D5000_W10.txt,7,top,0.498,DIFF,1267.0,17.0,8,150,1093.0,1419.0
O32M71_N4P7_D5000_W10,official32_minus71.json,4.7,5000,10,2498,32,results/O32M71_N4P7_D5000_W10.txt,7,top,0.498,Min-Max,1194.0,149.4,8,150,1134.0,1285.0
O32M71_N4P7_D5000_W10,official32_minus71.json,4.7,5000,10,2498,32,results/O32M71_N4P7_D5000_W10.txt,7,bottom,0.02,WCL,595.0,0.2,8,152,591.0,597.0
O32M71_N4P7_D5000_W10,official32_minus71.json,4.7,5000,10,2498,32,results/O32M71_N4P7_D5000_W10.txt,7,bottom,0.02,ABS,557.0,0.3,8,152,552.0,558.0
O32M71_N4P7_D5000_W10,official32_minus71.json,4.7,5000,10,2498,32,results/O32M71_N4P7_D5000_W10.txt,7,bottom,0.02,DIFF,1083.0,0.0,8,152,1078.0,1104.0
O32M71_N4P7_D5000_W10,official32_minus71.json,4.7,5000,10,2498,32,results/O32M71_N4P7_D5000_W10.txt,7,bottom,0.02,Min-Max,479.0,0.1,8,152,478.0,480.0
O32M71_N4P7_D5000_W10,official32_minus71.json,4.7,5000,10,2498,32,results/O32M71_N4P7_D5000_W10.txt,7,random,0.225,WCL,667.0,12.4,8,154,,
O32M71_N4P7_D5000_W10,official32_minus71.json,4.7,5000,10,2498,32,results/O32M71_N4P7_D5000_W10.txt,7,random,0.225,ABS,620.0,11.6,8,154,,
O32M71_N4P7_D5000_W10,official32_minus71.json,4.7,5000,10,2498,32,results/O32M71_N4P7_D5000_W10.txt,7,random,0.225,DIFF,920.0,-15.0,8,154,,
O32M71_N4P7_D5000_W10,official32_minus71.json,4.7,5000,10,2498,32,results/O32M71_N4P7_D5000_W10.txt,7,random,0.225,Min-Max,568.0,18.7,8,154,,
O32M71_N4P7_D5000_W10,official32_minus71.json,4.7,5000,10,2498,32,results/O32M71_N4P7_D5000_W10.txt,8,top,0.548,WCL,1417.0,138.7,8,155,1293.0,1592.0
O32M71_N4P7_D5000_W10,official32_minus71.json,4.7,5000,10,2498,32,results/O32M71_N4P7_D5000_W10.txt,8,top,0.548,ABS,895.0,61.0,8,155,862.0,1038.0
O32M71_N4P7_D5000_W10,official32_minus71.json,4.7,5000,10,2498,32,results/O32M71_N4P7_D5000_W10.txt,8,top,0.548,DIFF,1216.0,12.3,8,155,1177.0,1348.0
O32M71_N4P7_D5000_W10,official32_minus71.json,4.7,5000,10,2498,32,results/O32M71_N4P7_D5000_W10.txt,8,top,0.548,Min-Max,1124.0,134.8,8,155,979.0,1438.0
O32M71_N4P7_D5000_W10,official32_minus71.json,4.7,5000,10,2498,32,results/O32M71_N4P7_D5000_W10.txt,8,bottom,0.028,WCL,597.0,0.5,8,157,596.0,597.0
O32M71_N4P7_D5000_W10,official32_minus71.json,4.7,5000,10,2498,32,results/O32M71_N4P7_D5000_W10.txt,8,bottom,0.028,ABS,557.0,0.3,8,157,552.0,562.0
O32M71_N4P7_D5000_W10,official32_minus71.json,4.7,5000,10,2498,32,results/O32M71_N4P7_D5000_W10.txt,8,bottom,0.028,DIFF,1069.0,-1.3,8,157,1057.0,1091.0
O32M71_N4P7_D5000_W10,official32_minus71.json,4.7,5000,10,2498,32,results/O32M71_N4P7_D5000_W10.txt,8,bottom,0.028,Min-Max,481.0,0.4,8,157,479.0,482.0
O32M71_N4P7_D5000_W10,official32_minus71.json,4.7,5000,10,2498,32,results/O32M71_N4P7_D5000_W10.txt,8,random,0.243,WCL,643.0,8.2,8,159,,
O32M71_N4P7_D5000_W10,official32_minus71.json,4.7,5000,10,2498,32,results/O32M71_N4P7_D5000_W10.txt,8,random,0.243,ABS,583.0,5.0,8,159,,
O32M71_N4P7_D5000_W10,official32_minus71.json,4.7,5000,10,2498,32,results/O32M71_N4P7_D5000_W10.txt,8,random,0.243,DIFF,895.0,-17.3,8,159,,
O32M71_N4P7_D5000_W10,official32_minus71.json,4.7,5000,10,2498,32,results/O32M71_N4P7_D5000_W10.txt,8,random,0.243,Min-Max,569.0,18.8,8,159,,
O32M71_N4P7_D5000_W10,official32_minus71.json,4.7,5000,10,2498,32,results/O32M71_N4P7_D5000_W10.txt,9,top,0.595,WCL,1323.0,122.9,8,160,1221.0,1434.0
O32M71_N4P7_D5000_W10,official32_minus71.json,4.7,5000,10,2498,32,results/O32M71_N4P7_D5000_W10.txt,9,top,0.595,ABS,922.0,65.9,8,160,866.0,981.0
O32M71_N4P7_D5000_W10,official32_minus71.json,4.7,5000,10,2498,32,results/O32M71_N4P7_D5000_W10.txt,9,top,0.595,DIFF,1208.0,11.6,8,160,1149.0,1260.0
O32M71_N4P7_D5000_W10,official32_minus71.json,4.7,5000,10,2498,32,results/O32M71_N4P7_D5000_W10.txt,9,top,0.595,Min-Max,1057.0,120.6,8,160,896.0,1180.0
O32M71_N4P7_D5000_W10,official32_minus71.json,4.7,5000,10,2498,32,results/O32M71_N4P7_D5000_W10.txt,9,bottom,0.041,WCL,597.0,0.6,8,162,592.0,598.0
O32M71_N4P7_D5000_W10,official32_minus71.json,4.7,5000,10,2498,32,results/O32M71_N4P7_D5000_W10.txt,9,bottom,0.041,ABS,557.0,0.3,8,162,548.0,561.0
O32M71_N4P7_D5000_W10,official32_minus71.json,4.7,5000,10,2498,32,results/O32M71_N4P7_D5000_W10.txt,9,bottom,0.041,DIFF,1070.0,-1.2,8,162,1040.0,1122.0
O32M71_N4P7_D5000_W10,official32_minus71.json,4.7,5000,10,2498,32,results/O32M71_N4P7_D5000_W10.txt,9,bottom,0.041,Min-Max,482.0,0.6,8,162,479.0,484.0
O32M71_N4P7_D5000_W10,official32_minus71.json,4.7,5000,10,2498,32,results/O32M71_N4P7_D5000_W10.txt,9,random,0.307,WCL,675.0,13.7,8,164,,
O32M71_N4P7_D5000_W10,official32_minus71.json,4.7,5000,10,2498,32,results/O32M71_N4P7_D5000_W10.txt,9,random,0.307,ABS,620.0,11.6,8,164,,
O32M71_N4P7_D5000_W10,official32_minus71.json,4.7,5000,10,2498,32,results/O32M71_N4P7_D5000_W10.txt,9,random,0.307,DIFF,850.0,-21.5,8,164,,
O32M71_N4P7_D5000_W10,official32_minus71.json,4.7,5000,10,2498,32,results/O32M71_N4P7_D5000_W10.txt,9,random,0.307,Min-Max,619.0,29.2,8,164,,
O32M71_N4P7_D5000_W10,official32_minus71.json,4.7,5000,10,2498,32,results/O32M71_N4P7_D5000_W10.txt,10,top,0.638,WCL,1744.0,193.7,8,165,1569.0,1992.0
O32M71_N4P7_D5000_W10,official32_minus71.json,4.7,5000,10,2498,32,results/O32M71_N4P7_D5000_W10.txt,10,top,0.638,ABS,1021.0,83.8,8,165,916.0,1120.0
O32M71_N4P7_D5000_W10,official32_minus71.json,4.7,5000,10,2498,32,results/O32M71_N4P7_D5000_W10.txt,10,top,0.638,DIFF,1434.0,32.4,8,165,1232.0,1481.0
O32M71_N4P7_D5000_W10,official32_minus71.json,4.7,5000,10,2498,32,results/O32M71_N4P7_D5000_W10.txt,10,top,0.638,Min-Max,1264.0,164.0,8,165,1089.0,1519.0
O32M71_N4P7_D5000_W10,official32_minus71.json,4.7,5000,10,2498,32,results/O32M71_N4P7_D5000_W10.txt,10,bottom,0.053,WCL,595.0,0.3,8,167,589.0,597.0
O32M71_N4P7_D5000_W10,official32_minus71.json,4.7,5000,10,2498,32,results/O32M71_N4P7_D5000_W10.txt,10,bottom,0.053,ABS,558.0,0.5,8,167,546.0,561.0
O32M71_N4P7_D5000_W10,official32_minus71.json,4.7,5000,10,2498,32,results/O32M71_N4P7_D5000_W10.txt,10,bottom,0.053,DIFF,1076.0,-0.7,8,167,1048.0,1112.0
O32M71_N4P7_D5000_W10,official32_minus71.json,4.7,5000,10,2498,32,results/O32M71_N4P7_D5000_W10.txt,10,bottom,0.053,Min-Max,481.0,0.4,8,167,478.0,483.0
O32M71_N4P7_D5000_W10,official32_minus71.json,4.7,5000,10,2498,32,results/O32M71_N4P7_D5000_W10.txt,10,random,0.334,WCL,702.0,18.3,8,169,,
O32M71_N4P7_D5000_W10,official32_minus71.json,4.7,5000,10,2498,32,results/O32M71_N4P7_D5000_W10.txt,10,random,0.334,ABS,650.0,17.1,8,169,,
O32M71_N4P7_D5000_W10,official32_minus71.json,4.7,5000,10,2498,32,results/O32M71_N4P7_D5000_W10.txt,10,random,0.334,DIFF,872.0,-19.5,8,169,,
O32M71_N4P7_D5000_W10,official32_minus71.json,4.7,5000,10,2498,32,results/O32M71_N4P7_D5000_W10.txt,10,random,0.334,Min-Max,612.0,27.7,8,169,,
O32M71_N4P7_D5000_W10,official32_minus71.json,4.7,5000,10,2498,32,results/O32M71_N4P7_D5000_W10.txt,11,top,0.68,WCL,1913.0,222.1,8,170,1700.0,2131.0
O32M71_N4P7_D5000_W10,official32_minus71.json,4.7,5000,10,2498,32,results/O32M71_N4P7_D5000_W10.txt,11,top,0.68,ABS,1083.0,94.9,8,170,1034.0,1290.0
O32M71_N4P7_D5000_W10,official32_minus71.json,4.7,5000,10,2498,32,results/O32M71_N4P7_D5000_W10.txt,11,top,0.68,DIFF,1425.0,31.6,8,170,1310.0,1631.0
O32M71_N4P7_D5000_W10,official32_minus71.json,4.7,5000,10,2498,32,results/O32M71_N4P7_D5000_W10.txt,11,top,0.68,Min-Max,1310.0,173.6,8,170,1047.0,1486.0
O32M71_N4P7_D5000_W10,official32_minus71.json,4.7,5000,10,2498,32,results/O32M71_N4P7_D5000_W10.txt,11,bottom,0.066,WCL,599.0,0.8,8,172,597.0,605.0
O32M71_N4P7_D5000_W10,official32_minus71.json,4.7,5000,10,2498,32,results/O32M71_N4P7_D5000_W10.txt,11,bottom,0.066,ABS,558.0,0.3,8,172,555.0,558.0
O32M71_N4P7_D5000_W10,official32_minus71.json,4.7,5000,10,2498,32,results/O32M71_N4P7_D5000_W10.txt,11,bottom,0.066,DIFF,1067.0,-1.5,8,172,1013.0,1131.0
O32M71_N4P7_D5000_W10,official32_minus71.json,4.7,5000,10,2498,32,results/O32M71_N4P7_D5000_W10.txt,11,bottom,0.066,Min-Max,482.0,0.6,8,172,479.0,488.0
O32M71_N4P7_D5000_W10,official32_minus71.json,4.7,5000,10,2498,32,results/O32M71_N4P7_D5000_W10.txt,11,random,0.352,WCL,786.0,32.4,8,174,,
O32M71_N4P7_D5000_W10,official32_minus71.json,4.7,5000,10,2498,32,results/O32M71_N4P7_D5000_W10.txt,11,random,0.352,ABS,662.0,19.2,8,174,,
O32M71_N4P7_D5000_W10,official32_minus71.json,4.7,5000,10,2498,32,results/O32M71_N4P7_D5000_W10.txt,11,random,0.352,DIFF,943.0,-12.9,8,174,,
O32M71_N4P7_D5000_W10,official32_minus71.json,4.7,5000,10,2498,32,results/O32M71_N4P7_D5000_W10.txt,11,random,0.352,Min-Max,686.0,43.3,8,174,,
O32M71_N4P7_D5000_W10,official32_minus71.json,4.7,5000,10,2498,32,results/O32M71_N4P7_D5000_W10.txt,12,top,0.72,WCL,2303.0,287.8,8,175,1895.0,2546.0
O32M71_N4P7_D5000_W10,official32_minus71.json,4.7,5000,10,2498,32,results/O32M71_N4P7_D5000_W10.txt,12,top,0.72,ABS,1195.0,115.0,8,175,1104.0,1272.0
O32M71_N4P7_D5000_W10,official32_minus71.json,4.7,5000,10,2498,32,results/O32M71_N4P7_D5000_W10.txt,12,top,0.72,DIFF,1518.0,40.2,8,175,1465.0,1670.0
O32M71_N4P7_D5000_W10,official32_minus71.json,4.7,5000,10,2498,32,results/O32M71_N4P7_D5000_W10.txt,12,top,0.72,Min-Max,1467.0,206.3,8,175,1215.0,1871.0
O32M71_N4P7_D5000_W10,official32_minus71.json,4.7,5000,10,2498,32,results/O32M71_N4P7_D5000_W10.txt,12,bottom,0.082,WCL,602.0,1.3,8,177,600.0,606.0
O32M71_N4P7_D5000_W10,official32_minus71.json,4.7,5000,10,2498,32,results/O32M71_N4P7_D5000_W10.txt,12,bottom,0.082,ABS,558.0,0.4,8,177,550.0,563.0
O32M71_N4P7_D5000_W10,official32_minus71.json,4.7,5000,10,2498,32,results/O32M71_N4P7_D5000_W10.txt,12,bottom,0.082,DIFF,966.0,-10.7,8,177,915.0,1005.0
O32M71_N4P7_D5000_W10,official32_minus71.json,4.7,5000,10,2498,32,results/O32M71_N4P7_D5000_W10.txt,12,bottom,0.082,Min-Max,487.0,1.7,8,177,479.0,493.0
O32M71_N4P7_D5000_W10,official32_minus71.json,4.7,5000,10,2498,32,results/O32M71_N4P7_D5000_W10.txt,12,random,0.392,WCL,803.0,35.3,8,179,,
O32M71_N4P7_D5000_W10,official32_minus71.json,4.7,5000,10,2498,32,results/O32M71_N4P7_D5000_W10.txt,12,random,0.392,ABS,672.0,20.9,8,179,,
O32M71_N4P7_D5000_W10,official32_minus71.json,4.7,5000,10,2498,32,results/O32M71_N4P7_D5000_W10.txt,12,random,0.392,DIFF,850.0,-21.5,8,179,,
O32M71_N4P7_D5000_W10,official32_minus71.json,4.7,5000,10,2498,32,results/O32M71_N4P7_D5000_W10.txt,12,random,0.392,Min-Max,660.0,37.9,8,179,,
O32M71_N4P7_D5000_W10,official32_minus71.json,4.7,5000,10,2498,32,results/O32M71_N4P7_D5000_W10.txt,13,top,0.758,WCL,2385.0,301.7,8,180,1810.0,2770.0
O32M71_N4P7_D5000_W10,official32_minus71.json,4.7,5000,10,2498,32,results/O32M71_N4P7_D5000_W10.txt,13,top,0.758,ABS,1159.0,108.7,8,180,1084.0,1297.0
O32M71_N4P7_D5000_W10,official32_minus71.json,4.7,5000,10,2498,32,results/O32M71_N4P7_D5000_W10.txt,13,top,0.758,DIFF,1485.0,37.2,8,180,1369.0,1705.0
O32M71_N4P7_D5000_W10,official32_minus71.json,4.7,5000,10,2498,32,results/O32M71_N4P7_D5000_W10.txt,13,top,0.758,Min-Max,1519.0,217.2,8,180,1052.0,1856.0
O32M71_N4P7_D5000_W10,official32_minus71.json,4.7,5000,10,2498,32,results/O32M71_N4P7_D5000_W10.txt,13,bottom,0.103,WCL,601.0,1.2,8,182,598.0,609.0
O32M71_N4P7_D5000_W10,official32_minus71.json,4.7,5000,10,2498,32,results/O32M71_N4P7_D5000_W10.txt,13,bottom,0.103,ABS,561.0,1.0,8,182,543.0,566.0
O32M71_N4P7_D5000_W10,official32_minus71.json,4.7,5000,10,2498,32,results/O32M71_N4P7_D5000_W10.txt,13,bottom,0.103,DIFF,967.0,-10.7,8,182,926.0,1036.0
O32M71_N4P7_D5000_W10,official32_minus71.json,4.7,5000,10,2498,32,results/O32M71_N4P7_D5000_W10.txt,13,bottom,0.103,Min-Max,484.0,1.0,8,182,471.0,491.0
O32M71_N4P7_D5000_W10,official32_minus71.json,4.7,5000,10,2498,32,results/O32M71_N4P7_D5000_W10.txt,13,random,0.406,WCL,690.0,16.3,8,184,,
O32M71_N4P7_D5000_W10,official32_minus71.json,4.7,5000,10,2498,32,results/O32M71_N4P7_D5000_W10.txt,13,random,0.406,ABS,648.0,16.6,8,184,,
O32M71_N4P7_D5000_W10,official32_minus71.json,4.7,5000,10,2498,32,results/O32M71_N4P7_D5000_W10.txt,13,random,0.406,DIFF,854.0,-21.1,8,184,,
O32M71_N4P7_D5000_W10,official32_minus71.json,4.7,5000,10,2498,32,results/O32M71_N4P7_D5000_W10.txt,13,random,0.406,Min-Max,635.0,32.6,8,184,,
O32M71_N4P7_D5000_W10,official32_minus71.json,4.7,5000,10,2498,32,results/O32M71_N4P7_D5000_W10.txt,14,top,0.783,WCL,2485.0,318.5,8,185,2104.0,2932.0
O32M71_N4P7_D5000_W10,official32_minus71.json,4.7,5000,10,2498,32,results/O32M71_N4P7_D5000_W10.txt,14,top,0.783,ABS,1256.0,126.0,8,185,1150.0,1333.0
O32M71_N4P7_D5000_W10,official32_minus71.json,4.7,5000,10,2498,32,results/O32M71_N4P7_D5000_W10.txt,14,top,0.783,DIFF,1625.0,50.1,8,185,1340.0,1863.0
O32M71_N4P7_D5000_W10,official32_minus71.json,4.7,5000,10,2498,32,results/O32M71_N4P7_D5000_W10.txt,14,top,0.783,Min-Max,1548.0,223.3,8,185,1318.0,1760.0
O32M71_N4P7_D5000_W10,official32_minus71.json,4.7,5000,10,2498,32,results/O32M71_N4P7_D5000_W10.txt,14,bottom,0.123,WCL,620.0,4.3,8,187,613.0,621.0
O32M71_N4P7_D5000_W10,official32_minus71.json,4.7,5000,10,2498,32,results/O32M71_N4P7_D5000_W10.txt,14,bottom,0.123,ABS,547.0,-1.5,8,187,543.0,558.0
O32M71_N4P7_D5000_W10,official32_minus71.json,4.7,5000,10,2498,32,results/O32M71_N4P7_D5000_W10.txt,14,bottom,0.123,DIFF,912.0,-15.7,8,187,899.0,1092.0
O32M71_N4P7_D5000_W10,official32_minus71.json,4.7,5000,10,2498,32,results/O32M71_N4P7_D5000_W10.txt,14,bottom,0.123,Min-Max,479.0,0.0,8,187,459.0,483.0
O32M71_N4P7_D5000_W10,official32_minus71.json,4.7,5000,10,2498,32,results/O32M71_N4P7_D5000_W10.txt,14,random,0.387,WCL,793.0,33.5,8,189,,
O32M71_N4P7_D5000_W10,official32_minus71.json,4.7,5000,10,2498,32,results/O32M71_N4P7_D5000_W10.txt,14,random,0.387,ABS,670.0,20.6,8,189,,
O32M71_N4P7_D5000_W10,official32_minus71.json,4.7,5000,10,2498,32,results/O32M71_N4P7_D5000_W10.txt,14,random,0.387,DIFF,881.0,-18.6,8,189,,
O32M71_N4P7_D5000_W10,official32_minus71.json,4.7,5000,10,2498,32,results/O32M71_N4P7_D5000_W10.txt,14,random,0.387,Min-Max,648.0,35.3,8,189,,
O32M71_N4P7_D5000_W5,official32_minus71.json,4.7,5000,5,2498,32,results/O32M71_N4P7_D5000_W5.txt,1,top,0.108,WCL,628.0,4.5,4,120,628.0,629.0
O32M71_N4P7_D5000_W5,official32_minus71.json,4.7,5000,5,2498,32,results/O32M71_N4P7_D5000_W5.txt,1,top,0.108,ABS,581.0,3.3,4,120,579.0,601.0
O32M71_N4P7_D5000_W5,official32_minus71.json,4.7,5000,5,2498,32,results/O32M71_N4P7_D5000_W5.txt,1,top,0.108,DIFF,901.0,-22.3,4,120,851.0,931.0
O32M71_N4P7_D5000_W5,official32_minus71.json,4.7,5000,5,2498,32,results/O32M71_N4P7_D5000_W5.txt,1,top,0.108,Min-Max,550.0,16.7,4,120,537.0,579.0
O32M71_N4P7_D5000_W5,official32_minus71.json,4.7,5000,5,2498,32,results/O32M71_N4P7_D5000_W5.txt,1,bottom,0.0,WCL,601.0,0.0,4,122,601.0,601.0
O32M71_N4P7_D5000_W5,official32_minus71.json,4.7,5000,5,2498,32,results/O32M71_N4P7_D5000_W5.txt,1,bottom,0.0,ABS,563.0,0.0,4,122,563.0,563.0
O32M71_N4P7_D5000_W5,official32_minus71.json,4.7,5000,5,2498,32,results/O32M71_N4P7_D5000_W5.txt,1,bottom,0.0,DIFF,1161.0,0.0,4,122,1160.0,1162.0
O32M71_N4P7_D5000_W5,official32_minus71.json,4.7,5000,5,2498,32,results/O32M71_N4P7_D5000_W5.txt,1,bottom,0.0,Min-Max,471.0,0.0,4,122,471.0,471.0
O32M71_N4P7_D5000_W5,official32_minus71.json,4.7,5000,5,2498,32,results/O32M71_N4P7_D5000_W5.txt,1,random,0.048,WCL,619.0,2.9,8,124,,
O32M71_N4P7_D5000_W5,official32_minus71.json,4.7,5000,5,2498,32,results/O32M71_N4P7_D5000_W5.txt,1,random,0.048,ABS,564.0,0.3,8,124,,
O32M71_N4P7_D5000_W5,official32_minus71.json,4.7,5000,5,2498,32,results/O32M71_N4P7_D5000_W5.txt,1,random,0.048,DIFF,1149.0,-1.0,8,124,,
O32M71_N4P7_D5000_W5,official32_minus71.json,4.7,5000,5,2498,32,results/O32M71_N4P7_D5000_W5.txt,1,random,0.048,Min-Max,478.0,1.5,8,124,,
O32M71_N4P7_D5000_W5,official32_minus71.json,4.7,5000,5,2498,32,results/O32M71_N4P7_D5000_W5.txt,2,top,0.2,WCL,591.0,-1.8,4,125,589.0,591.0
O32M71_N4P7_D5000_W5,official32_minus71.json,4.7,5000,5,2498,32,results/O32M71_N4P7_D5000_W5.txt,2,top,0.2,ABS,572.0,1.6,4,125,564.0,581.0
O32M71_N4P7_D5000_W5,official32_minus71.json,4.7,5000,5,2498,32,results/O32M71_N4P7_D5000_W5.txt,2,top,0.2,DIFF,838.0,-27.8,4,125,771.0,930.0
O32M71_N4P7_D5000_W5,official32_minus71.json,4.7,5000,5,2498,32,results/O32M71_N4P7_D5000_W5.txt,2,top,0.2,Min-Max,566.0,20.2,4,125,513.0,619.0
O32M71_N4P7_D5000_W5,official32_minus71.json,4.7,5000,5,2498,32,results/O32M71_N4P7_D5000_W5.txt,2,bottom,0.001,WCL,601.0,0.0,4,127,601.0,603.0
O32M71_N4P7_D5000_W5,official32_minus71.json,4.7,5000,5,2498,32,results/O32M71_N4P7_D5000_W5.txt,2,bottom,0.001,ABS,564.0,0.1,4,127,563.0,564.0
O32M71_N4P7_D5000_W5,official32_minus71.json,4.7,5000,5,2498,32,results/O32M71_N4P7_D5000_W5.txt,2,bottom,0.001,DIFF,1160.0,-0.0,4,127,1157.0,1161.0
O32M71_N4P7_D5000_W5,official32_minus71.json,4.7,5000,5,2498,32,results/O32M71_N4P7_D5000_W5.txt,2,bottom,0.001,Min-Max,471.0,-0.0,4,127,471.0,471.0
O32M71_N4P7_D5000_W5,official32_minus71.json,4.7,5000,5,2498,32,results/O32M71_N4P7_D5000_W5.txt,2,random,0.035,WCL,615.0,2.3,8,129,,
O32M71_N4P7_D5000_W5,official32_minus71.json,4.7,5000,5,2498,32,results/O32M71_N4P7_D5000_W5.txt,2,random,0.035,ABS,577.0,2.5,8,129,,
O32M71_N4P7_D5000_W5,official32_minus71.json,4.7,5000,5,2498,32,results/O32M71_N4P7_D5000_W5.txt,2,random,0.035,DIFF,1134.0,-2.2,8,129,,
O32M71_N4P7_D5000_W5,official32_minus71.json,4.7,5000,5,2498,32,results/O32M71_N4P7_D5000_W5.txt,2,random,0.035,Min-Max,487.0,3.3,8,129,,
O32M71_N4P7_D5000_W5,official32_minus71.json,4.7,5000,5,2498,32,results/O32M71_N4P7_D5000_W5.txt,3,top,0.275,WCL,643.0,7.0,4,130,643.0,644.0
O32M71_N4P7_D5000_W5,official32_minus71.json,4.7,5000,5,2498,32,results/O32M71_N4P7_D5000_W5.txt,3,top,0.275,ABS,594.0,5.6,4,130,577.0,605.0
O32M71_N4P7_D5000_W5,official32_minus71.json,4.7,5000,5,2498,32,results/O32M71_N4P7_D5000_W5.txt,3,top,0.275,DIFF,801.0,-31.0,4,130,771.0,827.0
O32M71_N4P7_D5000_W5,official32_minus71.json,4.7,5000,5,2498,32,results/O32M71_N4P7_D5000_W5.txt,3,top,0.275,Min-Max,596.0,26.5,4,130,577.0,639.0
O32M71_N4P7_D5000_W5,official32_minus71.json,4.7,5000,5,2498,32,results/O32M71_N4P7_D5000_W5.txt,3,bottom,0.002,WCL,601.0,0.0,4,132,601.0,603.0
O32M71_N4P7_D5000_W5,official32_minus71.json,4.7,5000,5,2498,32,results/O32M71_N4P7_D5000_W5.txt,3,bottom,0.002,ABS,563.0,0.1,4,132,563.0,564.0
O32M71_N4P7_D5000_W5,official32_minus71.json,4.7,5000,5,2498,32,results/O32M71_N4P7_D5000_W5.txt,3,bottom,0.002,DIFF,1161.0,0.0,4,132,1159.0,1161.0
O32M71_N4P7_D5000_W5,official32_minus71.json,4.7,5000,5,2498,32,results/O32M71_N4P7_D5000_W5.txt,3,bottom,0.002,Min-Max,471.0,0.0,4,132,471.0,472.0
O32M71_N4P7_D5000_W5,official32_minus71.json,4.7,5000,5,2498,32,results/O32M71_N4P7_D5000_W5.txt,3,random,0.085,WCL,618.0,2.8,8,134,,
O32M71_N4P7_D5000_W5,official32_minus71.json,4.7,5000,5,2498,32,results/O32M71_N4P7_D5000_W5.txt,3,random,0.085,ABS,577.0,2.6,8,134,,
O32M71_N4P7_D5000_W5,official32_minus71.json,4.7,5000,5,2498,32,results/O32M71_N4P7_D5000_W5.txt,3,random,0.085,DIFF,1076.0,-7.3,8,134,,
O32M71_N4P7_D5000_W5,official32_minus71.json,4.7,5000,5,2498,32,results/O32M71_N4P7_D5000_W5.txt,3,random,0.085,Min-Max,505.0,7.1,8,134,,
O32M71_N4P7_D5000_W5,official32_minus71.json,4.7,5000,5,2498,32,results/O32M71_N4P7_D5000_W5.txt,4,top,0.343,WCL,678.0,12.7,4,135,669.0,681.0
O32M71_N4P7_D5000_W5,official32_minus71.json,4.7,5000,5,2498,32,results/O32M71_N4P7_D5000_W5.txt,4,top,0.343,ABS,611.0,8.6,4,135,606.0,635.0
O32M71_N4P7_D5000_W5,official32_minus71.json,4.7,5000,5,2498,32,results/O32M71_N4P7_D5000_W5.txt,4,top,0.343,DIFF,888.0,-23.4,4,135,849.0,927.0
O32M71_N4P7_D5000_W5,official32_minus71.json,4.7,5000,5,2498,32,results/O32M71_N4P7_D5000_W5.txt,4,top,0.343,Min-Max,662.0,40.6,4,135,630.0,712.0
O32M71_N4P7_D5000_W5,official32_minus71.json,4.7,5000,5,2498,32,results/O32M71_N4P7_D5000_W5.txt,4,bottom,0.003,WCL,605.0,0.6,4,137,603.0,605.0
O32M71_N4P7_D5000_W5,official32_minus71.json,4.7,5000,5,2498,32,results/O32M71_N4P7_D5000_W5.txt,4,bottom,0.003,ABS,565.0,0.4,4,137,565.0,566.0
O32M71_N4P7_D5000_W5,official32_minus71.json,4.7,5000,5,2498,32,results/O32M71_N4P7_D5000_W5.txt,4,bottom,0.003,DIFF,1170.0,0.8,4,137,1169.0,1172.0
O32M71_N4P7_D5000_W5,official32_minus71.json,4.7,5000,5,2498,32,results/O32M71_N4P7_D5000_W5.txt,4,bottom,0.003,Min-Max,471.0,0.0,4,137,471.0,471.0
O32M71_N4P7_D5000_W5,official32_minus71.json,4.7,5000,5,2498,32,results/O32M71_N4P7_D5000_W5.txt,4,random,0.084,WCL,621.0,3.3,8,139,,
O32M71_N4P7_D5000_W5,official32_minus71.json,4.7,5000,5,2498,32,results/O32M71_N4P7_D5000_W5.txt,4,random,0.084,ABS,593.0,5.3,8,139,,
O32M71_N4P7_D5000_W5,official32_minus71.json,4.7,5000,5,2498,32,results/O32M71_N4P7_D5000_W5.txt,4,random,0.084,DIFF,1118.0,-3.7,8,139,,
O32M71_N4P7_D5000_W5,official32_minus71.json,4.7,5000,5,2498,32,results/O32M71_N4P7_D5000_W5.txt,4,random,0.084,Min-Max,496.0,5.4,8,139,,
O32M71_N4P7_D5000_W5,official32_minus71.json,4.7,5000,5,2498,32,results/O32M71_N4P7_D5000_W5.txt,5,top,0.407,WCL,688.0,14.4,4,140,686.0,691.0
O32M71_N4P7_D5000_W5,official32_minus71.json,4.7,5000,5,2498,32,results/O32M71_N4P7_D5000_W5.txt,5,top,0.407,ABS,640.0,13.7,4,140,615.0,648.0
O32M71_N4P7_D5000_W5,official32_minus71.json,4.7,5000,5,2498,32,results/O32M71_N4P7_D5000_W5.txt,5,top,0.407,DIFF,925.0,-20.3,4,140,833.0,1029.0
O32M71_N4P7_D5000_W5,official32_minus71.json,4.7,5000,5,2498,32,results/O32M71_N4P7_D5000_W5.txt,5,top,0.407,Min-Max,723.0,53.6,4,140,693.0,740.0
O32M71_N4P7_D5000_W5,official32_minus71.json,4.7,5000,5,2498,32,results/O32M71_N4P7_D5000_W5.txt,5,bottom,0.007,WCL,603.0,0.2,4,142,603.0,605.0
O32M71_N4P7_D5000_W5,official32_minus71.json,4.7,5000,5,2498,32,results/O32M71_N4P7_D5000_W5.txt,5,bottom,0.007,ABS,566.0,0.6,4,142,566.0,566.0
O32M71_N4P7_D5000_W5,official32_minus71.json,4.7,5000,5,2498,32,results/O32M71_N4P7_D5000_W5.txt,5,bottom,0.007,DIFF,1168.0,0.7,4,142,1165.0,1180.0
O32M71_N4P7_D5000_W5,official32_minus71.json,4.7,5000,5,2498,32,results/O32M71_N4P7_D5000_W5.txt,5,bottom,0.007,Min-Max,471.0,0.0,4,142,470.0,472.0
O32M71_N4P7_D5000_W5,official32_minus71.json,4.7,5000,5,2498,32,results/O32M71_N4P7_D5000_W5.txt,5,random,0.103,WCL,613.0,1.9,8,144,,
O32M71_N4P7_D5000_W5,official32_minus71.json,4.7,5000,5,2498,32,results/O32M71_N4P7_D5000_W5.txt,5,random,0.103,ABS,577.0,2.6,8,144,,
O32M71_N4P7_D5000_W5,official32_minus71.json,4.7,5000,5,2498,32,results/O32M71_N4P7_D5000_W5.txt,5,random,0.103,DIFF,1065.0,-8.2,8,144,,
O32M71_N4P7_D5000_W5,official32_minus71.json,4.7,5000,5,2498,32,results/O32M71_N4P7_D5000_W5.txt,5,random,0.103,Min-Max,511.0,8.6,8,144,,
O32M71_N4P7_D5000_W5,official32_minus71.json,4.7,5000,5,2498,32,results/O32M71_N4P7_D5000_W5.txt,6,top,0.471,WCL,805.0,33.9,4,145,797.0,812.0
O32M71_N4P7_D5000_W5,official32_minus71.json,4.7,5000,5,2498,32,results/O32M71_N4P7_D5000_W5.txt,6,top,0.471,ABS,635.0,12.9,4,145,563.0,651.0
O32M71_N4P7_D5000_W5,official32_minus71.json,4.7,5000,5,2498,32,results/O32M71_N4P7_D5000_W5.txt,6,top,0.471,DIFF,938.0,-19.2,4,145,929.0,944.0
O32M71_N4P7_D5000_W5,official32_minus71.json,4.7,5000,5,2498,32,results/O32M71_N4P7_D5000_W5.txt,6,top,0.471,Min-Max,778.0,65.1,4,145,749.0,922.0
O32M71_N4P7_D5000_W5,official32_minus71.json,4.7,5000,5,2498,32,results/O32M71_N4P7_D5000_W5.txt,6,bottom,0.012,WCL,604.0,0.5,4,147,594.0,605.0
O32M71_N4P7_D5000_W5,official32_minus71.json,4.7,5000,5,2498,32,results/O32M71_N4P7_D5000_W5.txt,6,bottom,0.012,ABS,568.0,1.0,4,147,564.0,569.0
O32M71_N4P7_D5000_W5,official32_minus71.json,4.7,5000,5,2498,32,results/O32M71_N4P7_D5000_W5.txt,6,bottom,0.012,DIFF,1168.0,0.6,4,147,1164.0,1179.0
O32M71_N4P7_D5000_W5,official32_minus71.json,4.7,5000,5,2498,32,results/O32M71_N4P7_D5000_W5.txt,6,bottom,0.012,Min-Max,468.0,-0.7,4,147,459.0,472.0
O32M71_N4P7_D5000_W5,official32_minus71.json,4.7,5000,5,2498,32,results/O32M71_N4P7_D5000_W5.txt,6,random,0.209,WCL,643.0,7.0,8,149,,
O32M71_N4P7_D5000_W5,official32_minus71.json,4.7,5000,5,2498,32,results/O32M71_N4P7_D5000_W5.txt,6,random,0.209,ABS,585.0,3.9,8,149,,
O32M71_N4P7_D5000_W5,official32_minus71.json,4.7,5000,5,2498,32,results/O32M71_N4P7_D5000_W5.txt,6,random,0.209,DIFF,954.0,-17.8,8,149,,
O32M71_N4P7_D5000_W5,official32_minus71.json,4.7,5000,5,2498,32,results/O32M71_N4P7_D5000_W5.txt,6,random,0.209,Min-Max,576.0,22.3,8,149,,
O32M71_N4P7_D5000_W5,official32_minus71.json,4.7,5000,5,2498,32,results/O32M71_N4P7_D5000_W5.txt,7,top,0.529,WCL,1525.0,153.7,4,150,1492.0,1633.0
O32M71_N4P7_D5000_W5,official32_minus71.json,4.7,5000,5,2498,32,results/O32M71_N4P7_D5000_W5.txt,7,top,0.529,ABS,930.0,65.2,4,150,902.0,999.0
O32M71_N4P7_D5000_W5,official32_minus71.json,4.7,5000,5,2498,32,results/O32M71_N4P7_D5000_W5.txt,7,top,0.529,DIFF,1285.0,10.7,4,150,1160.0,1486.0
O32M71_N4P7_D5000_W5,official32_minus71.json,4.7,5000,5,2498,32,results/O32M71_N4P7_D5000_W5.txt,7,top,0.529,Min-Max,1237.0,162.6,4,150,1220.0,1328.0
O32M71_N4P7_D5000_W5,official32_minus71.json,4.7,5000,5,2498,32,results/O32M71_N4P7_D5000_W5.txt,7,bottom,0.017,WCL,603.0,0.2,4,152,599.0,606.0
O32M71_N4P7_D5000_W5,official32_minus71.json,4.7,5000,5,2498,32,results/O32M71_N4P7_D5000_W5.txt,7,bottom,0.017,ABS,565.0,0.4,4,152,563.0,568.0
O32M71_N4P7_D5000_W5,official32_minus71.json,4.7,5000,5,2498,32,results/O32M71_N4P7_D5000_W5.txt,7,bottom,0.017,DIFF,1167.0,0.5,4,152,1162.0,1188.0
O32M71_N4P7_D5000_W5,official32_minus71.json,4.7,5000,5,2498,32,results/O32M71_N4P7_D5000_W5.txt,7,bottom,0.017,Min-Max,471.0,0.1,4,152,461.0,472.0
O32M71_N4P7_D5000_W5,official32_minus71.json,4.7,5000,5,2498,32,results/O32M71_N4P7_D5000_W5.txt,7,random,0.233,WCL,672.0,11.8,8,154,,
O32M71_N4P7_D5000_W5,official32_minus71.json,4.7,5000,5,2498,32,results/O32M71_N4P7_D5000_W5.txt,7,random,0.233,ABS,634.0,12.6,8,154,,
O32M71_N4P7_D5000_W5,official32_minus71.json,4.7,5000,5,2498,32,results/O32M71_N4P7_D5000_W5.txt,7,random,0.233,DIFF,966.0,-16.7,8,154,,
O32M71_N4P7_D5000_W5,official32_minus71.json,4.7,5000,5,2498,32,results/O32M71_N4P7_D5000_W5.txt,7,random,0.233,Min-Max,559.0,18.6,8,154,,
O32M71_N4P7_D5000_W5,official32_minus71.json,4.7,5000,5,2498,32,results/O32M71_N4P7_D5000_W5.txt,8,top,0.582,WCL,1534.0,155.2,4,155,1429.0,1640.0
O32M71_N4P7_D5000_W5,official32_minus71.json,4.7,5000,5,2498,32,results/O32M71_N4P7_D5000_W5.txt,8,top,0.582,ABS,974.0,73.2,4,155,875.0,1001.0
O32M71_N4P7_D5000_W5,official32_minus71.json,4.7,5000,5,2498,32,results/O32M71_N4P7_D5000_W5.txt,8,top,0.582,DIFF,1243.0,7.1,4,155,1214.0,1253.0
O32M71_N4P7_D5000_W5,official32_minus71.json,4.7,5000,5,2498,32,results/O32M71_N4P7_D5000_W5.txt,8,top,0.582,Min-Max,1062.0,125.5,4,155,935.0,1175.0
O32M71_N4P7_D5000_W5,official32_minus71.json,4.7,5000,5,2498,32,results/O32M71_N4P7_D5000_W5.txt,8,bottom,0.022,WCL,606.0,0.8,4,157,605.0,607.0
O32M71_N4P7_D5000_W5,official32_minus71.json,4.7,5000,5,2498,32,results/O32M71_N4P7_D5000_W5.txt,8,bottom,0.022,ABS,566.0,0.6,4,157,566.0,568.0
O32M71_N4P7_D5000_W5,official32_minus71.json,4.7,5000,5,2498,32,results/O32M71_N4P7_D5000_W5.txt,8,bottom,0.022,DIFF,1159.0,-0.1,4,157,1152.0,1170.0
O32M71_N4P7_D5000_W5,official32_minus71.json,4.7,5000,5,2498,32,results/O32M71_N4P7_D5000_W5.txt,8,bottom,0.022,Min-Max,474.0,0.6,4,157,464.0,477.0
O32M71_N4P7_D5000_W5,official32_minus71.json,4.7,5000,5,2498,32,results/O32M71_N4P7_D5000_W5.txt,8,random,0.24,WCL,659.0,9.6,8,159,,
O32M71_N4P7_D5000_W5,official32_minus71.json,4.7,5000,5,2498,32,results/O32M71_N4P7_D5000_W5.txt,8,random,0.24,ABS,590.0,4.8,8,159,,
O32M71_N4P7_D5000_W5,official32_minus71.json,4.7,5000,5,2498,32,results/O32M71_N4P7_D5000_W5.txt,8,random,0.24,DIFF,963.0,-17.0,8,159,,
O32M71_N4P7_D5000_W5,official32_minus71.json,4.7,5000,5,2498,32,results/O32M71_N4P7_D5000_W5.txt,8,random,0.24,Min-Max,560.0,19.0,8,159,,
O33PUBLISHED_N4P7_D5000_W10,official33_published.json,4.7,5000,10,2495,33,results/O33PUBLISHED_N4P7_D5000_W10.txt,1,top,0.091,WCL,618.0,5.7,8,120,618.0,618.0
O33PUBLISHED_N4P7_D5000_W10,official33_published.json,4.7,5000,10,2495,33,results/O33PUBLISHED_N4P7_D5000_W10.txt,1,top,0.091,ABS,547.0,3.7,8,120,532.0,550.0
O33PUBLISHED_N4P7_D5000_W10,official33_published.json,4.7,5000,10,2495,33,results/O33PUBLISHED_N4P7_D5000_W10.txt,1,top,0.091,DIFF,849.0,-16.1,8,120,799.0,961.0
O33PUBLISHED_N4P7_D5000_W10,official33_published.json,4.7,5000,10,2495,33,results/O33PUBLISHED_N4P7_D5000_W10.txt,1,top,0.091,Min-Max,535.0,14.4,8,120,502.0,573.0
O33PUBLISHED_N4P7_D5000_W10,official33_published.json,4.7,5000,10,2495,33,results/O33PUBLISHED_N4P7_D5000_W10.txt,1,bottom,0.001,WCL,585.0,0.0,8,122,585.0,585.0
O33PUBLISHED_N4P7_D5000_W10,official33_published.json,4.7,5000,10,2495,33,results/O33PUBLISHED_N4P7_D5000_W10.txt,1,bottom,0.001,ABS,528.0,0.0,8,122,528.0,528.0
O33PUBLISHED_N4P7_D5000_W10,official33_published.json,4.7,5000,10,2495,33,results/O33PUBLISHED_N4P7_D5000_W10.txt,1,bottom,0.001,DIFF,1012.0,0.0,8,122,1012.0,1012.0
O33PUBLISHED_N4P7_D5000_W10,official33_published.json,4.7,5000,10,2495,33,results/O33PUBLISHED_N4P7_D5000_W10.txt,1,bottom,0.001,Min-Max,468.0,0.0,8,122,468.0,468.0
O33PUBLISHED_N4P7_D5000_W10,official33_published.json,4.7,5000,10,2495,33,results/O33PUBLISHED_N4P7_D5000_W10.txt,1,random,0.047,WCL,598.0,2.2,8,124,,
O33PUBLISHED_N4P7_D5000_W10,official33_published.json,4.7,5000,10,2495,33,results/O33PUBLISHED_N4P7_D5000_W10.txt,1,random,0.047,ABS,530.0,0.4,8,124,,
O33PUBLISHED_N4P7_D5000_W10,official33_published.json,4.7,5000,10,2495,33,results/O33PUBLISHED_N4P7_D5000_W10.txt,1,random,0.047,DIFF,988.0,-2.4,8,124,,
O33PUBLISHED_N4P7_D5000_W10,official33_published.json,4.7,5000,10,2495,33,results/O33PUBLISHED_N4P7_D5000_W10.txt,1,random,0.047,Min-Max,481.0,2.9,8,124,,
O33PUBLISHED_N4P7_D5000_W10,official33_published.json,4.7,5000,10,2495,33,results/O33PUBLISHED_N4P7_D5000_W10.txt,2,top,0.176,WCL,589.0,0.7,8,125,588.0,589.0
O33PUBLISHED_N4P7_D5000_W10,official33_published.json,4.7,5000,10,2495,33,results/O33PUBLISHED_N4P7_D5000_W10.txt,2,top,0.176,ABS,527.0,-0.1,8,125,526.0,543.0
O33PUBLISHED_N4P7_D5000_W10,official33_published.json,4.7,5000,10,2495,33,results/O33PUBLISHED_N4P7_D5000_W10.txt,2,top,0.176,DIFF,811.0,-19.8,8,125,758.0,870.0
O33PUBLISHED_N4P7_D5000_W10,official33_published.json,4.7,5000,10,2495,33,results/O33PUBLISHED_N4P7_D5000_W10.txt,2,top,0.176,Min-Max,555.0,18.7,8,125,514.0,606.0
O33PUBLISHED_N4P7_D5000_W10,official33_published.json,4.7,5000,10,2495,33,results/O33PUBLISHED_N4P7_D5000_W10.txt,2,bottom,0.001,WCL,585.0,0.0,8,127,585.0,585.0
O33PUBLISHED_N4P7_D5000_W10,official33_published.json,4.7,5000,10,2495,33,results/O33PUBLISHED_N4P7_D5000_W10.txt,2,bottom,0.001,ABS,528.0,0.0,8,127,528.0,528.0
O33PUBLISHED_N4P7_D5000_W10,official33_published.json,4.7,5000,10,2495,33,results/O33PUBLISHED_N4P7_D5000_W10.txt,2,bottom,0.001,DIFF,1012.0,0.0,8,127,1011.0,1012.0
O33PUBLISHED_N4P7_D5000_W10,official33_published.json,4.7,5000,10,2495,33,results/O33PUBLISHED_N4P7_D5000_W10.txt,2,bottom,0.001,Min-Max,468.0,0.0,8,127,468.0,468.0
O33PUBLISHED_N4P7_D5000_W10,official33_published.json,4.7,5000,10,2495,33,results/O33PUBLISHED_N4P7_D5000_W10.txt,2,random,0.05,WCL,597.0,2.0,8,129,,
O33PUBLISHED_N4P7_D5000_W10,official33_published.json,4.7,5000,10,2495,33,results/O33PUBLISHED_N4P7_D5000_W10.txt,2,random,0.05,ABS,537.0,1.8,8,129,,
O33PUBLISHED_N4P7_D5000_W10,official33_published.json,4.7,5000,10,2495,33,results/O33PUBLISHED_N4P7_D5000_W10.txt,2,random,0.05,DIFF,984.0,-2.7,8,129,,
O33PUBLISHED_N4P7_D5000_W10,official33_published.json,4.7,5000,10,2495,33,results/O33PUBLISHED_N4P7_D5000_W10.txt,2,random,0.05,Min-Max,495.0,5.7,8,129,,
O33PUBLISHED_N4P7_D5000_W10,official33_published.json,4.7,5000,10,2495,33,results/O33PUBLISHED_N4P7_D5000_W10.txt,3,top,0.253,WCL,623.0,6.6,8,130,618.0,627.0
O33PUBLISHED_N4P7_D5000_W10,official33_published.json,4.7,5000,10,2495,33,results/O33PUBLISHED_N4P7_D5000_W10.txt,3,top,0.253,ABS,540.0,2.3,8,130,527.0,556.0
O33PUBLISHED_N4P7_D5000_W10,official33_published.json,4.7,5000,10,2495,33,results/O33PUBLISHED_N4P7_D5000_W10.txt,3,top,0.253,DIFF,819.0,-19.1,8,130,756.0,881.0
O33PUBLISHED_N4P7_D5000_W10,official33_published.json,4.7,5000,10,2495,33,results/O33PUBLISHED_N4P7_D5000_W10.txt,3,top,0.253,Min-Max,564.0,20.6,8,130,553.0,607.0
O33PUBLISHED_N4P7_D5000_W10,official33_published.json,4.7,5000,10,2495,33,results/O33PUBLISHED_N4P7_D5000_W10.txt,3,bottom,0.002,WCL,585.0,0.0,8,132,585.0,585.0
O33PUBLISHED_N4P7_D5000_W10,official33_published.json,4.7,5000,10,2495,33,results/O33PUBLISHED_N4P7_D5000_W10.txt,3,bottom,0.002,ABS,529.0,0.2,8,132,528.0,529.0
O33PUBLISHED_N4P7_D5000_W10,official33_published.json,4.7,5000,10,2495,33,results/O33PUBLISHED_N4P7_D5000_W10.txt,3,bottom,0.002,DIFF,1012.0,0.1,8,132,1012.0,1013.0
O33PUBLISHED_N4P7_D5000_W10,official33_published.json,4.7,5000,10,2495,33,results/O33PUBLISHED_N4P7_D5000_W10.txt,3,bottom,0.002,Min-Max,468.0,0.0,8,132,466.0,469.0
O33PUBLISHED_N4P7_D5000_W10,official33_published.json,4.7,5000,10,2495,33,results/O33PUBLISHED_N4P7_D5000_W10.txt,3,random,0.066,WCL,589.0,0.8,8,134,,
O33PUBLISHED_N4P7_D5000_W10,official33_published.json,4.7,5000,10,2495,33,results/O33PUBLISHED_N4P7_D5000_W10.txt,3,random,0.066,ABS,537.0,1.8,8,134,,
O33PUBLISHED_N4P7_D5000_W10,official33_published.json,4.7,5000,10,2495,33,results/O33PUBLISHED_N4P7_D5000_W10.txt,3,random,0.066,DIFF,933.0,-7.8,8,134,,
O33PUBLISHED_N4P7_D5000_W10,official33_published.json,4.7,5000,10,2495,33,results/O33PUBLISHED_N4P7_D5000_W10.txt,3,random,0.066,Min-Max,484.0,3.5,8,134,,
O33PUBLISHED_N4P7_D5000_W10,official33_published.json,4.7,5000,10,2495,33,results/O33PUBLISHED_N4P7_D5000_W10.txt,4,top,0.319,WCL,629.0,7.5,8,135,623.0,633.0
O33PUBLISHED_N4P7_D5000_W10,official33_published.json,4.7,5000,10,2495,33,results/O33PUBLISHED_N4P7_D5000_W10.txt,4,top,0.319,ABS,541.0,2.6,8,135,529.0,561.0
O33PUBLISHED_N4P7_D5000_W10,official33_published.json,4.7,5000,10,2495,33,results/O33PUBLISHED_N4P7_D5000_W10.txt,4,top,0.319,DIFF,822.0,-18.7,8,135,732.0,868.0
O33PUBLISHED_N4P7_D5000_W10,official33_published.json,4.7,5000,10,2495,33,results/O33PUBLISHED_N4P7_D5000_W10.txt,4,top,0.319,Min-Max,609.0,30.3,8,135,548.0,700.0
O33PUBLISHED_N4P7_D5000_W10,official33_published.json,4.7,5000,10,2495,33,results/O33PUBLISHED_N4P7_D5000_W10.txt,4,bottom,0.003,WCL,585.0,0.0,8,137,585.0,585.0
O33PUBLISHED_N4P7_D5000_W10,official33_published.json,4.7,5000,10,2495,33,results/O33PUBLISHED_N4P7_D5000_W10.txt,4,bottom,0.003,ABS,528.0,0.0,8,137,528.0,529.0
O33PUBLISHED_N4P7_D5000_W10,official33_published.json,4.7,5000,10,2495,33,results/O33PUBLISHED_N4P7_D5000_W10.txt,4,bottom,0.003,DIFF,1013.0,0.1,8,137,1010.0,1018.0
O33PUBLISHED_N4P7_D5000_W10,official33_published.json,4.7,5000,10,2495,33,results/O33PUBLISHED_N4P7_D5000_W10.txt,4,bottom,0.003,Min-Max,468.0,0.0,8,137,468.0,469.0
O33PUBLISHED_N4P7_D5000_W10,official33_published.json,4.7,5000,10,2495,33,results/O33PUBLISHED_N4P7_D5000_W10.txt,4,random,0.072,WCL,602.0,2.9,8,139,,
O33PUBLISHED_N4P7_D5000_W10,official33_published.json,4.7,5000,10,2495,33,results/O33PUBLISHED_N4P7_D5000_W10.txt,4,random,0.072,ABS,545.0,3.2,8,139,,
O33PUBLISHED_N4P7_D5000_W10,official33_published.json,4.7,5000,10,2495,33,results/O33PUBLISHED_N4P7_D5000_W10.txt,4,random,0.072,DIFF,973.0,-3.8,8,139,,
O33PUBLISHED_N4P7_D5000_W10,official33_published.json,4.7,5000,10,2495,33,results/O33PUBLISHED_N4P7_D5000_W10.txt,4,random,0.072,Min-Max,492.0,5.1,8,139,,
O33PUBLISHED_N4P7_D5000_W10,official33_published.json,4.7,5000,10,2495,33,results/O33PUBLISHED_N4P7_D5000_W10.txt,5,top,0.384,WCL,704.0,20.3,8,140,695.0,708.0
O33PUBLISHED_N4P7_D5000_W10,official33_published.json,4.7,5000,10,2495,33,results/O33PUBLISHED_N4P7_D5000_W10.txt,5,top,0.384,ABS,552.0,4.5,8,140,525.0,588.0
O33PUBLISHED_N4P7_D5000_W10,official33_published.json,4.7,5000,10,2495,33,results/O33PUBLISHED_N4P7_D5000_W10.txt,5,top,0.384,DIFF,856.0,-15.4,8,140,784.0,883.0
O33PUBLISHED_N4P7_D5000_W10,official33_published.json,4.7,5000,10,2495,33,results/O33PUBLISHED_N4P7_D5000_W10.txt,5,top,0.384,Min-Max,654.0,39.9,8,140,606.0,762.0
O33PUBLISHED_N4P7_D5000_W10,official33_published.json,4.7,5000,10,2495,33,results/O33PUBLISHED_N4P7_D5000_W10.txt,5,bottom,0.005,WCL,589.0,0.7,8,142,585.0,589.0
O33PUBLISHED_N4P7_D5000_W10,official33_published.json,4.7,5000,10,2495,33,results/O33PUBLISHED_N4P7_D5000_W10.txt,5,bottom,0.005,ABS,530.0,0.5,8,142,530.0,530.0
O33PUBLISHED_N4P7_D5000_W10,official33_published.json,4.7,5000,10,2495,33,results/O33PUBLISHED_N4P7_D5000_W10.txt,5,bottom,0.005,DIFF,1028.0,1.6,8,142,1021.0,1035.0
O33PUBLISHED_N4P7_D5000_W10,official33_published.json,4.7,5000,10,2495,33,results/O33PUBLISHED_N4P7_D5000_W10.txt,5,bottom,0.005,Min-Max,469.0,0.2,8,142,468.0,470.0
O33PUBLISHED_N4P7_D5000_W10,official33_published.json,4.7,5000,10,2495,33,results/O33PUBLISHED_N4P7_D5000_W10.txt,5,random,0.103,WCL,592.0,1.3,8,144,,
O33PUBLISHED_N4P7_D5000_W10,official33_published.json,4.7,5000,10,2495,33,results/O33PUBLISHED_N4P7_D5000_W10.txt,5,random,0.103,ABS,541.0,2.4,8,144,,
O33PUBLISHED_N4P7_D5000_W10,official33_published.json,4.7,5000,10,2495,33,results/O33PUBLISHED_N4P7_D5000_W10.txt,5,random,0.103,DIFF,906.0,-10.4,8,144,,
O33PUBLISHED_N4P7_D5000_W10,official33_published.json,4.7,5000,10,2495,33,results/O33PUBLISHED_N4P7_D5000_W10.txt,5,random,0.103,Min-Max,503.0,7.5,8,144,,
O33PUBLISHED_N4P7_D5000_W10,official33_published.json,4.7,5000,10,2495,33,results/O33PUBLISHED_N4P7_D5000_W10.txt,6,top,0.448,WCL,728.0,24.4,8,145,721.0,736.0
O33PUBLISHED_N4P7_D5000_W10,official33_published.json,4.7,5000,10,2495,33,results/O33PUBLISHED_N4P7_D5000_W10.txt,6,top,0.448,ABS,568.0,7.6,8,145,529.0,585.0
O33PUBLISHED_N4P7_D5000_W10,official33_published.json,4.7,5000,10,2495,33,results/O33PUBLISHED_N4P7_D5000_W10.txt,6,top,0.448,DIFF,865.0,-14.5,8,145,778.0,897.0
O33PUBLISHED_N4P7_D5000_W10,official33_published.json,4.7,5000,10,2495,33,results/O33PUBLISHED_N4P7_D5000_W10.txt,6,top,0.448,Min-Max,728.0,55.6,8,145,684.0,801.0
O33PUBLISHED_N4P7_D5000_W10,official33_published.json,4.7,5000,10,2495,33,results/O33PUBLISHED_N4P7_D5000_W10.txt,6,bottom,0.01,WCL,587.0,0.4,8,147,585.0,589.0
O33PUBLISHED_N4P7_D5000_W10,official33_published.json,4.7,5000,10,2495,33,results/O33PUBLISHED_N4P7_D5000_W10.txt,6,bottom,0.01,ABS,530.0,0.5,8,147,529.0,530.0
O33PUBLISHED_N4P7_D5000_W10,official33_published.json,4.7,5000,10,2495,33,results/O33PUBLISHED_N4P7_D5000_W10.txt,6,bottom,0.01,DIFF,1024.0,1.3,8,147,1017.0,1058.0
O33PUBLISHED_N4P7_D5000_W10,official33_published.json,4.7,5000,10,2495,33,results/O33PUBLISHED_N4P7_D5000_W10.txt,6,bottom,0.01,Min-Max,470.0,0.5,8,147,466.0,471.0
O33PUBLISHED_N4P7_D5000_W10,official33_published.json,4.7,5000,10,2495,33,results/O33PUBLISHED_N4P7_D5000_W10.txt,6,random,0.244,WCL,617.0,5.5,8,149,,
O33PUBLISHED_N4P7_D5000_W10,official33_published.json,4.7,5000,10,2495,33,results/O33PUBLISHED_N4P7_D5000_W10.txt,6,random,0.244,ABS,554.0,4.9,8,149,,
O33PUBLISHED_N4P7_D5000_W10,official33_published.json,4.7,5000,10,2495,33,results/O33PUBLISHED_N4P7_D5000_W10.txt,6,random,0.244,DIFF,847.0,-16.3,8,149,,
O33PUBLISHED_N4P7_D5000_W10,official33_published.json,4.7,5000,10,2495,33,results/O33PUBLISHED_N4P7_D5000_W10.txt,6,random,0.244,Min-Max,573.0,22.6,8,149,,
O33PUBLISHED_N4P7_D5000_W10,official33_published.json,4.7,5000,10,2495,33,results/O33PUBLISHED_N4P7_D5000_W10.txt,7,top,0.503,WCL,1485.0,154.0,8,150,1342.0,1529.0
O33PUBLISHED_N4P7_D5000_W10,official33_published.json,4.7,5000,10,2495,33,results/O33PUBLISHED_N4P7_D5000_W10.txt,7,top,0.503,ABS,897.0,70.0,8,150,871.0,987.0
O33PUBLISHED_N4P7_D5000_W10,official33_published.json,4.7,5000,10,2495,33,results/O33PUBLISHED_N4P7_D5000_W10.txt,7,top,0.503,DIFF,1276.0,26.1,8,150,1097.0,1430.0
O33PUBLISHED_N4P7_D5000_W10,official33_published.json,4.7,5000,10,2495,33,results/O33PUBLISHED_N4P7_D5000_W10.txt,7,top,0.503,Min-Max,1229.0,162.9,8,150,1150.0,1341.0
O33PUBLISHED_N4P7_D5000_W10,official33_published.json,4.7,5000,10,2495,33,results/O33PUBLISHED_N4P7_D5000_W10.txt,7,bottom,0.015,WCL,587.0,0.4,8,152,579.0,589.0
O33PUBLISHED_N4P7_D5000_W10,official33_published.json,4.7,5000,10,2495,33,results/O33PUBLISHED_N4P7_D5000_W10.txt,7,bottom,0.015,ABS,530.0,0.5,8,152,529.0,530.0
O33PUBLISHED_N4P7_D5000_W10,official33_published.json,4.7,5000,10,2495,33,results/O33PUBLISHED_N4P7_D5000_W10.txt,7,bottom,0.015,DIFF,1013.0,0.1,8,152,1010.0,1043.0
O33PUBLISHED_N4P7_D5000_W10,official33_published.json,4.7,5000,10,2495,33,results/O33PUBLISHED_N4P7_D5000_W10.txt,7,bottom,0.015,Min-Max,470.0,0.6,8,152,470.0,471.0
O33PUBLISHED_N4P7_D5000_W10,official33_published.json,4.7,5000,10,2495,33,results/O33PUBLISHED_N4P7_D5000_W10.txt,7,random,0.179,WCL,648.0,10.9,8,154,,
O33PUBLISHED_N4P7_D5000_W10,official33_published.json,4.7,5000,10,2495,33,results/O33PUBLISHED_N4P7_D5000_W10.txt,7,random,0.179,ABS,571.0,8.1,8,154,,
O33PUBLISHED_N4P7_D5000_W10,official33_published.json,4.7,5000,10,2495,33,results/O33PUBLISHED_N4P7_D5000_W10.txt,7,random,0.179,DIFF,876.0,-13.4,8,154,,
O33PUBLISHED_N4P7_D5000_W10,official33_published.json,4.7,5000,10,2495,33,results/O33PUBLISHED_N4P7_D5000_W10.txt,7,random,0.179,Min-Max,556.0,18.9,8,154,,
O33PUBLISHED_N4P7_D5000_W10,official33_published.json,4.7,5000,10,2495,33,results/O33PUBLISHED_N4P7_D5000_W10.txt,8,top,0.553,WCL,1366.0,133.6,8,155,1295.0,1552.0
O33PUBLISHED_N4P7_D5000_W10,official33_published.json,4.7,5000,10,2495,33,results/O33PUBLISHED_N4P7_D5000_W10.txt,8,top,0.553,ABS,908.0,72.0,8,155,853.0,972.0
O33PUBLISHED_N4P7_D5000_W10,official33_published.json,4.7,5000,10,2495,33,results/O33PUBLISHED_N4P7_D5000_W10.txt,8,top,0.553,DIFF,1194.0,18.0,8,155,1130.0,1291.0
O33PUBLISHED_N4P7_D5000_W10,official33_published.json,4.7,5000,10,2495,33,results/O33PUBLISHED_N4P7_D5000_W10.txt,8,top,0.553,Min-Max,1090.0,133.1,8,155,945.0,1371.0
O33PUBLISHED_N4P7_D5000_W10,official33_published.json,4.7,5000,10,2495,33,results/O33PUBLISHED_N4P7_D5000_W10.txt,8,bottom,0.02,WCL,587.0,0.4,8,157,585.0,589.0
O33PUBLISHED_N4P7_D5000_W10,official33_published.json,4.7,5000,10,2495,33,results/O33PUBLISHED_N4P7_D5000_W10.txt,8,bottom,0.02,ABS,528.0,0.0,8,157,525.0,530.0
O33PUBLISHED_N4P7_D5000_W10,official33_published.json,4.7,5000,10,2495,33,results/O33PUBLISHED_N4P7_D5000_W10.txt,8,bottom,0.02,DIFF,1016.0,0.5,8,157,1002.0,1055.0
O33PUBLISHED_N4P7_D5000_W10,official33_published.json,4.7,5000,10,2495,33,results/O33PUBLISHED_N4P7_D5000_W10.txt,8,bottom,0.02,Min-Max,470.0,0.5,8,157,469.0,472.0
O33PUBLISHED_N4P7_D5000_W10,official33_published.json,4.7,5000,10,2495,33,results/O33PUBLISHED_N4P7_D5000_W10.txt,8,random,0.283,WCL,633.0,8.3,8,159,,
O33PUBLISHED_N4P7_D5000_W10,official33_published.json,4.7,5000,10,2495,33,results/O33PUBLISHED_N4P7_D5000_W10.txt,8,random,0.283,ABS,552.0,4.5,8,159,,
O33PUBLISHED_N4P7_D5000_W10,official33_published.json,4.7,5000,10,2495,33,results/O33PUBLISHED_N4P7_D5000_W10.txt,8,random,0.283,DIFF,868.0,-14.2,8,159,,
O33PUBLISHED_N4P7_D5000_W10,official33_published.json,4.7,5000,10,2495,33,results/O33PUBLISHED_N4P7_D5000_W10.txt,8,random,0.283,Min-Max,565.0,20.9,8,159,,
O33PUBLISHED_N4P7_D5000_W10,official33_published.json,4.7,5000,10,2495,33,results/O33PUBLISHED_N4P7_D5000_W10.txt,9,top,0.6,WCL,1347.0,130.3,8,160,1297.0,1471.0
O33PUBLISHED_N4P7_D5000_W10,official33_published.json,4.7,5000,10,2495,33,results/O33PUBLISHED_N4P7_D5000_W10.txt,9,top,0.6,ABS,905.0,71.5,8,160,869.0,1002.0
O33PUBLISHED_N4P7_D5000_W10,official33_published.json,4.7,5000,10,2495,33,results/O33PUBLISHED_N4P7_D5000_W10.txt,9,top,0.6,DIFF,1230.0,21.6,8,160,1131.0,1294.0
O33PUBLISHED_N4P7_D5000_W10,official33_published.json,4.7,5000,10,2495,33,results/O33PUBLISHED_N4P7_D5000_W10.txt,9,top,0.6,Min-Max,1085.0,131.9,8,160,891.0,1213.0
O33PUBLISHED_N4P7_D5000_W10,official33_published.json,4.7,5000,10,2495,33,results/O33PUBLISHED_N4P7_D5000_W10.txt,9,bottom,0.03,WCL,589.0,0.8,8,162,579.0,589.0
O33PUBLISHED_N4P7_D5000_W10,official33_published.json,4.7,5000,10,2495,33,results/O33PUBLISHED_N4P7_D5000_W10.txt,9,bottom,0.03,ABS,531.0,0.5,8,162,528.0,533.0
O33PUBLISHED_N4P7_D5000_W10,official33_published.json,4.7,5000,10,2495,33,results/O33PUBLISHED_N4P7_D5000_W10.txt,9,bottom,0.03,DIFF,993.0,-1.8,8,162,990.0,1043.0
O33PUBLISHED_N4P7_D5000_W10,official33_published.json,4.7,5000,10,2495,33,results/O33PUBLISHED_N4P7_D5000_W10.txt,9,bottom,0.03,Min-Max,471.0,0.7,8,162,470.0,471.0
O33PUBLISHED_N4P7_D5000_W10,official33_published.json,4.7,5000,10,2495,33,results/O33PUBLISHED_N4P7_D5000_W10.txt,9,random,0.271,WCL,681.0,16.4,8,164,,
O33PUBLISHED_N4P7_D5000_W10,official33_published.json,4.7,5000,10,2495,33,results/O33PUBLISHED_N4P7_D5000_W10.txt,9,random,0.271,ABS,594.0,12.5,8,164,,
O33PUBLISHED_N4P7_D5000_W10,official33_published.json,4.7,5000,10,2495,33,results/O33PUBLISHED_N4P7_D5000_W10.txt,9,random,0.271,DIFF,864.0,-14.6,8,164,,
O33PUBLISHED_N4P7_D5000_W10,official33_published.json,4.7,5000,10,2495,33,results/O33PUBLISHED_N4P7_D5000_W10.txt,9,random,0.271,Min-Max,580.0,24.1,8,164,,
O33PUBLISHED_N4P7_D5000_W10,official33_published.json,4.7,5000,10,2495,33,results/O33PUBLISHED_N4P7_D5000_W10.txt,10,top,0.642,WCL,1508.0,157.8,8,165,1249.0,1786.0
O33PUBLISHED_N4P7_D5000_W10,official33_published.json,4.7,5000,10,2495,33,results/O33PUBLISHED_N4P7_D5000_W10.txt,10,top,0.642,ABS,947.0,79.5,8,165,927.0,1051.0
O33PUBLISHED_N4P7_D5000_W10,official33_published.json,4.7,5000,10,2495,33,results/O33PUBLISHED_N4P7_D5000_W10.txt,10,top,0.642,DIFF,1315.0,30.0,8,165,1157.0,1396.0
O33PUBLISHED_N4P7_D5000_W10,official33_published.json,4.7,5000,10,2495,33,results/O33PUBLISHED_N4P7_D5000_W10.txt,10,top,0.642,Min-Max,1182.0,152.8,8,165,978.0,1377.0
O33PUBLISHED_N4P7_D5000_W10,official33_published.json,4.7,5000,10,2495,33,results/O33PUBLISHED_N4P7_D5000_W10.txt,10,bottom,0.042,WCL,589.0,0.8,8,167,589.0,589.0
O33PUBLISHED_N4P7_D5000_W10,official33_published.json,4.7,5000,10,2495,33,results/O33PUBLISHED_N4P7_D5000_W10.txt,10,bottom,0.042,ABS,531.0,0.7,8,167,528.0,535.0
O33PUBLISHED_N4P7_D5000_W10,official33_published.json,4.7,5000,10,2495,33,results/O33PUBLISHED_N4P7_D5000_W10.txt,10,bottom,0.042,DIFF,988.0,-2.3,8,167,977.0,1018.0
O33PUBLISHED_N4P7_D5000_W10,official33_published.json,4.7,5000,10,2495,33,results/O33PUBLISHED_N4P7_D5000_W10.txt,10,bottom,0.042,Min-Max,471.0,0.7,8,167,467.0,473.0
O33PUBLISHED_N4P7_D5000_W10,official33_published.json,4.7,5000,10,2495,33,results/O33PUBLISHED_N4P7_D5000_W10.txt,10,random,0.288,WCL,695.0,18.9,8,169,,
O33PUBLISHED_N4P7_D5000_W10,official33_published.json,4.7,5000,10,2495,33,results/O33PUBLISHED_N4P7_D5000_W10.txt,10,random,0.288,ABS,639.0,21.1,8,169,,
O33PUBLISHED_N4P7_D5000_W10,official33_published.json,4.7,5000,10,2495,33,results/O33PUBLISHED_N4P7_D5000_W10.txt,10,random,0.288,DIFF,868.0,-14.2,8,169,,
O33PUBLISHED_N4P7_D5000_W10,official33_published.json,4.7,5000,10,2495,33,results/O33PUBLISHED_N4P7_D5000_W10.txt,10,random,0.288,Min-Max,592.0,26.5,8,169,,
O33PUBLISHED_N4P7_D5000_W10,official33_published.json,4.7,5000,10,2495,33,results/O33PUBLISHED_N4P7_D5000_W10.txt,11,top,0.683,WCL,1955.0,234.3,8,170,1759.0,2230.0
O33PUBLISHED_N4P7_D5000_W10,official33_published.json,4.7,5000,10,2495,33,results/O33PUBLISHED_N4P7_D5000_W10.txt,11,top,0.683,ABS,1057.0,100.3,8,170,1009.0,1260.0
O33PUBLISHED_N4P7_D5000_W10,official33_published.json,4.7,5000,10,2495,33,results/O33PUBLISHED_N4P7_D5000_W10.txt,11,top,0.683,DIFF,1407.0,39.1,8,170,1333.0,1594.0
O33PUBLISHED_N4P7_D5000_W10,official33_published.json,4.7,5000,10,2495,33,results/O33PUBLISHED_N4P7_D5000_W10.txt,11,top,0.683,Min-Max,1326.0,183.6,8,170,1079.0,1594.0
O33PUBLISHED_N4P7_D5000_W10,official33_published.json,4.7,5000,10,2495,33,results/O33PUBLISHED_N4P7_D5000_W10.txt,11,bottom,0.055,WCL,591.0,1.0,8,172,585.0,595.0
O33PUBLISHED_N4P7_D5000_W10,official33_published.json,4.7,5000,10,2495,33,results/O33PUBLISHED_N4P7_D5000_W10.txt,11,bottom,0.055,ABS,530.0,0.4,8,172,524.0,533.0
O33PUBLISHED_N4P7_D5000_W10,official33_published.json,4.7,5000,10,2495,33,results/O33PUBLISHED_N4P7_D5000_W10.txt,11,bottom,0.055,DIFF,976.0,-3.5,8,172,935.0,1032.0
O33PUBLISHED_N4P7_D5000_W10,official33_published.json,4.7,5000,10,2495,33,results/O33PUBLISHED_N4P7_D5000_W10.txt,11,bottom,0.055,Min-Max,473.0,1.0,8,172,470.0,477.0
O33PUBLISHED_N4P7_D5000_W10,official33_published.json,4.7,5000,10,2495,33,results/O33PUBLISHED_N4P7_D5000_W10.txt,11,random,0.309,WCL,709.0,21.3,8,174,,
O33PUBLISHED_N4P7_D5000_W10,official33_published.json,4.7,5000,10,2495,33,results/O33PUBLISHED_N4P7_D5000_W10.txt,11,random,0.309,ABS,623.0,18.1,8,174,,
O33PUBLISHED_N4P7_D5000_W10,official33_published.json,4.7,5000,10,2495,33,results/O33PUBLISHED_N4P7_D5000_W10.txt,11,random,0.309,DIFF,878.0,-13.2,8,174,,
O33PUBLISHED_N4P7_D5000_W10,official33_published.json,4.7,5000,10,2495,33,results/O33PUBLISHED_N4P7_D5000_W10.txt,11,random,0.309,Min-Max,631.0,34.9,8,174,,
O33PUBLISHED_N4P7_D5000_W10,official33_published.json,4.7,5000,10,2495,33,results/O33PUBLISHED_N4P7_D5000_W10.txt,12,top,0.723,WCL,1857.0,217.6,8,175,1532.0,2081.0
O33PUBLISHED_N4P7_D5000_W10,official33_published.json,4.7,5000,10,2495,33,results/O33PUBLISHED_N4P7_D5000_W10.txt,12,top,0.723,ABS,1071.0,103.0,8,175,1022.0,1164.0
O33PUBLISHED_N4P7_D5000_W10,official33_published.json,4.7,5000,10,2495,33,results/O33PUBLISHED_N4P7_D5000_W10.txt,12,top,0.723,DIFF,1401.0,38.5,8,175,1326.0,1595.0
O33PUBLISHED_N4P7_D5000_W10,official33_published.json,4.7,5000,10,2495,33,results/O33PUBLISHED_N4P7_D5000_W10.txt,12,top,0.723,Min-Max,1208.0,158.3,8,175,1061.0,1749.0
O33PUBLISHED_N4P7_D5000_W10,official33_published.json,4.7,5000,10,2495,33,results/O33PUBLISHED_N4P7_D5000_W10.txt,12,bottom,0.068,WCL,591.0,1.1,8,177,589.0,595.0
O33PUBLISHED_N4P7_D5000_W10,official33_published.json,4.7,5000,10,2495,33,results/O33PUBLISHED_N4P7_D5000_W10.txt,12,bottom,0.068,ABS,526.0,-0.3,8,177,524.0,530.0
O33PUBLISHED_N4P7_D5000_W10,official33_published.json,4.7,5000,10,2495,33,results/O33PUBLISHED_N4P7_D5000_W10.txt,12,bottom,0.068,DIFF,972.0,-3.9,8,177,945.0,1033.0
O33PUBLISHED_N4P7_D5000_W10,official33_published.json,4.7,5000,10,2495,33,results/O33PUBLISHED_N4P7_D5000_W10.txt,12,bottom,0.068,Min-Max,472.0,0.9,8,177,465.0,473.0
O33PUBLISHED_N4P7_D5000_W10,official33_published.json,4.7,5000,10,2495,33,results/O33PUBLISHED_N4P7_D5000_W10.txt,12,random,0.37,WCL,713.0,21.9,8,179,,
O33PUBLISHED_N4P7_D5000_W10,official33_published.json,4.7,5000,10,2495,33,results/O33PUBLISHED_N4P7_D5000_W10.txt,12,random,0.37,ABS,609.0,15.4,8,179,,
O33PUBLISHED_N4P7_D5000_W10,official33_published.json,4.7,5000,10,2495,33,results/O33PUBLISHED_N4P7_D5000_W10.txt,12,random,0.37,DIFF,831.0,-17.8,8,179,,
O33PUBLISHED_N4P7_D5000_W10,official33_published.json,4.7,5000,10,2495,33,results/O33PUBLISHED_N4P7_D5000_W10.txt,12,random,0.37,Min-Max,616.0,31.7,8,179,,
O33PUBLISHED_N4P7_D5000_W10,official33_published.json,4.7,5000,10,2495,33,results/O33PUBLISHED_N4P7_D5000_W10.txt,13,top,0.763,WCL,2365.0,304.4,8,180,1827.0,2743.0
O33PUBLISHED_N4P7_D5000_W10,official33_published.json,4.7,5000,10,2495,33,results/O33PUBLISHED_N4P7_D5000_W10.txt,13,top,0.763,ABS,1147.0,117.4,8,180,1064.0,1310.0
O33PUBLISHED_N4P7_D5000_W10,official33_published.json,4.7,5000,10,2495,33,results/O33PUBLISHED_N4P7_D5000_W10.txt,13,top,0.763,DIFF,1486.0,46.9,8,180,1418.0,1692.0
O33PUBLISHED_N4P7_D5000_W10,official33_published.json,4.7,5000,10,2495,33,results/O33PUBLISHED_N4P7_D5000_W10.txt,13,top,0.763,Min-Max,1560.0,233.6,8,180,1045.0,1929.0
O33PUBLISHED_N4P7_D5000_W10,official33_published.json,4.7,5000,10,2495,33,results/O33PUBLISHED_N4P7_D5000_W10.txt,13,bottom,0.083,WCL,595.0,1.8,8,182,593.0,601.0
O33PUBLISHED_N4P7_D5000_W10,official33_published.json,4.7,5000,10,2495,33,results/O33PUBLISHED_N4P7_D5000_W10.txt,13,bottom,0.083,ABS,528.0,0.1,8,182,524.0,535.0
O33PUBLISHED_N4P7_D5000_W10,official33_published.json,4.7,5000,10,2495,33,results/O33PUBLISHED_N4P7_D5000_W10.txt,13,bottom,0.083,DIFF,923.0,-8.8,8,182,906.0,951.0
O33PUBLISHED_N4P7_D5000_W10,official33_published.json,4.7,5000,10,2495,33,results/O33PUBLISHED_N4P7_D5000_W10.txt,13,bottom,0.083,Min-Max,473.0,1.2,8,182,470.0,480.0
O33PUBLISHED_N4P7_D5000_W10,official33_published.json,4.7,5000,10,2495,33,results/O33PUBLISHED_N4P7_D5000_W10.txt,13,random,0.358,WCL,715.0,22.3,8,184,,
O33PUBLISHED_N4P7_D5000_W10,official33_published.json,4.7,5000,10,2495,33,results/O33PUBLISHED_N4P7_D5000_W10.txt,13,random,0.358,ABS,631.0,19.5,8,184,,
O33PUBLISHED_N4P7_D5000_W10,official33_published.json,4.7,5000,10,2495,33,results/O33PUBLISHED_N4P7_D5000_W10.txt,13,random,0.358,DIFF,869.0,-14.1,8,184,,
O33PUBLISHED_N4P7_D5000_W10,official33_published.json,4.7,5000,10,2495,33,results/O33PUBLISHED_N4P7_D5000_W10.txt,13,random,0.358,Min-Max,635.0,35.7,8,184,,
O33PUBLISHED_N4P7_D5000_W10,official33_published.json,4.7,5000,10,2495,33,results/O33PUBLISHED_N4P7_D5000_W10.txt,14,top,0.788,WCL,2315.0,295.8,8,185,2160.0,2954.0
O33PUBLISHED_N4P7_D5000_W10,official33_published.json,4.7,5000,10,2495,33,results/O33PUBLISHED_N4P7_D5000_W10.txt,14,top,0.788,ABS,1224.0,131.9,8,185,1127.0,1397.0
O33PUBLISHED_N4P7_D5000_W10,official33_published.json,4.7,5000,10,2495,33,results/O33PUBLISHED_N4P7_D5000_W10.txt,14,top,0.788,DIFF,1565.0,54.7,8,185,1371.0,1745.0
O33PUBLISHED_N4P7_D5000_W10,official33_published.json,4.7,5000,10,2495,33,results/O33PUBLISHED_N4P7_D5000_W10.txt,14,top,0.788,Min-Max,1477.0,215.8,8,185,1323.0,1712.0
O33PUBLISHED_N4P7_D5000_W10,official33_published.json,4.7,5000,10,2495,33,results/O33PUBLISHED_N4P7_D5000_W10.txt,14,bottom,0.103,WCL,595.0,1.8,8,187,576.0,601.0
O33PUBLISHED_N4P7_D5000_W10,official33_published.json,4.7,5000,10,2495,33,results/O33PUBLISHED_N4P7_D5000_W10.txt,14,bottom,0.103,ABS,528.0,0.0,8,187,523.0,537.0
O33PUBLISHED_N4P7_D5000_W10,official33_published.json,4.7,5000,10,2495,33,results/O33PUBLISHED_N4P7_D5000_W10.txt,14,bottom,0.103,DIFF,902.0,-10.8,8,187,883.0,969.0
O33PUBLISHED_N4P7_D5000_W10,official33_published.json,4.7,5000,10,2495,33,results/O33PUBLISHED_N4P7_D5000_W10.txt,14,bottom,0.103,Min-Max,469.0,0.3,8,187,455.0,479.0
O33PUBLISHED_N4P7_D5000_W10,official33_published.json,4.7,5000,10,2495,33,results/O33PUBLISHED_N4P7_D5000_W10.txt,14,random,0.391,WCL,772.0,32.0,8,189,,
O33PUBLISHED_N4P7_D5000_W10,official33_published.json,4.7,5000,10,2495,33,results/O33PUBLISHED_N4P7_D5000_W10.txt,14,random,0.391,ABS,620.0,17.6,8,189,,
O33PUBLISHED_N4P7_D5000_W10,official33_published.json,4.7,5000,10,2495,33,results/O33PUBLISHED_N4P7_D5000_W10.txt,14,random,0.391,DIFF,834.0,-17.5,8,189,,
O33PUBLISHED_N4P7_D5000_W10,official33_published.json,4.7,5000,10,2495,33,results/O33PUBLISHED_N4P7_D5000_W10.txt,14,random,0.391,Min-Max,653.0,39.7,8,189,,
O33R71_N4P7_D1000_W10,official33_repaired71.json,4.7,1000,10,2495,33,results/O33R71_N4P7_D1000_W10.txt,1,top,0.091,WCL,615.0,6.1,4,120,610.0,619.0
O33R71_N4P7_D1000_W10,official33_repaired71.json,4.7,1000,10,2495,33,results/O33R71_N4P7_D1000_W10.txt,1,top,0.091,ABS,556.0,5.3,4,120,530.0,591.0
O33R71_N4P7_D1000_W10,official33_repaired71.json,4.7,1000,10,2495,33,results/O33R71_N4P7_D1000_W10.txt,1,top,0.091,DIFF,979.0,-3.3,4,120,958.0,997.0
O33R71_N4P7_D1000_W10,official33_repaired71.json,4.7,1000,10,2495,33,results/O33R71_N4P7_D1000_W10.txt,1,top,0.091,Min-Max,490.0,5.3,4,120,478.0,506.0
O33R71_N4P7_D1000_W10,official33_repaired71.json,4.7,1000,10,2495,33,results/O33R71_N4P7_D1000_W10.txt,1,bottom,0.001,WCL,582.0,0.4,4,122,579.0,585.0
O33R71_N4P7_D1000_W10,official33_repaired71.json,4.7,1000,10,2495,33,results/O33R71_N4P7_D1000_W10.txt,1,bottom,0.001,ABS,528.0,0.0,4,122,528.0,528.0
O33R71_N4P7_D1000_W10,official33_repaired71.json,4.7,1000,10,2495,33,results/O33R71_N4P7_D1000_W10.txt,1,bottom,0.001,DIFF,1017.0,0.4,4,122,1012.0,1020.0
O33R71_N4P7_D1000_W10,official33_repaired71.json,4.7,1000,10,2495,33,results/O33R71_N4P7_D1000_W10.txt,1,bottom,0.001,Min-Max,466.0,0.0,4,122,466.0,468.0
O33R71_N4P7_D1000_W10,official33_repaired71.json,4.7,1000,10,2495,33,results/O33R71_N4P7_D1000_W10.txt,1,random,0.047,WCL,582.0,0.4,8,124,,
O33R71_N4P7_D1000_W10,official33_repaired71.json,4.7,1000,10,2495,33,results/O33R71_N4P7_D1000_W10.txt,1,random,0.047,ABS,526.0,-0.3,8,124,,
O33R71_N4P7_D1000_W10,official33_repaired71.json,4.7,1000,10,2495,33,results/O33R71_N4P7_D1000_W10.txt,1,random,0.047,DIFF,1004.0,-0.8,8,124,,
O33R71_N4P7_D1000_W10,official33_repaired71.json,4.7,1000,10,2495,33,results/O33R71_N4P7_D1000_W10.txt,1,random,0.047,Min-Max,469.0,0.8,8,124,,
O33R71_N4P7_D1000_W10,official33_repaired71.json,4.7,1000,10,2495,33,results/O33R71_N4P7_D1000_W10.txt,2,top,0.176,WCL,653.0,12.6,4,125,585.0,772.0
O33R71_N4P7_D1000_W10,official33_repaired71.json,4.7,1000,10,2495,33,results/O33R71_N4P7_D1000_W10.txt,2,top,0.176,ABS,579.0,9.8,4,125,555.0,634.0
O33R71_N4P7_D1000_W10,official33_repaired71.json,4.7,1000,10,2495,33,results/O33R71_N4P7_D1000_W10.txt,2,top,0.176,DIFF,1039.0,2.6,4,125,942.0,1088.0
O33R71_N4P7_D1000_W10,official33_repaired71.json,4.7,1000,10,2495,33,results/O33R71_N4P7_D1000_W10.txt,2,top,0.176,Min-Max,520.0,11.7,4,125,495.0,587.0
O33R71_N4P7_D1000_W10,official33_repaired71.json,4.7,1000,10,2495,33,results/O33R71_N4P7_D1000_W10.txt,2,bottom,0.001,WCL,581.0,0.1,4,127,579.0,582.0
O33R71_N4P7_D1000_W10,official33_repaired71.json,4.7,1000,10,2495,33,results/O33R71_N4P7_D1000_W10.txt,2,bottom,0.001,ABS,528.0,0.0,4,127,528.0,529.0
O33R71_N4P7_D1000_W10,official33_repaired71.json,4.7,1000,10,2495,33,results/O33R71_N4P7_D1000_W10.txt,2,bottom,0.001,DIFF,1013.0,0.0,4,127,1011.0,1017.0
O33R71_N4P7_D1000_W10,official33_repaired71.json,4.7,1000,10,2495,33,results/O33R71_N4P7_D1000_W10.txt,2,bottom,0.001,Min-Max,467.0,0.2,4,127,466.0,468.0
O33R71_N4P7_D1000_W10,official33_repaired71.json,4.7,1000,10,2495,33,results/O33R71_N4P7_D1000_W10.txt,2,random,0.05,WCL,589.0,1.6,8,129,,
O33R71_N4P7_D1000_W10,official33_repaired71.json,4.7,1000,10,2495,33,results/O33R71_N4P7_D1000_W10.txt,2,random,0.05,ABS,530.0,0.5,8,129,,
O33R71_N4P7_D1000_W10,official33_repaired71.json,4.7,1000,10,2495,33,results/O33R71_N4P7_D1000_W10.txt,2,random,0.05,DIFF,1030.0,1.7,8,129,,
O33R71_N4P7_D1000_W10,official33_repaired71.json,4.7,1000,10,2495,33,results/O33R71_N4P7_D1000_W10.txt,2,random,0.05,Min-Max,471.0,1.1,8,129,,
O33R71_N4P7_D1000_W10,official33_repaired71.json,4.7,1000,10,2495,33,results/O33R71_N4P7_D1000_W10.txt,3,top,0.253,WCL,729.0,25.7,4,130,714.0,767.0
O33R71_N4P7_D1000_W10,official33_repaired71.json,4.7,1000,10,2495,33,results/O33R71_N4P7_D1000_W10.txt,3,top,0.253,ABS,600.0,13.7,4,130,555.0,630.0
O33R71_N4P7_D1000_W10,official33_repaired71.json,4.7,1000,10,2495,33,results/O33R71_N4P7_D1000_W10.txt,3,top,0.253,DIFF,1005.0,-0.7,4,130,955.0,1137.0
O33R71_N4P7_D1000_W10,official33_repaired71.json,4.7,1000,10,2495,33,results/O33R71_N4P7_D1000_W10.txt,3,top,0.253,Min-Max,555.0,19.1,4,130,541.0,580.0
O33R71_N4P7_D1000_W10,official33_repaired71.json,4.7,1000,10,2495,33,results/O33R71_N4P7_D1000_W10.txt,3,bottom,0.002,WCL,581.0,0.1,4,132,579.0,582.0
O33R71_N4P7_D1000_W10,official33_repaired71.json,4.7,1000,10,2495,33,results/O33R71_N4P7_D1000_W10.txt,3,bottom,0.002,ABS,528.0,0.0,4,132,528.0,528.0
O33R71_N4P7_D1000_W10,official33_repaired71.json,4.7,1000,10,2495,33,results/O33R71_N4P7_D1000_W10.txt,3,bottom,0.002,DIFF,1012.0,-0.1,4,132,1011.0,1017.0
O33R71_N4P7_D1000_W10,official33_repaired71.json,4.7,1000,10,2495,33,results/O33R71_N4P7_D1000_W10.txt,3,bottom,0.002,Min-Max,466.0,0.0,4,132,466.0,468.0
O33R71_N4P7_D1000_W10,official33_repaired71.json,4.7,1000,10,2495,33,results/O33R71_N4P7_D1000_W10.txt,3,random,0.066,WCL,584.0,0.6,8,134,,
O33R71_N4P7_D1000_W10,official33_repaired71.json,4.7,1000,10,2495,33,results/O33R71_N4P7_D1000_W10.txt,3,random,0.066,ABS,533.0,1.0,8,134,,
O33R71_N4P7_D1000_W10,official33_repaired71.json,4.7,1000,10,2495,33,results/O33R71_N4P7_D1000_W10.txt,3,random,0.066,DIFF,1018.0,0.5,8,134,,
O33R71_N4P7_D1000_W10,official33_repaired71.json,4.7,1000,10,2495,33,results/O33R71_N4P7_D1000_W10.txt,3,random,0.066,Min-Max,471.0,1.2,8,134,,
O33R71_N4P7_D1000_W10,official33_repaired71.json,4.7,1000,10,2495,33,results/O33R71_N4P7_D1000_W10.txt,4,top,0.319,WCL,647.0,11.6,4,135,560.0,733.0
O33R71_N4P7_D1000_W10,official33_repaired71.json,4.7,1000,10,2495,33,results/O33R71_N4P7_D1000_W10.txt,4,top,0.319,ABS,561.0,6.4,4,135,542.0,678.0
O33R71_N4P7_D1000_W10,official33_repaired71.json,4.7,1000,10,2495,33,results/O33R71_N4P7_D1000_W10.txt,4,top,0.319,DIFF,1100.0,8.7,4,135,946.0,1145.0
O33R71_N4P7_D1000_W10,official33_repaired71.json,4.7,1000,10,2495,33,results/O33R71_N4P7_D1000_W10.txt,4,top,0.319,Min-Max,511.0,9.7,4,135,476.0,558.0
O33R71_N4P7_D1000_W10,official33_repaired71.json,4.7,1000,10,2495,33,results/O33R71_N4P7_D1000_W10.txt,4,bottom,0.003,WCL,582.0,0.4,4,137,576.0,585.0
O33R71_N4P7_D1000_W10,official33_repaired71.json,4.7,1000,10,2495,33,results/O33R71_N4P7_D1000_W10.txt,4,bottom,0.003,ABS,528.0,0.0,4,137,528.0,528.0
O33R71_N4P7_D1000_W10,official33_repaired71.json,4.7,1000,10,2495,33,results/O33R71_N4P7_D1000_W10.txt,4,bottom,0.003,DIFF,1012.0,-0.1,4,137,1011.0,1013.0
O33R71_N4P7_D1000_W10,official33_repaired71.json,4.7,1000,10,2495,33,results/O33R71_N4P7_D1000_W10.txt,4,bottom,0.003,Min-Max,468.0,0.4,4,137,466.0,468.0
O33R71_N4P7_D1000_W10,official33_repaired71.json,4.7,1000,10,2495,33,results/O33R71_N4P7_D1000_W10.txt,4,random,0.072,WCL,595.0,2.6,8,139,,
O33R71_N4P7_D1000_W10,official33_repaired71.json,4.7,1000,10,2495,33,results/O33R71_N4P7_D1000_W10.txt,4,random,0.072,ABS,533.0,1.0,8,139,,
O33R71_N4P7_D1000_W10,official33_repaired71.json,4.7,1000,10,2495,33,results/O33R71_N4P7_D1000_W10.txt,4,random,0.072,DIFF,1043.0,3.0,8,139,,
O33R71_N4P7_D1000_W10,official33_repaired71.json,4.7,1000,10,2495,33,results/O33R71_N4P7_D1000_W10.txt,4,random,0.072,Min-Max,473.0,1.5,8,139,,
O33R71_N4P7_D1000_W10,official33_repaired71.json,4.7,1000,10,2495,33,results/O33R71_N4P7_D1000_W10.txt,5,top,0.384,WCL,713.0,22.9,4,140,631.0,751.0
O33R71_N4P7_D1000_W10,official33_repaired71.json,4.7,1000,10,2495,33,results/O33R71_N4P7_D1000_W10.txt,5,top,0.384,ABS,613.0,16.1,4,140,550.0,644.0
O33R71_N4P7_D1000_W10,official33_repaired71.json,4.7,1000,10,2495,33,results/O33R71_N4P7_D1000_W10.txt,5,top,0.384,DIFF,1107.0,9.4,4,140,977.0,1188.0
O33R71_N4P7_D1000_W10,official33_repaired71.json,4.7,1000,10,2495,33,results/O33R71_N4P7_D1000_W10.txt,5,top,0.384,Min-Max,568.0,22.0,4,140,519.0,585.0
O33R71_N4P7_D1000_W10,official33_repaired71.json,4.7,1000,10,2495,33,results/O33R71_N4P7_D1000_W10.txt,5,bottom,0.005,WCL,582.0,0.3,4,142,579.0,585.0
O33R71_N4P7_D1000_W10,official33_repaired71.json,4.7,1000,10,2495,33,results/O33R71_N4P7_D1000_W10.txt,5,bottom,0.005,ABS,529.0,0.4,4,142,529.0,530.0
O33R71_N4P7_D1000_W10,official33_repaired71.json,4.7,1000,10,2495,33,results/O33R71_N4P7_D1000_W10.txt,5,bottom,0.005,DIFF,1027.0,1.5,4,142,1027.0,1029.0
O33R71_N4P7_D1000_W10,official33_repaired71.json,4.7,1000,10,2495,33,results/O33R71_N4P7_D1000_W10.txt,5,bottom,0.005,Min-Max,467.0,0.2,4,142,466.0,469.0
O33R71_N4P7_D1000_W10,official33_repaired71.json,4.7,1000,10,2495,33,results/O33R71_N4P7_D1000_W10.txt,5,random,0.103,WCL,584.0,0.8,8,144,,
O33R71_N4P7_D1000_W10,official33_repaired71.json,4.7,1000,10,2495,33,results/O33R71_N4P7_D1000_W10.txt,5,random,0.103,ABS,534.0,1.2,8,144,,
O33R71_N4P7_D1000_W10,official33_repaired71.json,4.7,1000,10,2495,33,results/O33R71_N4P7_D1000_W10.txt,5,random,0.103,DIFF,1036.0,2.3,8,144,,
O33R71_N4P7_D1000_W10,official33_repaired71.json,4.7,1000,10,2495,33,results/O33R71_N4P7_D1000_W10.txt,5,random,0.103,Min-Max,472.0,1.4,8,144,,
O33R71_N4P7_D1000_W10,official33_repaired71.json,4.7,1000,10,2495,33,results/O33R71_N4P7_D1000_W10.txt,6,top,0.448,WCL,634.0,9.4,4,145,608.0,819.0
O33R71_N4P7_D1000_W10,official33_repaired71.json,4.7,1000,10,2495,33,results/O33R71_N4P7_D1000_W10.txt,6,top,0.448,ABS,587.0,11.3,4,145,535.0,655.0
O33R71_N4P7_D1000_W10,official33_repaired71.json,4.7,1000,10,2495,33,results/O33R71_N4P7_D1000_W10.txt,6,top,0.448,DIFF,1063.0,5.0,4,145,990.0,1165.0
O33R71_N4P7_D1000_W10,official33_repaired71.json,4.7,1000,10,2495,33,results/O33R71_N4P7_D1000_W10.txt,6,top,0.448,Min-Max,516.0,10.8,4,145,498.0,571.0
O33R71_N4P7_D1000_W10,official33_repaired71.json,4.7,1000,10,2495,33,results/O33R71_N4P7_D1000_W10.txt,6,bottom,0.01,WCL,583.0,0.5,4,147,579.0,585.0
O33R71_N4P7_D1000_W10,official33_repaired71.json,4.7,1000,10,2495,33,results/O33R71_N4P7_D1000_W10.txt,6,bottom,0.01,ABS,529.0,0.2,4,147,528.0,530.0
O33R71_N4P7_D1000_W10,official33_repaired71.json,4.7,1000,10,2495,33,results/O33R71_N4P7_D1000_W10.txt,6,bottom,0.01,DIFF,1034.0,2.1,4,147,1029.0,1043.0
O33R71_N4P7_D1000_W10,official33_repaired71.json,4.7,1000,10,2495,33,results/O33R71_N4P7_D1000_W10.txt,6,bottom,0.01,Min-Max,468.0,0.5,4,147,466.0,469.0
O33R71_N4P7_D1000_W10,official33_repaired71.json,4.7,1000,10,2495,33,results/O33R71_N4P7_D1000_W10.txt,6,random,0.244,WCL,585.0,0.9,8,149,,
O33R71_N4P7_D1000_W10,official33_repaired71.json,4.7,1000,10,2495,33,results/O33R71_N4P7_D1000_W10.txt,6,random,0.244,ABS,544.0,3.1,8,149,,
O33R71_N4P7_D1000_W10,official33_repaired71.json,4.7,1000,10,2495,33,results/O33R71_N4P7_D1000_W10.txt,6,random,0.244,DIFF,1065.0,5.2,8,149,,
O33R71_N4P7_D1000_W10,official33_repaired71.json,4.7,1000,10,2495,33,results/O33R71_N4P7_D1000_W10.txt,6,random,0.244,Min-Max,476.0,2.2,8,149,,
O33R71_N4P7_D1000_W10,official33_repaired71.json,4.7,1000,10,2495,33,results/O33R71_N4P7_D1000_W10.txt,7,top,0.503,WCL,766.0,32.1,4,150,694.0,972.0
O33R71_N4P7_D1000_W10,official33_repaired71.json,4.7,1000,10,2495,33,results/O33R71_N4P7_D1000_W10.txt,7,top,0.503,ABS,794.0,50.6,4,150,700.0,865.0
O33R71_N4P7_D1000_W10,official33_repaired71.json,4.7,1000,10,2495,33,results/O33R71_N4P7_D1000_W10.txt,7,top,0.503,DIFF,1373.0,35.6,4,150,1187.0,1787.0
O33R71_N4P7_D1000_W10,official33_repaired71.json,4.7,1000,10,2495,33,results/O33R71_N4P7_D1000_W10.txt,7,top,0.503,Min-Max,672.0,44.3,4,150,596.0,765.0
O33R71_N4P7_D1000_W10,official33_repaired71.json,4.7,1000,10,2495,33,results/O33R71_N4P7_D1000_W10.txt,7,bottom,0.015,WCL,583.0,0.6,4,152,579.0,585.0
O33R71_N4P7_D1000_W10,official33_repaired71.json,4.7,1000,10,2495,33,results/O33R71_N4P7_D1000_W10.txt,7,bottom,0.015,ABS,530.0,0.5,4,152,529.0,530.0
O33R71_N4P7_D1000_W10,official33_repaired71.json,4.7,1000,10,2495,33,results/O33R71_N4P7_D1000_W10.txt,7,bottom,0.015,DIFF,1015.0,0.3,4,152,1012.0,1033.0
O33R71_N4P7_D1000_W10,official33_repaired71.json,4.7,1000,10,2495,33,results/O33R71_N4P7_D1000_W10.txt,7,bottom,0.015,Min-Max,467.0,0.2,4,152,465.0,469.0
O33R71_N4P7_D1000_W10,official33_repaired71.json,4.7,1000,10,2495,33,results/O33R71_N4P7_D1000_W10.txt,7,random,0.179,WCL,625.0,7.7,8,154,,
O33R71_N4P7_D1000_W10,official33_repaired71.json,4.7,1000,10,2495,33,results/O33R71_N4P7_D1000_W10.txt,7,random,0.179,ABS,569.0,7.8,8,154,,
O33R71_N4P7_D1000_W10,official33_repaired71.json,4.7,1000,10,2495,33,results/O33R71_N4P7_D1000_W10.txt,7,random,0.179,DIFF,1062.0,4.9,8,154,,
O33R71_N4P7_D1000_W10,official33_repaired71.json,4.7,1000,10,2495,33,results/O33R71_N4P7_D1000_W10.txt,7,random,0.179,Min-Max,509.0,9.2,8,154,,
O33R71_N4P7_D1000_W10,official33_repaired71.json,4.7,1000,10,2495,33,results/O33R71_N4P7_D1000_W10.txt,8,top,0.553,WCL,707.0,22.0,4,155,665.0,803.0
O33R71_N4P7_D1000_W10,official33_repaired71.json,4.7,1000,10,2495,33,results/O33R71_N4P7_D1000_W10.txt,8,top,0.553,ABS,594.0,12.6,4,155,575.0,687.0
O33R71_N4P7_D1000_W10,official33_repaired71.json,4.7,1000,10,2495,33,results/O33R71_N4P7_D1000_W10.txt,8,top,0.553,DIFF,1550.0,53.1,4,155,1345.0,1756.0
O33R71_N4P7_D1000_W10,official33_repaired71.json,4.7,1000,10,2495,33,results/O33R71_N4P7_D1000_W10.txt,8,top,0.553,Min-Max,546.0,17.2,4,155,509.0,554.0
O33R71_N4P7_D1000_W10,official33_repaired71.json,4.7,1000,10,2495,33,results/O33R71_N4P7_D1000_W10.txt,8,bottom,0.02,WCL,587.0,1.2,4,157,581.0,589.0
O33R71_N4P7_D1000_W10,official33_repaired71.json,4.7,1000,10,2495,33,results/O33R71_N4P7_D1000_W10.txt,8,bottom,0.02,ABS,528.0,0.1,4,157,528.0,530.0
O33R71_N4P7_D1000_W10,official33_repaired71.json,4.7,1000,10,2495,33,results/O33R71_N4P7_D1000_W10.txt,8,bottom,0.02,DIFF,1018.0,0.6,4,157,1018.0,1029.0
O33R71_N4P7_D1000_W10,official33_repaired71.json,4.7,1000,10,2495,33,results/O33R71_N4P7_D1000_W10.txt,8,bottom,0.02,Min-Max,466.0,0.1,4,157,465.0,469.0
O33R71_N4P7_D1000_W10,official33_repaired71.json,4.7,1000,10,2495,33,results/O33R71_N4P7_D1000_W10.txt,8,random,0.283,WCL,628.0,8.2,8,159,,
O33R71_N4P7_D1000_W10,official33_repaired71.json,4.7,1000,10,2495,33,results/O33R71_N4P7_D1000_W10.txt,8,random,0.283,ABS,580.0,10.0,8,159,,
O33R71_N4P7_D1000_W10,official33_repaired71.json,4.7,1000,10,2495,33,results/O33R71_N4P7_D1000_W10.txt,8,random,0.283,DIFF,1122.0,10.8,8,159,,
O33R71_N4P7_D1000_W10,official33_repaired71.json,4.7,1000,10,2495,33,results/O33R71_N4P7_D1000_W10.txt,8,random,0.283,Min-Max,484.0,4.0,8,159,,
O33R71_N4P7_D5000_W10,official33_repaired71.json,4.7,5000,10,2495,33,results/O33R71_N4P7_D5000_W10.txt,1,top,0.091,WCL,617.0,6.4,8,120,617.0,617.0
O33R71_N4P7_D5000_W10,official33_repaired71.json,4.7,5000,10,2495,33,results/O33R71_N4P7_D5000_W10.txt,1,top,0.091,ABS,547.0,3.6,8,120,531.0,549.0
O33R71_N4P7_D5000_W10,official33_repaired71.json,4.7,5000,10,2495,33,results/O33R71_N4P7_D5000_W10.txt,1,top,0.091,DIFF,848.0,-16.2,8,120,798.0,961.0
O33R71_N4P7_D5000_W10,official33_repaired71.json,4.7,5000,10,2495,33,results/O33R71_N4P7_D5000_W10.txt,1,top,0.091,Min-Max,534.0,14.7,8,120,501.0,573.0
O33R71_N4P7_D5000_W10,official33_repaired71.json,4.7,5000,10,2495,33,results/O33R71_N4P7_D5000_W10.txt,1,bottom,0.001,WCL,585.0,0.8,8,122,585.0,585.0
O33R71_N4P7_D5000_W10,official33_repaired71.json,4.7,5000,10,2495,33,results/O33R71_N4P7_D5000_W10.txt,1,bottom,0.001,ABS,528.0,0.0,8,122,528.0,528.0
O33R71_N4P7_D5000_W10,official33_repaired71.json,4.7,5000,10,2495,33,results/O33R71_N4P7_D5000_W10.txt,1,bottom,0.001,DIFF,1017.0,0.4,8,122,1012.0,1018.0
O33R71_N4P7_D5000_W10,official33_repaired71.json,4.7,5000,10,2495,33,results/O33R71_N4P7_D5000_W10.txt,1,bottom,0.001,Min-Max,467.0,0.2,8,122,466.0,468.0
O33R71_N4P7_D5000_W10,official33_repaired71.json,4.7,5000,10,2495,33,results/O33R71_N4P7_D5000_W10.txt,1,random,0.047,WCL,595.0,2.6,8,124,,
O33R71_N4P7_D5000_W10,official33_repaired71.json,4.7,5000,10,2495,33,results/O33R71_N4P7_D5000_W10.txt,1,random,0.047,ABS,530.0,0.4,8,124,,
O33R71_N4P7_D5000_W10,official33_repaired71.json,4.7,5000,10,2495,33,results/O33R71_N4P7_D5000_W10.txt,1,random,0.047,DIFF,988.0,-2.4,8,124,,
O33R71_N4P7_D5000_W10,official33_repaired71.json,4.7,5000,10,2495,33,results/O33R71_N4P7_D5000_W10.txt,1,random,0.047,Min-Max,481.0,3.2,8,124,,
O33R71_N4P7_D5000_W10,official33_repaired71.json,4.7,5000,10,2495,33,results/O33R71_N4P7_D5000_W10.txt,2,top,0.176,WCL,588.0,1.3,8,125,586.0,589.0
O33R71_N4P7_D5000_W10,official33_repaired71.json,4.7,5000,10,2495,33,results/O33R71_N4P7_D5000_W10.txt,2,top,0.176,ABS,526.0,-0.2,8,125,526.0,541.0
O33R71_N4P7_D5000_W10,official33_repaired71.json,4.7,5000,10,2495,33,results/O33R71_N4P7_D5000_W10.txt,2,top,0.176,DIFF,809.0,-20.1,8,125,755.0,870.0
O33R71_N4P7_D5000_W10,official33_repaired71.json,4.7,5000,10,2495,33,results/O33R71_N4P7_D5000_W10.txt,2,top,0.176,Min-Max,554.0,19.0,8,125,513.0,605.0
O33R71_N4P7_D5000_W10,official33_repaired71.json,4.7,5000,10,2495,33,results/O33R71_N4P7_D5000_W10.txt,2,bottom,0.001,WCL,585.0,0.8,8,127,585.0,585.0
O33R71_N4P7_D5000_W10,official33_repaired71.json,4.7,5000,10,2495,33,results/O33R71_N4P7_D5000_W10.txt,2,bottom,0.001,ABS,528.0,0.0,8,127,528.0,529.0
O33R71_N4P7_D5000_W10,official33_repaired71.json,4.7,5000,10,2495,33,results/O33R71_N4P7_D5000_W10.txt,2,bottom,0.001,DIFF,1012.0,-0.1,8,127,1011.0,1020.0
O33R71_N4P7_D5000_W10,official33_repaired71.json,4.7,5000,10,2495,33,results/O33R71_N4P7_D5000_W10.txt,2,bottom,0.001,Min-Max,466.0,0.0,8,127,466.0,468.0
O33R71_N4P7_D5000_W10,official33_repaired71.json,4.7,5000,10,2495,33,results/O33R71_N4P7_D5000_W10.txt,2,random,0.05,WCL,596.0,2.7,8,129,,
O33R71_N4P7_D5000_W10,official33_repaired71.json,4.7,5000,10,2495,33,results/O33R71_N4P7_D5000_W10.txt,2,random,0.05,ABS,535.0,1.4,8,129,,
O33R71_N4P7_D5000_W10,official33_repaired71.json,4.7,5000,10,2495,33,results/O33R71_N4P7_D5000_W10.txt,2,random,0.05,DIFF,984.0,-2.8,8,129,,
O33R71_N4P7_D5000_W10,official33_repaired71.json,4.7,5000,10,2495,33,results/O33R71_N4P7_D5000_W10.txt,2,random,0.05,Min-Max,494.0,6.1,8,129,,
O33R71_N4P7_D5000_W10,official33_repaired71.json,4.7,5000,10,2495,33,results/O33R71_N4P7_D5000_W10.txt,3,top,0.253,WCL,618.0,6.6,8,130,617.0,619.0
O33R71_N4P7_D5000_W10,official33_repaired71.json,4.7,5000,10,2495,33,results/O33R71_N4P7_D5000_W10.txt,3,top,0.253,ABS,539.0,2.3,8,130,527.0,556.0
O33R71_N4P7_D5000_W10,official33_repaired71.json,4.7,5000,10,2495,33,results/O33R71_N4P7_D5000_W10.txt,3,top,0.253,DIFF,818.0,-19.2,8,130,757.0,878.0
O33R71_N4P7_D5000_W10,official33_repaired71.json,4.7,5000,10,2495,33,results/O33R71_N4P7_D5000_W10.txt,3,top,0.253,Min-Max,563.0,20.9,8,130,552.0,605.0
O33R71_N4P7_D5000_W10,official33_repaired71.json,4.7,5000,10,2495,33,results/O33R71_N4P7_D5000_W10.txt,3,bottom,0.002,WCL,585.0,0.8,8,132,585.0,585.0
O33R71_N4P7_D5000_W10,official33_repaired71.json,4.7,5000,10,2495,33,results/O33R71_N4P7_D5000_W10.txt,3,bottom,0.002,ABS,528.0,0.1,8,132,528.0,530.0
O33R71_N4P7_D5000_W10,official33_repaired71.json,4.7,5000,10,2495,33,results/O33R71_N4P7_D5000_W10.txt,3,bottom,0.002,DIFF,1018.0,0.6,8,132,1012.0,1021.0
O33R71_N4P7_D5000_W10,official33_repaired71.json,4.7,5000,10,2495,33,results/O33R71_N4P7_D5000_W10.txt,3,bottom,0.002,Min-Max,467.0,0.2,8,132,466.0,470.0
O33R71_N4P7_D5000_W10,official33_repaired71.json,4.7,5000,10,2495,33,results/O33R71_N4P7_D5000_W10.txt,3,random,0.066,WCL,587.0,1.2,8,134,,
O33R71_N4P7_D5000_W10,official33_repaired71.json,4.7,5000,10,2495,33,results/O33R71_N4P7_D5000_W10.txt,3,random,0.066,ABS,536.0,1.6,8,134,,
O33R71_N4P7_D5000_W10,official33_repaired71.json,4.7,5000,10,2495,33,results/O33R71_N4P7_D5000_W10.txt,3,random,0.066,DIFF,933.0,-7.8,8,134,,
O33R71_N4P7_D5000_W10,official33_repaired71.json,4.7,5000,10,2495,33,results/O33R71_N4P7_D5000_W10.txt,3,random,0.066,Min-Max,484.0,3.9,8,134,,
O33R71_N4P7_D5000_W10,official33_repaired71.json,4.7,5000,10,2495,33,results/O33R71_N4P7_D5000_W10.txt,4,top,0.319,WCL,624.0,7.7,8,135,618.0,630.0
O33R71_N4P7_D5000_W10,official33_repaired71.json,4.7,5000,10,2495,33,results/O33R71_N4P7_D5000_W10.txt,4,top,0.319,ABS,539.0,2.2,8,135,528.0,563.0
O33R71_N4P7_D5000_W10,official33_repaired71.json,4.7,5000,10,2495,33,results/O33R71_N4P7_D5000_W10.txt,4,top,0.319,DIFF,822.0,-18.8,8,135,736.0,868.0
O33R71_N4P7_D5000_W10,official33_repaired71.json,4.7,5000,10,2495,33,results/O33R71_N4P7_D5000_W10.txt,4,top,0.319,Min-Max,608.0,30.5,8,135,546.0,698.0
O33R71_N4P7_D5000_W10,official33_repaired71.json,4.7,5000,10,2495,33,results/O33R71_N4P7_D5000_W10.txt,4,bottom,0.003,WCL,585.0,0.8,8,137,585.0,585.0
O33R71_N4P7_D5000_W10,official33_repaired71.json,4.7,5000,10,2495,33,results/O33R71_N4P7_D5000_W10.txt,4,bottom,0.003,ABS,528.0,0.1,8,137,528.0,528.0
O33R71_N4P7_D5000_W10,official33_repaired71.json,4.7,5000,10,2495,33,results/O33R71_N4P7_D5000_W10.txt,4,bottom,0.003,DIFF,1019.0,0.6,8,137,1010.0,1021.0
O33R71_N4P7_D5000_W10,official33_repaired71.json,4.7,5000,10,2495,33,results/O33R71_N4P7_D5000_W10.txt,4,bottom,0.003,Min-Max,468.0,0.4,8,137,466.0,469.0
O33R71_N4P7_D5000_W10,official33_repaired71.json,4.7,5000,10,2495,33,results/O33R71_N4P7_D5000_W10.txt,4,random,0.072,WCL,599.0,3.3,8,139,,
O33R71_N4P7_D5000_W10,official33_repaired71.json,4.7,5000,10,2495,33,results/O33R71_N4P7_D5000_W10.txt,4,random,0.072,ABS,544.0,3.2,8,139,,
O33R71_N4P7_D5000_W10,official33_repaired71.json,4.7,5000,10,2495,33,results/O33R71_N4P7_D5000_W10.txt,4,random,0.072,DIFF,974.0,-3.8,8,139,,
O33R71_N4P7_D5000_W10,official33_repaired71.json,4.7,5000,10,2495,33,results/O33R71_N4P7_D5000_W10.txt,4,random,0.072,Min-Max,490.0,5.1,8,139,,
O33R71_N4P7_D5000_W10,official33_repaired71.json,4.7,5000,10,2495,33,results/O33R71_N4P7_D5000_W10.txt,5,top,0.384,WCL,700.0,20.6,8,140,689.0,703.0
O33R71_N4P7_D5000_W10,official33_repaired71.json,4.7,5000,10,2495,33,results/O33R71_N4P7_D5000_W10.txt,5,top,0.384,ABS,551.0,4.4,8,140,525.0,587.0
O33R71_N4P7_D5000_W10,official33_repaired71.json,4.7,5000,10,2495,33,results/O33R71_N4P7_D5000_W10.txt,5,top,0.384,DIFF,854.0,-15.7,8,140,784.0,883.0
O33R71_N4P7_D5000_W10,official33_repaired71.json,4.7,5000,10,2495,33,results/O33R71_N4P7_D5000_W10.txt,5,top,0.384,Min-Max,652.0,40.0,8,140,603.0,761.0
O33R71_N4P7_D5000_W10,official33_repaired71.json,4.7,5000,10,2495,33,results/O33R71_N4P7_D5000_W10.txt,5,bottom,0.005,WCL,589.0,1.5,8,142,585.0,589.0
O33R71_N4P7_D5000_W10,official33_repaired71.json,4.7,5000,10,2495,33,results/O33R71_N4P7_D5000_W10.txt,5,bottom,0.005,ABS,530.0,0.5,8,142,529.0,530.0
O33R71_N4P7_D5000_W10,official33_repaired71.json,4.7,5000,10,2495,33,results/O33R71_N4P7_D5000_W10.txt,5,bottom,0.005,DIFF,1034.0,2.1,8,142,1027.0,1043.0
O33R71_N4P7_D5000_W10,official33_repaired71.json,4.7,5000,10,2495,33,results/O33R71_N4P7_D5000_W10.txt,5,bottom,0.005,Min-Max,469.0,0.6,8,142,466.0,470.0
O33R71_N4P7_D5000_W10,official33_repaired71.json,4.7,5000,10,2495,33,results/O33R71_N4P7_D5000_W10.txt,5,random,0.103,WCL,590.0,1.8,8,144,,
O33R71_N4P7_D5000_W10,official33_repaired71.json,4.7,5000,10,2495,33,results/O33R71_N4P7_D5000_W10.txt,5,random,0.103,ABS,539.0,2.2,8,144,,
O33R71_N4P7_D5000_W10,official33_repaired71.json,4.7,5000,10,2495,33,results/O33R71_N4P7_D5000_W10.txt,5,random,0.103,DIFF,906.0,-10.5,8,144,,
O33R71_N4P7_D5000_W10,official33_repaired71.json,4.7,5000,10,2495,33,results/O33R71_N4P7_D5000_W10.txt,5,random,0.103,Min-Max,502.0,7.8,8,144,,
O33R71_N4P7_D5000_W10,official33_repaired71.json,4.7,5000,10,2495,33,results/O33R71_N4P7_D5000_W10.txt,6,top,0.448,WCL,725.0,24.9,8,145,716.0,732.0
O33R71_N4P7_D5000_W10,official33_repaired71.json,4.7,5000,10,2495,33,results/O33R71_N4P7_D5000_W10.txt,6,top,0.448,ABS,567.0,7.6,8,145,529.0,580.0
O33R71_N4P7_D5000_W10,official33_repaired71.json,4.7,5000,10,2495,33,results/O33R71_N4P7_D5000_W10.txt,6,top,0.448,DIFF,862.0,-14.9,8,145,774.0,897.0
O33R71_N4P7_D5000_W10,official33_repaired71.json,4.7,5000,10,2495,33,results/O33R71_N4P7_D5000_W10.txt,6,top,0.448,Min-Max,725.0,55.6,8,145,682.0,800.0
O33R71_N4P7_D5000_W10,official33_repaired71.json,4.7,5000,10,2495,33,results/O33R71_N4P7_D5000_W10.txt,6,bottom,0.01,WCL,587.0,1.2,8,147,585.0,589.0
O33R71_N4P7_D5000_W10,official33_repaired71.json,4.7,5000,10,2495,33,results/O33R71_N4P7_D5000_W10.txt,6,bottom,0.01,ABS,530.0,0.5,8,147,528.0,530.0
O33R71_N4P7_D5000_W10,official33_repaired71.json,4.7,5000,10,2495,33,results/O33R71_N4P7_D5000_W10.txt,6,bottom,0.01,DIFF,1028.0,1.5,8,147,1020.0,1059.0
O33R71_N4P7_D5000_W10,official33_repaired71.json,4.7,5000,10,2495,33,results/O33R71_N4P7_D5000_W10.txt,6,bottom,0.01,Min-Max,469.0,0.7,8,147,466.0,471.0
O33R71_N4P7_D5000_W10,official33_repaired71.json,4.7,5000,10,2495,33,results/O33R71_N4P7_D5000_W10.txt,6,random,0.244,WCL,615.0,6.1,8,149,,
O33R71_N4P7_D5000_W10,official33_repaired71.json,4.7,5000,10,2495,33,results/O33R71_N4P7_D5000_W10.txt,6,random,0.244,ABS,554.0,5.0,8,149,,
O33R71_N4P7_D5000_W10,official33_repaired71.json,4.7,5000,10,2495,33,results/O33R71_N4P7_D5000_W10.txt,6,random,0.244,DIFF,846.0,-16.4,8,149,,
O33R71_N4P7_D5000_W10,official33_repaired71.json,4.7,5000,10,2495,33,results/O33R71_N4P7_D5000_W10.txt,6,random,0.244,Min-Max,572.0,22.8,8,149,,
O33R71_N4P7_D5000_W10,official33_repaired71.json,4.7,5000,10,2495,33,results/O33R71_N4P7_D5000_W10.txt,7,top,0.503,WCL,1476.0,154.5,8,150,1340.0,1524.0
O33R71_N4P7_D5000_W10,official33_repaired71.json,4.7,5000,10,2495,33,results/O33R71_N4P7_D5000_W10.txt,7,top,0.503,ABS,897.0,70.0,8,150,870.0,986.0
O33R71_N4P7_D5000_W10,official33_repaired71.json,4.7,5000,10,2495,33,results/O33R71_N4P7_D5000_W10.txt,7,top,0.503,DIFF,1273.0,25.8,8,150,1097.0,1427.0
O33R71_N4P7_D5000_W10,official33_repaired71.json,4.7,5000,10,2495,33,results/O33R71_N4P7_D5000_W10.txt,7,top,0.503,Min-Max,1227.0,163.4,8,150,1147.0,1340.0
O33R71_N4P7_D5000_W10,official33_repaired71.json,4.7,5000,10,2495,33,results/O33R71_N4P7_D5000_W10.txt,7,bottom,0.015,WCL,587.0,1.2,8,152,579.0,589.0
O33R71_N4P7_D5000_W10,official33_repaired71.json,4.7,5000,10,2495,33,results/O33R71_N4P7_D5000_W10.txt,7,bottom,0.015,ABS,530.0,0.5,8,152,528.0,530.0
O33R71_N4P7_D5000_W10,official33_repaired71.json,4.7,5000,10,2495,33,results/O33R71_N4P7_D5000_W10.txt,7,bottom,0.015,DIFF,1015.0,0.3,8,152,1011.0,1045.0
O33R71_N4P7_D5000_W10,official33_repaired71.json,4.7,5000,10,2495,33,results/O33R71_N4P7_D5000_W10.txt,7,bottom,0.015,Min-Max,470.0,0.9,8,152,469.0,471.0
O33R71_N4P7_D5000_W10,official33_repaired71.json,4.7,5000,10,2495,33,results/O33R71_N4P7_D5000_W10.txt,7,random,0.179,WCL,644.0,11.0,8,154,,
O33R71_N4P7_D5000_W10,official33_repaired71.json,4.7,5000,10,2495,33,results/O33R71_N4P7_D5000_W10.txt,7,random,0.179,ABS,570.0,8.0,8,154,,
O33R71_N4P7_D5000_W10,official33_repaired71.json,4.7,5000,10,2495,33,results/O33R71_N4P7_D5000_W10.txt,7,random,0.179,DIFF,875.0,-13.6,8,154,,
O33R71_N4P7_D5000_W10,official33_repaired71.json,4.7,5000,10,2495,33,results/O33R71_N4P7_D5000_W10.txt,7,random,0.179,Min-Max,556.0,19.3,8,154,,
O33R71_N4P7_D5000_W10,official33_repaired71.json,4.7,5000,10,2495,33,results/O33R71_N4P7_D5000_W10.txt,8,top,0.553,WCL,1361.0,134.8,8,155,1292.0,1549.0
O33R71_N4P7_D5000_W10,official33_repaired71.json,4.7,5000,10,2495,33,results/O33R71_N4P7_D5000_W10.txt,8,top,0.553,ABS,905.0,71.6,8,155,852.0,972.0
O33R71_N4P7_D5000_W10,official33_repaired71.json,4.7,5000,10,2495,33,results/O33R71_N4P7_D5000_W10.txt,8,top,0.553,DIFF,1192.0,17.8,8,155,1130.0,1286.0
O33R71_N4P7_D5000_W10,official33_repaired71.json,4.7,5000,10,2495,33,results/O33R71_N4P7_D5000_W10.txt,8,top,0.553,Min-Max,1088.0,133.5,8,155,944.0,1369.0
O33R71_N4P7_D5000_W10,official33_repaired71.json,4.7,5000,10,2495,33,results/O33R71_N4P7_D5000_W10.txt,8,bottom,0.02,WCL,587.0,1.2,8,157,585.0,589.0
O33R71_N4P7_D5000_W10,official33_repaired71.json,4.7,5000,10,2495,33,results/O33R71_N4P7_D5000_W10.txt,8,bottom,0.02,ABS,528.0,0.1,8,157,525.0,530.0
O33R71_N4P7_D5000_W10,official33_repaired71.json,4.7,5000,10,2495,33,results/O33R71_N4P7_D5000_W10.txt,8,bottom,0.02,DIFF,1021.0,0.8,8,157,1002.0,1056.0
O33R71_N4P7_D5000_W10,official33_repaired71.json,4.7,5000,10,2495,33,results/O33R71_N4P7_D5000_W10.txt,8,bottom,0.02,Min-Max,470.0,0.9,8,157,466.0,471.0
O33R71_N4P7_D5000_W10,official33_repaired71.json,4.7,5000,10,2495,33,results/O33R71_N4P7_D5000_W10.txt,8,random,0.283,WCL,631.0,8.7,8,159,,
O33R71_N4P7_D5000_W10,official33_repaired71.json,4.7,5000,10,2495,33,results/O33R71_N4P7_D5000_W10.txt,8,random,0.283,ABS,551.0,4.5,8,159,,
O33R71_N4P7_D5000_W10,official33_repaired71.json,4.7,5000,10,2495,33,results/O33R71_N4P7_D5000_W10.txt,8,random,0.283,DIFF,867.0,-14.4,8,159,,
O33R71_N4P7_D5000_W10,official33_repaired71.json,4.7,5000,10,2495,33,results/O33R71_N4P7_D5000_W10.txt,8,random,0.283,Min-Max,565.0,21.2,8,159,,
O33R71_N4P7_D5000_W10,official33_repaired71.json,4.7,5000,10,2495,33,results/O33R71_N4P7_D5000_W10.txt,9,top,0.6,WCL,1341.0,131.2,8,160,1294.0,1468.0
O33R71_N4P7_D5000_W10,official33_repaired71.json,4.7,5000,10,2495,33,results/O33R71_N4P7_D5000_W10.txt,9,top,0.6,ABS,905.0,71.5,8,160,867.0,1001.0
O33R71_N4P7_D5000_W10,official33_repaired71.json,4.7,5000,10,2495,33,results/O33R71_N4P7_D5000_W10.txt,9,top,0.6,DIFF,1229.0,21.3,8,160,1128.0,1292.0
O33R71_N4P7_D5000_W10,official33_repaired71.json,4.7,5000,10,2495,33,results/O33R71_N4P7_D5000_W10.txt,9,top,0.6,Min-Max,1084.0,132.6,8,160,891.0,1211.0
O33R71_N4P7_D5000_W10,official33_repaired71.json,4.7,5000,10,2495,33,results/O33R71_N4P7_D5000_W10.txt,9,bottom,0.03,WCL,589.0,1.6,8,162,579.0,589.0
O33R71_N4P7_D5000_W10,official33_repaired71.json,4.7,5000,10,2495,33,results/O33R71_N4P7_D5000_W10.txt,9,bottom,0.03,ABS,530.0,0.6,8,162,528.0,532.0
O33R71_N4P7_D5000_W10,official33_repaired71.json,4.7,5000,10,2495,33,results/O33R71_N4P7_D5000_W10.txt,9,bottom,0.03,DIFF,997.0,-1.6,8,162,990.0,1045.0
O33R71_N4P7_D5000_W10,official33_repaired71.json,4.7,5000,10,2495,33,results/O33R71_N4P7_D5000_W10.txt,9,bottom,0.03,Min-Max,471.0,1.1,8,162,470.0,471.0
O33R71_N4P7_D5000_W10,official33_repaired71.json,4.7,5000,10,2495,33,results/O33R71_N4P7_D5000_W10.txt,9,random,0.271,WCL,680.0,17.3,8,164,,
O33R71_N4P7_D5000_W10,official33_repaired71.json,4.7,5000,10,2495,33,results/O33R71_N4P7_D5000_W10.txt,9,random,0.271,ABS,594.0,12.6,8,164,,
O33R71_N4P7_D5000_W10,official33_repaired71.json,4.7,5000,10,2495,33,results/O33R71_N4P7_D5000_W10.txt,9,random,0.271,DIFF,862.0,-14.9,8,164,,
O33R71_N4P7_D5000_W10,official33_repaired71.json,4.7,5000,10,2495,33,results/O33R71_N4P7_D5000_W10.txt,9,random,0.271,Min-Max,580.0,24.5,8,164,,
O33R71_N4P7_D5000_W10,official33_repaired71.json,4.7,5000,10,2495,33,results/O33R71_N4P7_D5000_W10.txt,10,top,0.642,WCL,1500.0,158.7,8,165,1241.0,1780.0
O33R71_N4P7_D5000_W10,official33_repaired71.json,4.7,5000,10,2495,33,results/O33R71_N4P7_D5000_W10.txt,10,top,0.642,ABS,944.0,79.0,8,165,927.0,1049.0
O33R71_N4P7_D5000_W10,official33_repaired71.json,4.7,5000,10,2495,33,results/O33R71_N4P7_D5000_W10.txt,10,top,0.642,DIFF,1313.0,29.7,8,165,1154.0,1395.0
O33R71_N4P7_D5000_W10,official33_repaired71.json,4.7,5000,10,2495,33,results/O33R71_N4P7_D5000_W10.txt,10,top,0.642,Min-Max,1180.0,153.3,8,165,976.0,1374.0
O33R71_N4P7_D5000_W10,official33_repaired71.json,4.7,5000,10,2495,33,results/O33R71_N4P7_D5000_W10.txt,10,bottom,0.042,WCL,589.0,1.6,8,167,589.0,589.0
O33R71_N4P7_D5000_W10,official33_repaired71.json,4.7,5000,10,2495,33,results/O33R71_N4P7_D5000_W10.txt,10,bottom,0.042,ABS,531.0,0.6,8,167,528.0,535.0
O33R71_N4P7_D5000_W10,official33_repaired71.json,4.7,5000,10,2495,33,results/O33R71_N4P7_D5000_W10.txt,10,bottom,0.042,DIFF,990.0,-2.3,8,167,980.0,1013.0
O33R71_N4P7_D5000_W10,official33_repaired71.json,4.7,5000,10,2495,33,results/O33R71_N4P7_D5000_W10.txt,10,bottom,0.042,Min-Max,471.0,1.0,8,167,467.0,473.0
O33R71_N4P7_D5000_W10,official33_repaired71.json,4.7,5000,10,2495,33,results/O33R71_N4P7_D5000_W10.txt,10,random,0.288,WCL,691.0,19.2,8,169,,
O33R71_N4P7_D5000_W10,official33_repaired71.json,4.7,5000,10,2495,33,results/O33R71_N4P7_D5000_W10.txt,10,random,0.288,ABS,639.0,21.0,8,169,,
O33R71_N4P7_D5000_W10,official33_repaired71.json,4.7,5000,10,2495,33,results/O33R71_N4P7_D5000_W10.txt,10,random,0.288,DIFF,869.0,-14.2,8,169,,
O33R71_N4P7_D5000_W10,official33_repaired71.json,4.7,5000,10,2495,33,results/O33R71_N4P7_D5000_W10.txt,10,random,0.288,Min-Max,591.0,27.0,8,169,,
O33R71_N4P7_D5000_W10,official33_repaired71.json,4.7,5000,10,2495,33,results/O33R71_N4P7_D5000_W10.txt,11,top,0.683,WCL,1951.0,236.4,8,170,1757.0,2224.0
O33R71_N4P7_D5000_W10,official33_repaired71.json,4.7,5000,10,2495,33,results/O33R71_N4P7_D5000_W10.txt,11,top,0.683,ABS,1053.0,99.7,8,170,1008.0,1259.0
O33R71_N4P7_D5000_W10,official33_repaired71.json,4.7,5000,10,2495,33,results/O33R71_N4P7_D5000_W10.txt,11,top,0.683,DIFF,1406.0,38.8,8,170,1331.0,1590.0
O33R71_N4P7_D5000_W10,official33_repaired71.json,4.7,5000,10,2495,33,results/O33R71_N4P7_D5000_W10.txt,11,top,0.683,Min-Max,1323.0,183.9,8,170,1077.0,1593.0
O33R71_N4P7_D5000_W10,official33_repaired71.json,4.7,5000,10,2495,33,results/O33R71_N4P7_D5000_W10.txt,11,bottom,0.055,WCL,591.0,1.9,8,172,585.0,595.0
O33R71_N4P7_D5000_W10,official33_repaired71.json,4.7,5000,10,2495,33,results/O33R71_N4P7_D5000_W10.txt,11,bottom,0.055,ABS,529.0,0.2,8,172,524.0,533.0
O33R71_N4P7_D5000_W10,official33_repaired71.json,4.7,5000,10,2495,33,results/O33R71_N4P7_D5000_W10.txt,11,bottom,0.055,DIFF,979.0,-3.4,8,172,942.0,1035.0
O33R71_N4P7_D5000_W10,official33_repaired71.json,4.7,5000,10,2495,33,results/O33R71_N4P7_D5000_W10.txt,11,bottom,0.055,Min-Max,473.0,1.4,8,172,470.0,477.0
O33R71_N4P7_D5000_W10,official33_repaired71.json,4.7,5000,10,2495,33,results/O33R71_N4P7_D5000_W10.txt,11,random,0.309,WCL,705.0,21.6,8,174,,
O33R71_N4P7_D5000_W10,official33_repaired71.json,4.7,5000,10,2495,33,results/O33R71_N4P7_D5000_W10.txt,11,random,0.309,ABS,623.0,18.1,8,174,,
O33R71_N4P7_D5000_W10,official33_repaired71.json,4.7,5000,10,2495,33,results/O33R71_N4P7_D5000_W10.txt,11,random,0.309,DIFF,878.0,-13.3,8,174,,
O33R71_N4P7_D5000_W10,official33_repaired71.json,4.7,5000,10,2495,33,results/O33R71_N4P7_D5000_W10.txt,11,random,0.309,Min-Max,630.0,35.3,8,174,,
O33R71_N4P7_D5000_W10,official33_repaired71.json,4.7,5000,10,2495,33,results/O33R71_N4P7_D5000_W10.txt,12,top,0.723,WCL,1852.0,219.4,8,175,1525.0,2073.0
O33R71_N4P7_D5000_W10,official33_repaired71.json,4.7,5000,10,2495,33,results/O33R71_N4P7_D5000_W10.txt,12,top,0.723,ABS,1069.0,102.6,8,175,1015.0,1159.0
O33R71_N4P7_D5000_W10,official33_repaired71.json,4.7,5000,10,2495,33,results/O33R71_N4P7_D5000_W10.txt,12,top,0.723,DIFF,1398.0,38.1,8,175,1325.0,1595.0
O33R71_N4P7_D5000_W10,official33_repaired71.json,4.7,5000,10,2495,33,results/O33R71_N4P7_D5000_W10.txt,12,top,0.723,Min-Max,1206.0,158.9,8,175,1060.0,1747.0
O33R71_N4P7_D5000_W10,official33_repaired71.json,4.7,5000,10,2495,33,results/O33R71_N4P7_D5000_W10.txt,12,bottom,0.068,WCL,591.0,1.9,8,177,589.0,595.0
O33R71_N4P7_D5000_W10,official33_repaired71.json,4.7,5000,10,2495,33,results/O33R71_N4P7_D5000_W10.txt,12,bottom,0.068,ABS,526.0,-0.3,8,177,524.0,530.0
O33R71_N4P7_D5000_W10,official33_repaired71.json,4.7,5000,10,2495,33,results/O33R71_N4P7_D5000_W10.txt,12,bottom,0.068,DIFF,972.0,-4.0,8,177,945.0,1033.0
O33R71_N4P7_D5000_W10,official33_repaired71.json,4.7,5000,10,2495,33,results/O33R71_N4P7_D5000_W10.txt,12,bottom,0.068,Min-Max,472.0,1.3,8,177,465.0,473.0
O33R71_N4P7_D5000_W10,official33_repaired71.json,4.7,5000,10,2495,33,results/O33R71_N4P7_D5000_W10.txt,12,random,0.37,WCL,710.0,22.4,8,179,,
O33R71_N4P7_D5000_W10,official33_repaired71.json,4.7,5000,10,2495,33,results/O33R71_N4P7_D5000_W10.txt,12,random,0.37,ABS,608.0,15.3,8,179,,
O33R71_N4P7_D5000_W10,official33_repaired71.json,4.7,5000,10,2495,33,results/O33R71_N4P7_D5000_W10.txt,12,random,0.37,DIFF,830.0,-18.0,8,179,,
O33R71_N4P7_D5000_W10,official33_repaired71.json,4.7,5000,10,2495,33,results/O33R71_N4P7_D5000_W10.txt,12,random,0.37,Min-Max,613.0,31.6,8,179,,
O33R71_N4P7_D5000_W10,official33_repaired71.json,4.7,5000,10,2495,33,results/O33R71_N4P7_D5000_W10.txt,13,top,0.763,WCL,2360.0,307.0,8,180,1822.0,2738.0
O33R71_N4P7_D5000_W10,official33_repaired71.json,4.7,5000,10,2495,33,results/O33R71_N4P7_D5000_W10.txt,13,top,0.763,ABS,1146.0,117.2,8,180,1061.0,1307.0
O33R71_N4P7_D5000_W10,official33_repaired71.json,4.7,5000,10,2495,33,results/O33R71_N4P7_D5000_W10.txt,13,top,0.763,DIFF,1483.0,46.4,8,180,1418.0,1692.0
O33R71_N4P7_D5000_W10,official33_repaired71.json,4.7,5000,10,2495,33,results/O33R71_N4P7_D5000_W10.txt,13,top,0.763,Min-Max,1557.0,234.4,8,180,1040.0,1925.0
O33R71_N4P7_D5000_W10,official33_repaired71.json,4.7,5000,10,2495,33,results/O33R71_N4P7_D5000_W10.txt,13,bottom,0.083,WCL,595.0,2.7,8,182,593.0,601.0
O33R71_N4P7_D5000_W10,official33_repaired71.json,4.7,5000,10,2495,33,results/O33R71_N4P7_D5000_W10.txt,13,bottom,0.083,ABS,528.0,0.2,8,182,524.0,535.0
O33R71_N4P7_D5000_W10,official33_repaired71.json,4.7,5000,10,2495,33,results/O33R71_N4P7_D5000_W10.txt,13,bottom,0.083,DIFF,924.0,-8.8,8,182,907.0,957.0
O33R71_N4P7_D5000_W10,official33_repaired71.json,4.7,5000,10,2495,33,results/O33R71_N4P7_D5000_W10.txt,13,bottom,0.083,Min-Max,473.0,1.5,8,182,470.0,479.0
O33R71_N4P7_D5000_W10,official33_repaired71.json,4.7,5000,10,2495,33,results/O33R71_N4P7_D5000_W10.txt,13,random,0.358,WCL,708.0,22.1,8,184,,
O33R71_N4P7_D5000_W10,official33_repaired71.json,4.7,5000,10,2495,33,results/O33R71_N4P7_D5000_W10.txt,13,random,0.358,ABS,630.0,19.4,8,184,,
O33R71_N4P7_D5000_W10,official33_repaired71.json,4.7,5000,10,2495,33,results/O33R71_N4P7_D5000_W10.txt,13,random,0.358,DIFF,869.0,-14.2,8,184,,
O33R71_N4P7_D5000_W10,official33_repaired71.json,4.7,5000,10,2495,33,results/O33R71_N4P7_D5000_W10.txt,13,random,0.358,Min-Max,634.0,36.1,8,184,,
O33R71_N4P7_D5000_W10,official33_repaired71.json,4.7,5000,10,2495,33,results/O33R71_N4P7_D5000_W10.txt,14,top,0.788,WCL,2308.0,298.0,8,185,2157.0,2951.0
O33R71_N4P7_D5000_W10,official33_repaired71.json,4.7,5000,10,2495,33,results/O33R71_N4P7_D5000_W10.txt,14,top,0.788,ABS,1222.0,131.6,8,185,1124.0,1393.0
O33R71_N4P7_D5000_W10,official33_repaired71.json,4.7,5000,10,2495,33,results/O33R71_N4P7_D5000_W10.txt,14,top,0.788,DIFF,1561.0,54.1,8,185,1369.0,1742.0
O33R71_N4P7_D5000_W10,official33_repaired71.json,4.7,5000,10,2495,33,results/O33R71_N4P7_D5000_W10.txt,14,top,0.788,Min-Max,1471.0,215.8,8,185,1319.0,1710.0
O33R71_N4P7_D5000_W10,official33_repaired71.json,4.7,5000,10,2495,33,results/O33R71_N4P7_D5000_W10.txt,14,bottom,0.103,WCL,595.0,2.7,8,187,576.0,601.0
O33R71_N4P7_D5000_W10,official33_repaired71.json,4.7,5000,10,2495,33,results/O33R71_N4P7_D5000_W10.txt,14,bottom,0.103,ABS,528.0,0.1,8,187,523.0,536.0
O33R71_N4P7_D5000_W10,official33_repaired71.json,4.7,5000,10,2495,33,results/O33R71_N4P7_D5000_W10.txt,14,bottom,0.103,DIFF,902.0,-10.9,8,187,883.0,969.0
O33R71_N4P7_D5000_W10,official33_repaired71.json,4.7,5000,10,2495,33,results/O33R71_N4P7_D5000_W10.txt,14,bottom,0.103,Min-Max,468.0,0.6,8,187,455.0,478.0
O33R71_N4P7_D5000_W10,official33_repaired71.json,4.7,5000,10,2495,33,results/O33R71_N4P7_D5000_W10.txt,14,random,0.391,WCL,762.0,31.4,8,189,,
O33R71_N4P7_D5000_W10,official33_repaired71.json,4.7,5000,10,2495,33,results/O33R71_N4P7_D5000_W10.txt,14,random,0.391,ABS,619.0,17.3,8,189,,
O33R71_N4P7_D5000_W10,official33_repaired71.json,4.7,5000,10,2495,33,results/O33R71_N4P7_D5000_W10.txt,14,random,0.391,DIFF,834.0,-17.6,8,189,,
O33R71_N4P7_D5000_W10,official33_repaired71.json,4.7,5000,10,2495,33,results/O33R71_N4P7_D5000_W10.txt,14,random,0.391,Min-Max,653.0,40.1,8,189,,
O33R71_N4P7_D5000_W5,official33_repaired71.json,4.7,5000,5,2495,33,results/O33R71_N4P7_D5000_W5.txt,1,top,0.103,WCL,634.0,7.0,4,120,634.0,634.0
O33R71_N4P7_D5000_W5,official33_repaired71.json,4.7,5000,5,2495,33,results/O33R71_N4P7_D5000_W5.txt,1,top,0.103,ABS,554.0,4.2,4,120,543.0,557.0
O33R71_N4P7_D5000_W5,official33_repaired71.json,4.7,5000,5,2495,33,results/O33R71_N4P7_D5000_W5.txt,1,top,0.103,DIFF,864.0,-22.3,4,120,842.0,876.0
O33R71_N4P7_D5000_W5,official33_repaired71.json,4.7,5000,5,2495,33,results/O33R71_N4P7_D5000_W5.txt,1,top,0.103,Min-Max,535.0,18.4,4,120,520.0,563.0
O33R71_N4P7_D5000_W5,official33_repaired71.json,4.7,5000,5,2495,33,results/O33R71_N4P7_D5000_W5.txt,1,bottom,0.0,WCL,593.0,0.0,4,122,593.0,593.0
O33R71_N4P7_D5000_W5,official33_repaired71.json,4.7,5000,5,2495,33,results/O33R71_N4P7_D5000_W5.txt,1,bottom,0.0,ABS,532.0,0.0,4,122,532.0,532.0
O33R71_N4P7_D5000_W5,official33_repaired71.json,4.7,5000,5,2495,33,results/O33R71_N4P7_D5000_W5.txt,1,bottom,0.0,DIFF,1110.0,-0.2,4,122,1109.0,1112.0
O33R71_N4P7_D5000_W5,official33_repaired71.json,4.7,5000,5,2495,33,results/O33R71_N4P7_D5000_W5.txt,1,bottom,0.0,Min-Max,452.0,0.0,4,122,452.0,452.0
O33R71_N4P7_D5000_W5,official33_repaired71.json,4.7,5000,5,2495,33,results/O33R71_N4P7_D5000_W5.txt,1,random,0.05,WCL,609.0,2.7,8,124,,
O33R71_N4P7_D5000_W5,official33_repaired71.json,4.7,5000,5,2495,33,results/O33R71_N4P7_D5000_W5.txt,1,random,0.05,ABS,534.0,0.4,8,124,,
O33R71_N4P7_D5000_W5,official33_repaired71.json,4.7,5000,5,2495,33,results/O33R71_N4P7_D5000_W5.txt,1,random,0.05,DIFF,1073.0,-3.5,8,124,,
O33R71_N4P7_D5000_W5,official33_repaired71.json,4.7,5000,5,2495,33,results/O33R71_N4P7_D5000_W5.txt,1,random,0.05,Min-Max,465.0,3.0,8,124,,
O33R71_N4P7_D5000_W5,official33_repaired71.json,4.7,5000,5,2495,33,results/O33R71_N4P7_D5000_W5.txt,2,top,0.196,WCL,597.0,0.7,4,125,597.0,597.0
O33R71_N4P7_D5000_W5,official33_repaired71.json,4.7,5000,5,2495,33,results/O33R71_N4P7_D5000_W5.txt,2,top,0.196,ABS,543.0,2.2,4,125,537.0,551.0
O33R71_N4P7_D5000_W5,official33_repaired71.json,4.7,5000,5,2495,33,results/O33R71_N4P7_D5000_W5.txt,2,top,0.196,DIFF,835.0,-24.9,4,125,785.0,904.0
O33R71_N4P7_D5000_W5,official33_repaired71.json,4.7,5000,5,2495,33,results/O33R71_N4P7_D5000_W5.txt,2,top,0.196,Min-Max,557.0,23.2,4,125,506.0,604.0
O33R71_N4P7_D5000_W5,official33_repaired71.json,4.7,5000,5,2495,33,results/O33R71_N4P7_D5000_W5.txt,2,bottom,0.001,WCL,593.0,0.0,4,127,593.0,594.0
O33R71_N4P7_D5000_W5,official33_repaired71.json,4.7,5000,5,2495,33,results/O33R71_N4P7_D5000_W5.txt,2,bottom,0.001,ABS,532.0,0.0,4,127,532.0,532.0
O33R71_N4P7_D5000_W5,official33_repaired71.json,4.7,5000,5,2495,33,results/O33R71_N4P7_D5000_W5.txt,2,bottom,0.001,DIFF,1110.0,-0.2,4,127,1108.0,1115.0
O33R71_N4P7_D5000_W5,official33_repaired71.json,4.7,5000,5,2495,33,results/O33R71_N4P7_D5000_W5.txt,2,bottom,0.001,Min-Max,453.0,0.2,4,127,452.0,453.0
O33R71_N4P7_D5000_W5,official33_repaired71.json,4.7,5000,5,2495,33,results/O33R71_N4P7_D5000_W5.txt,2,random,0.035,WCL,607.0,2.4,8,129,,
O33R71_N4P7_D5000_W5,official33_repaired71.json,4.7,5000,5,2495,33,results/O33R71_N4P7_D5000_W5.txt,2,random,0.035,ABS,543.0,2.1,8,129,,
O33R71_N4P7_D5000_W5,official33_repaired71.json,4.7,5000,5,2495,33,results/O33R71_N4P7_D5000_W5.txt,2,random,0.035,DIFF,1069.0,-3.8,8,129,,
O33R71_N4P7_D5000_W5,official33_repaired71.json,4.7,5000,5,2495,33,results/O33R71_N4P7_D5000_W5.txt,2,random,0.035,Min-Max,477.0,5.4,8,129,,
O33R71_N4P7_D5000_W5,official33_repaired71.json,4.7,5000,5,2495,33,results/O33R71_N4P7_D5000_W5.txt,3,top,0.269,WCL,605.0,2.0,4,130,604.0,605.0
O33R71_N4P7_D5000_W5,official33_repaired71.json,4.7,5000,5,2495,33,results/O33R71_N4P7_D5000_W5.txt,3,top,0.269,ABS,541.0,1.7,4,130,536.0,547.0
O33R71_N4P7_D5000_W5,official33_repaired71.json,4.7,5000,5,2495,33,results/O33R71_N4P7_D5000_W5.txt,3,top,0.269,DIFF,827.0,-25.6,4,130,825.0,847.0
O33R71_N4P7_D5000_W5,official33_repaired71.json,4.7,5000,5,2495,33,results/O33R71_N4P7_D5000_W5.txt,3,top,0.269,Min-Max,566.0,25.2,4,130,537.0,576.0
O33R71_N4P7_D5000_W5,official33_repaired71.json,4.7,5000,5,2495,33,results/O33R71_N4P7_D5000_W5.txt,3,bottom,0.002,WCL,593.0,0.0,4,132,593.0,594.0
O33R71_N4P7_D5000_W5,official33_repaired71.json,4.7,5000,5,2495,33,results/O33R71_N4P7_D5000_W5.txt,3,bottom,0.002,ABS,532.0,0.0,4,132,531.0,532.0
O33R71_N4P7_D5000_W5,official33_repaired71.json,4.7,5000,5,2495,33,results/O33R71_N4P7_D5000_W5.txt,3,bottom,0.002,DIFF,1110.0,-0.2,4,132,1108.0,1112.0
O33R71_N4P7_D5000_W5,official33_repaired71.json,4.7,5000,5,2495,33,results/O33R71_N4P7_D5000_W5.txt,3,bottom,0.002,Min-Max,453.0,0.3,4,132,452.0,453.0
O33R71_N4P7_D5000_W5,official33_repaired71.json,4.7,5000,5,2495,33,results/O33R71_N4P7_D5000_W5.txt,3,random,0.073,WCL,601.0,1.3,8,134,,
O33R71_N4P7_D5000_W5,official33_repaired71.json,4.7,5000,5,2495,33,results/O33R71_N4P7_D5000_W5.txt,3,random,0.073,ABS,542.0,2.0,8,134,,
O33R71_N4P7_D5000_W5,official33_repaired71.json,4.7,5000,5,2495,33,results/O33R71_N4P7_D5000_W5.txt,3,random,0.073,DIFF,999.0,-10.2,8,134,,
O33R71_N4P7_D5000_W5,official33_repaired71.json,4.7,5000,5,2495,33,results/O33R71_N4P7_D5000_W5.txt,3,random,0.073,Min-Max,476.0,5.3,8,134,,
O33R71_N4P7_D5000_W5,official33_repaired71.json,4.7,5000,5,2495,33,results/O33R71_N4P7_D5000_W5.txt,4,top,0.339,WCL,644.0,8.7,4,135,644.0,645.0
O33R71_N4P7_D5000_W5,official33_repaired71.json,4.7,5000,5,2495,33,results/O33R71_N4P7_D5000_W5.txt,4,top,0.339,ABS,571.0,7.4,4,135,550.0,585.0
O33R71_N4P7_D5000_W5,official33_repaired71.json,4.7,5000,5,2495,33,results/O33R71_N4P7_D5000_W5.txt,4,top,0.339,DIFF,866.0,-22.2,4,135,770.0,904.0
O33R71_N4P7_D5000_W5,official33_repaired71.json,4.7,5000,5,2495,33,results/O33R71_N4P7_D5000_W5.txt,4,top,0.339,Min-Max,623.0,37.9,4,135,562.0,648.0
O33R71_N4P7_D5000_W5,official33_repaired71.json,4.7,5000,5,2495,33,results/O33R71_N4P7_D5000_W5.txt,4,bottom,0.002,WCL,595.0,0.4,4,137,595.0,595.0
O33R71_N4P7_D5000_W5,official33_repaired71.json,4.7,5000,5,2495,33,results/O33R71_N4P7_D5000_W5.txt,4,bottom,0.002,ABS,532.0,0.1,4,137,532.0,532.0
O33R71_N4P7_D5000_W5,official33_repaired71.json,4.7,5000,5,2495,33,results/O33R71_N4P7_D5000_W5.txt,4,bottom,0.002,DIFF,1119.0,0.7,4,137,1108.0,1125.0
O33R71_N4P7_D5000_W5,official33_repaired71.json,4.7,5000,5,2495,33,results/O33R71_N4P7_D5000_W5.txt,4,bottom,0.002,Min-Max,454.0,0.4,4,137,452.0,454.0
O33R71_N4P7_D5000_W5,official33_repaired71.json,4.7,5000,5,2495,33,results/O33R71_N4P7_D5000_W5.txt,4,random,0.079,WCL,611.0,3.1,8,139,,
O33R71_N4P7_D5000_W5,official33_repaired71.json,4.7,5000,5,2495,33,results/O33R71_N4P7_D5000_W5.txt,4,random,0.079,ABS,550.0,3.4,8,139,,
O33R71_N4P7_D5000_W5,official33_repaired71.json,4.7,5000,5,2495,33,results/O33R71_N4P7_D5000_W5.txt,4,random,0.079,DIFF,1045.0,-6.1,8,139,,
O33R71_N4P7_D5000_W5,official33_repaired71.json,4.7,5000,5,2495,33,results/O33R71_N4P7_D5000_W5.txt,4,random,0.079,Min-Max,481.0,6.4,8,139,,
O33R71_N4P7_D5000_W5,official33_repaired71.json,4.7,5000,5,2495,33,results/O33R71_N4P7_D5000_W5.txt,5,top,0.408,WCL,677.0,14.2,4,140,674.0,678.0
O33R71_N4P7_D5000_W5,official33_repaired71.json,4.7,5000,5,2495,33,results/O33R71_N4P7_D5000_W5.txt,5,top,0.408,ABS,597.0,12.3,4,140,578.0,616.0
O33R71_N4P7_D5000_W5,official33_repaired71.json,4.7,5000,5,2495,33,results/O33R71_N4P7_D5000_W5.txt,5,top,0.408,DIFF,901.0,-19.0,4,140,811.0,954.0
O33R71_N4P7_D5000_W5,official33_repaired71.json,4.7,5000,5,2495,33,results/O33R71_N4P7_D5000_W5.txt,5,top,0.408,Min-Max,723.0,59.9,4,140,686.0,735.0
O33R71_N4P7_D5000_W5,official33_repaired71.json,4.7,5000,5,2495,33,results/O33R71_N4P7_D5000_W5.txt,5,bottom,0.004,WCL,599.0,1.0,4,142,599.0,599.0
O33R71_N4P7_D5000_W5,official33_repaired71.json,4.7,5000,5,2495,33,results/O33R71_N4P7_D5000_W5.txt,5,bottom,0.004,ABS,533.0,0.2,4,142,533.0,534.0
O33R71_N4P7_D5000_W5,official33_repaired71.json,4.7,5000,5,2495,33,results/O33R71_N4P7_D5000_W5.txt,5,bottom,0.004,DIFF,1129.0,1.5,4,142,1127.0,1141.0
O33R71_N4P7_D5000_W5,official33_repaired71.json,4.7,5000,5,2495,33,results/O33R71_N4P7_D5000_W5.txt,5,bottom,0.004,Min-Max,453.0,0.3,4,142,452.0,454.0
O33R71_N4P7_D5000_W5,official33_repaired71.json,4.7,5000,5,2495,33,results/O33R71_N4P7_D5000_W5.txt,5,random,0.107,WCL,604.0,1.8,8,144,,
O33R71_N4P7_D5000_W5,official33_repaired71.json,4.7,5000,5,2495,33,results/O33R71_N4P7_D5000_W5.txt,5,random,0.107,ABS,547.0,2.8,8,144,,
O33R71_N4P7_D5000_W5,official33_repaired71.json,4.7,5000,5,2495,33,results/O33R71_N4P7_D5000_W5.txt,5,random,0.107,DIFF,992.0,-10.8,8,144,,
O33R71_N4P7_D5000_W5,official33_repaired71.json,4.7,5000,5,2495,33,results/O33R71_N4P7_D5000_W5.txt,5,random,0.107,Min-Max,499.0,10.3,8,144,,
O33R71_N4P7_D5000_W5,official33_repaired71.json,4.7,5000,5,2495,33,results/O33R71_N4P7_D5000_W5.txt,6,top,0.472,WCL,1255.0,111.7,4,145,1168.0,1270.0
O33R71_N4P7_D5000_W5,official33_repaired71.json,4.7,5000,5,2495,33,results/O33R71_N4P7_D5000_W5.txt,6,top,0.472,ABS,827.0,55.6,4,145,795.0,878.0
O33R71_N4P7_D5000_W5,official33_repaired71.json,4.7,5000,5,2495,33,results/O33R71_N4P7_D5000_W5.txt,6,top,0.472,DIFF,1235.0,11.0,4,145,1127.0,1249.0
O33R71_N4P7_D5000_W5,official33_repaired71.json,4.7,5000,5,2495,33,results/O33R71_N4P7_D5000_W5.txt,6,top,0.472,Min-Max,976.0,116.0,4,145,891.0,1091.0
O33R71_N4P7_D5000_W5,official33_repaired71.json,4.7,5000,5,2495,33,results/O33R71_N4P7_D5000_W5.txt,6,bottom,0.008,WCL,598.0,0.8,4,147,589.0,599.0
O33R71_N4P7_D5000_W5,official33_repaired71.json,4.7,5000,5,2495,33,results/O33R71_N4P7_D5000_W5.txt,6,bottom,0.008,ABS,534.0,0.5,4,147,533.0,535.0
O33R71_N4P7_D5000_W5,official33_repaired71.json,4.7,5000,5,2495,33,results/O33R71_N4P7_D5000_W5.txt,6,bottom,0.008,DIFF,1126.0,1.2,4,147,1125.0,1127.0
O33R71_N4P7_D5000_W5,official33_repaired71.json,4.7,5000,5,2495,33,results/O33R71_N4P7_D5000_W5.txt,6,bottom,0.008,Min-Max,454.0,0.4,4,147,453.0,454.0
O33R71_N4P7_D5000_W5,official33_repaired71.json,4.7,5000,5,2495,33,results/O33R71_N4P7_D5000_W5.txt,6,random,0.237,WCL,627.0,5.8,8,149,,
O33R71_N4P7_D5000_W5,official33_repaired71.json,4.7,5000,5,2495,33,results/O33R71_N4P7_D5000_W5.txt,6,random,0.237,ABS,567.0,6.7,8,149,,
O33R71_N4P7_D5000_W5,official33_repaired71.json,4.7,5000,5,2495,33,results/O33R71_N4P7_D5000_W5.txt,6,random,0.237,DIFF,933.0,-16.1,8,149,,
O33R71_N4P7_D5000_W5,official33_repaired71.json,4.7,5000,5,2495,33,results/O33R71_N4P7_D5000_W5.txt,6,random,0.237,Min-Max,578.0,28.0,8,149,,
O33R71_N4P7_D5000_W5,official33_repaired71.json,4.7,5000,5,2495,33,results/O33R71_N4P7_D5000_W5.txt,7,top,0.533,WCL,1568.0,164.5,4,150,1538.0,1679.0
O33R71_N4P7_D5000_W5,official33_repaired71.json,4.7,5000,5,2495,33,results/O33R71_N4P7_D5000_W5.txt,7,top,0.533,ABS,934.0,75.7,4,150,897.0,989.0
O33R71_N4P7_D5000_W5,official33_repaired71.json,4.7,5000,5,2495,33,results/O33R71_N4P7_D5000_W5.txt,7,top,0.533,DIFF,1274.0,14.5,4,150,1147.0,1483.0
O33R71_N4P7_D5000_W5,official33_repaired71.json,4.7,5000,5,2495,33,results/O33R71_N4P7_D5000_W5.txt,7,top,0.533,Min-Max,1271.0,181.1,4,150,1229.0,1336.0
O33R71_N4P7_D5000_W5,official33_repaired71.json,4.7,5000,5,2495,33,results/O33R71_N4P7_D5000_W5.txt,7,bottom,0.013,WCL,597.0,0.7,4,152,591.0,599.0
O33R71_N4P7_D5000_W5,official33_repaired71.json,4.7,5000,5,2495,33,results/O33R71_N4P7_D5000_W5.txt,7,bottom,0.013,ABS,532.0,0.2,4,152,532.0,536.0
O33R71_N4P7_D5000_W5,official33_repaired71.json,4.7,5000,5,2495,33,results/O33R71_N4P7_D5000_W5.txt,7,bottom,0.013,DIFF,1122.0,0.9,4,152,1109.0,1129.0
O33R71_N4P7_D5000_W5,official33_repaired71.json,4.7,5000,5,2495,33,results/O33R71_N4P7_D5000_W5.txt,7,bottom,0.013,Min-Max,454.0,0.5,4,152,454.0,455.0
O33R71_N4P7_D5000_W5,official33_repaired71.json,4.7,5000,5,2495,33,results/O33R71_N4P7_D5000_W5.txt,7,random,0.178,WCL,655.0,10.4,8,154,,
O33R71_N4P7_D5000_W5,official33_repaired71.json,4.7,5000,5,2495,33,results/O33R71_N4P7_D5000_W5.txt,7,random,0.178,ABS,580.0,9.2,8,154,,
O33R71_N4P7_D5000_W5,official33_repaired71.json,4.7,5000,5,2495,33,results/O33R71_N4P7_D5000_W5.txt,7,random,0.178,DIFF,952.0,-14.4,8,154,,
O33R71_N4P7_D5000_W5,official33_repaired71.json,4.7,5000,5,2495,33,results/O33R71_N4P7_D5000_W5.txt,7,random,0.178,Min-Max,559.0,23.6,8,154,,
O33R71_N4P7_D5000_W5,official33_repaired71.json,4.7,5000,5,2495,33,results/O33R71_N4P7_D5000_W5.txt,8,top,0.589,WCL,1583.0,167.0,4,155,1424.0,1679.0
O33R71_N4P7_D5000_W5,official33_repaired71.json,4.7,5000,5,2495,33,results/O33R71_N4P7_D5000_W5.txt,8,top,0.589,ABS,962.0,80.9,4,155,881.0,999.0
O33R71_N4P7_D5000_W5,official33_repaired71.json,4.7,5000,5,2495,33,results/O33R71_N4P7_D5000_W5.txt,8,top,0.589,DIFF,1234.0,11.0,4,155,1195.0,1299.0
O33R71_N4P7_D5000_W5,official33_repaired71.json,4.7,5000,5,2495,33,results/O33R71_N4P7_D5000_W5.txt,8,top,0.589,Min-Max,1074.0,137.7,4,155,965.0,1170.0
O33R71_N4P7_D5000_W5,official33_repaired71.json,4.7,5000,5,2495,33,results/O33R71_N4P7_D5000_W5.txt,8,bottom,0.019,WCL,598.0,0.8,4,157,597.0,599.0
O33R71_N4P7_D5000_W5,official33_repaired71.json,4.7,5000,5,2495,33,results/O33R71_N4P7_D5000_W5.txt,8,bottom,0.019,ABS,533.0,0.3,4,157,532.0,534.0
O33R71_N4P7_D5000_W5,official33_repaired71.json,4.7,5000,5,2495,33,results/O33R71_N4P7_D5000_W5.txt,8,bottom,0.019,DIFF,1123.0,1.0,4,157,1103.0,1129.0
O33R71_N4P7_D5000_W5,official33_repaired71.json,4.7,5000,5,2495,33,results/O33R71_N4P7_D5000_W5.txt,8,bottom,0.019,Min-Max,454.0,0.4,4,157,452.0,456.0
O33R71_N4P7_D5000_W5,official33_repaired71.json,4.7,5000,5,2495,33,results/O33R71_N4P7_D5000_W5.txt,8,random,0.281,WCL,639.0,7.8,8,159,,
O33R71_N4P7_D5000_W5,official33_repaired71.json,4.7,5000,5,2495,33,results/O33R71_N4P7_D5000_W5.txt,8,random,0.281,ABS,555.0,4.4,8,159,,
O33R71_N4P7_D5000_W5,official33_repaired71.json,4.7,5000,5,2495,33,results/O33R71_N4P7_D5000_W5.txt,8,random,0.281,DIFF,925.0,-16.8,8,159,,
O33R71_N4P7_D5000_W5,official33_repaired71.json,4.7,5000,5,2495,33,results/O33R71_N4P7_D5000_W5.txt,8,random,0.281,Min-Max,555.0,22.7,8,159,,
R26M71_N4P7_D5000_W10,recovered26_common_minus71.json,4.7,5000,10,2494,26,results/R26M71_N4P7_D5000_W10.txt,1,top,0.101,WCL,640.0,4.2,8,120,639.0,642.0
R26M71_N4P7_D5000_W10,recovered26_common_minus71.json,4.7,5000,10,2494,26,results/R26M71_N4P7_D5000_W10.txt,1,top,0.101,ABS,650.0,0.8,8,120,645.0,673.0
R26M71_N4P7_D5000_W10,recovered26_common_minus71.json,4.7,5000,10,2494,26,results/R26M71_N4P7_D5000_W10.txt,1,top,0.101,DIFF,946.0,-5.5,8,120,889.0,1038.0
R26M71_N4P7_D5000_W10,recovered26_common_minus71.json,4.7,5000,10,2494,26,results/R26M71_N4P7_D5000_W10.txt,1,top,0.101,Min-Max,570.0,11.9,8,120,555.0,592.0
R26M71_N4P7_D5000_W10,recovered26_common_minus71.json,4.7,5000,10,2494,26,results/R26M71_N4P7_D5000_W10.txt,1,bottom,0.001,WCL,614.0,0.0,8,122,614.0,614.0
R26M71_N4P7_D5000_W10,recovered26_common_minus71.json,4.7,5000,10,2494,26,results/R26M71_N4P7_D5000_W10.txt,1,bottom,0.001,ABS,644.0,0.0,8,122,644.0,644.0
R26M71_N4P7_D5000_W10,recovered26_common_minus71.json,4.7,5000,10,2494,26,results/R26M71_N4P7_D5000_W10.txt,1,bottom,0.001,DIFF,1001.0,-0.1,8,122,1000.0,1001.0
R26M71_N4P7_D5000_W10,recovered26_common_minus71.json,4.7,5000,10,2494,26,results/R26M71_N4P7_D5000_W10.txt,1,bottom,0.001,Min-Max,510.0,0.0,8,122,508.0,511.0
R26M71_N4P7_D5000_W10,recovered26_common_minus71.json,4.7,5000,10,2494,26,results/R26M71_N4P7_D5000_W10.txt,1,random,0.033,WCL,618.0,0.7,8,124,,
R26M71_N4P7_D5000_W10,recovered26_common_minus71.json,4.7,5000,10,2494,26,results/R26M71_N4P7_D5000_W10.txt,1,random,0.033,ABS,647.0,0.3,8,124,,
R26M71_N4P7_D5000_W10,recovered26_common_minus71.json,4.7,5000,10,2494,26,results/R26M71_N4P7_D5000_W10.txt,1,random,0.033,DIFF,1001.0,0.0,8,124,,
R26M71_N4P7_D5000_W10,recovered26_common_minus71.json,4.7,5000,10,2494,26,results/R26M71_N4P7_D5000_W10.txt,1,random,0.033,Min-Max,512.0,0.5,8,124,,
R26M71_N4P7_D5000_W10,recovered26_common_minus71.json,4.7,5000,10,2494,26,results/R26M71_N4P7_D5000_W10.txt,2,top,0.186,WCL,622.0,1.3,8,125,620.0,622.0
R26M71_N4P7_D5000_W10,recovered26_common_minus71.json,4.7,5000,10,2494,26,results/R26M71_N4P7_D5000_W10.txt,2,top,0.186,ABS,687.0,6.6,8,125,656.0,743.0
R26M71_N4P7_D5000_W10,recovered26_common_minus71.json,4.7,5000,10,2494,26,results/R26M71_N4P7_D5000_W10.txt,2,top,0.186,DIFF,924.0,-7.7,8,125,876.0,976.0
R26M71_N4P7_D5000_W10,recovered26_common_minus71.json,4.7,5000,10,2494,26,results/R26M71_N4P7_D5000_W10.txt,2,top,0.186,Min-Max,634.0,24.5,8,125,556.0,683.0
R26M71_N4P7_D5000_W10,recovered26_common_minus71.json,4.7,5000,10,2494,26,results/R26M71_N4P7_D5000_W10.txt,2,bottom,0.003,WCL,618.0,0.8,8,127,618.0,619.0
R26M71_N4P7_D5000_W10,recovered26_common_minus71.json,4.7,5000,10,2494,26,results/R26M71_N4P7_D5000_W10.txt,2,bottom,0.003,ABS,649.0,0.7,8,127,649.0,649.0
R26M71_N4P7_D5000_W10,recovered26_common_minus71.json,4.7,5000,10,2494,26,results/R26M71_N4P7_D5000_W10.txt,2,bottom,0.003,DIFF,1010.0,0.9,8,127,1008.0,1011.0
R26M71_N4P7_D5000_W10,recovered26_common_minus71.json,4.7,5000,10,2494,26,results/R26M71_N4P7_D5000_W10.txt,2,bottom,0.003,Min-Max,512.0,0.4,8,127,511.0,513.0
R26M71_N4P7_D5000_W10,recovered26_common_minus71.json,4.7,5000,10,2494,26,results/R26M71_N4P7_D5000_W10.txt,2,random,0.101,WCL,638.0,3.9,8,129,,
R26M71_N4P7_D5000_W10,recovered26_common_minus71.json,4.7,5000,10,2494,26,results/R26M71_N4P7_D5000_W10.txt,2,random,0.101,ABS,666.0,3.3,8,129,,
R26M71_N4P7_D5000_W10,recovered26_common_minus71.json,4.7,5000,10,2494,26,results/R26M71_N4P7_D5000_W10.txt,2,random,0.101,DIFF,919.0,-8.2,8,129,,
R26M71_N4P7_D5000_W10,recovered26_common_minus71.json,4.7,5000,10,2494,26,results/R26M71_N4P7_D5000_W10.txt,2,random,0.101,Min-Max,573.0,12.4,8,129,,
R26M71_N4P7_D5000_W10,recovered26_common_minus71.json,4.7,5000,10,2494,26,results/R26M71_N4P7_D5000_W10.txt,3,top,0.269,WCL,777.0,26.6,8,130,759.0,781.0
R26M71_N4P7_D5000_W10,recovered26_common_minus71.json,4.7,5000,10,2494,26,results/R26M71_N4P7_D5000_W10.txt,3,top,0.269,ABS,756.0,17.3,8,130,657.0,794.0
R26M71_N4P7_D5000_W10,recovered26_common_minus71.json,4.7,5000,10,2494,26,results/R26M71_N4P7_D5000_W10.txt,3,top,0.269,DIFF,982.0,-1.9,8,130,922.0,1043.0
R26M71_N4P7_D5000_W10,recovered26_common_minus71.json,4.7,5000,10,2494,26,results/R26M71_N4P7_D5000_W10.txt,3,top,0.269,Min-Max,684.0,34.2,8,130,669.0,748.0
R26M71_N4P7_D5000_W10,recovered26_common_minus71.json,4.7,5000,10,2494,26,results/R26M71_N4P7_D5000_W10.txt,3,bottom,0.008,WCL,618.0,0.8,8,132,618.0,619.0
R26M71_N4P7_D5000_W10,recovered26_common_minus71.json,4.7,5000,10,2494,26,results/R26M71_N4P7_D5000_W10.txt,3,bottom,0.008,ABS,649.0,0.8,8,132,648.0,650.0
R26M71_N4P7_D5000_W10,recovered26_common_minus71.json,4.7,5000,10,2494,26,results/R26M71_N4P7_D5000_W10.txt,3,bottom,0.008,DIFF,1009.0,0.8,8,132,1006.0,1010.0
R26M71_N4P7_D5000_W10,recovered26_common_minus71.json,4.7,5000,10,2494,26,results/R26M71_N4P7_D5000_W10.txt,3,bottom,0.008,Min-Max,513.0,0.6,8,132,511.0,514.0
R26M71_N4P7_D5000_W10,recovered26_common_minus71.json,4.7,5000,10,2494,26,results/R26M71_N4P7_D5000_W10.txt,3,random,0.115,WCL,648.0,5.6,8,134,,
R26M71_N4P7_D5000_W10,recovered26_common_minus71.json,4.7,5000,10,2494,26,results/R26M71_N4P7_D5000_W10.txt,3,random,0.115,ABS,668.0,3.7,8,134,,
R26M71_N4P7_D5000_W10,recovered26_common_minus71.json,4.7,5000,10,2494,26,results/R26M71_N4P7_D5000_W10.txt,3,random,0.115,DIFF,983.0,-1.8,8,134,,
R26M71_N4P7_D5000_W10,recovered26_common_minus71.json,4.7,5000,10,2494,26,results/R26M71_N4P7_D5000_W10.txt,3,random,0.115,Min-Max,577.0,13.2,8,134,,
R26M71_N4P7_D5000_W10,recovered26_common_minus71.json,4.7,5000,10,2494,26,results/R26M71_N4P7_D5000_W10.txt,4,top,0.344,WCL,825.0,34.4,8,135,807.0,838.0
R26M71_N4P7_D5000_W10,recovered26_common_minus71.json,4.7,5000,10,2494,26,results/R26M71_N4P7_D5000_W10.txt,4,top,0.344,ABS,832.0,29.1,8,135,743.0,887.0
R26M71_N4P7_D5000_W10,recovered26_common_minus71.json,4.7,5000,10,2494,26,results/R26M71_N4P7_D5000_W10.txt,4,top,0.344,DIFF,1013.0,1.2,8,135,946.0,1100.0
R26M71_N4P7_D5000_W10,recovered26_common_minus71.json,4.7,5000,10,2494,26,results/R26M71_N4P7_D5000_W10.txt,4,top,0.344,Min-Max,770.0,51.1,8,135,707.0,880.0
R26M71_N4P7_D5000_W10,recovered26_common_minus71.json,4.7,5000,10,2494,26,results/R26M71_N4P7_D5000_W10.txt,4,bottom,0.014,WCL,619.0,0.8,8,137,618.0,619.0
R26M71_N4P7_D5000_W10,recovered26_common_minus71.json,4.7,5000,10,2494,26,results/R26M71_N4P7_D5000_W10.txt,4,bottom,0.014,ABS,650.0,0.8,8,137,647.0,651.0
R26M71_N4P7_D5000_W10,recovered26_common_minus71.json,4.7,5000,10,2494,26,results/R26M71_N4P7_D5000_W10.txt,4,bottom,0.014,DIFF,1007.0,0.6,8,137,1001.0,1010.0
R26M71_N4P7_D5000_W10,recovered26_common_minus71.json,4.7,5000,10,2494,26,results/R26M71_N4P7_D5000_W10.txt,4,bottom,0.014,Min-Max,513.0,0.7,8,137,511.0,519.0
R26M71_N4P7_D5000_W10,recovered26_common_minus71.json,4.7,5000,10,2494,26,results/R26M71_N4P7_D5000_W10.txt,4,random,0.128,WCL,635.0,3.5,8,139,,
R26M71_N4P7_D5000_W10,recovered26_common_minus71.json,4.7,5000,10,2494,26,results/R26M71_N4P7_D5000_W10.txt,4,random,0.128,ABS,671.0,4.1,8,139,,
R26M71_N4P7_D5000_W10,recovered26_common_minus71.json,4.7,5000,10,2494,26,results/R26M71_N4P7_D5000_W10.txt,4,random,0.128,DIFF,993.0,-0.8,8,139,,
R26M71_N4P7_D5000_W10,recovered26_common_minus71.json,4.7,5000,10,2494,26,results/R26M71_N4P7_D5000_W10.txt,4,random,0.128,Min-Max,550.0,8.0,8,139,,
R26M71_N4P7_D5000_W10,recovered26_common_minus71.json,4.7,5000,10,2494,26,results/R26M71_N4P7_D5000_W10.txt,5,top,0.418,WCL,910.0,48.3,8,140,851.0,934.0
R26M71_N4P7_D5000_W10,recovered26_common_minus71.json,4.7,5000,10,2494,26,results/R26M71_N4P7_D5000_W10.txt,5,top,0.418,ABS,890.0,38.0,8,140,755.0,921.0
R26M71_N4P7_D5000_W10,recovered26_common_minus71.json,4.7,5000,10,2494,26,results/R26M71_N4P7_D5000_W10.txt,5,top,0.418,DIFF,1099.0,9.8,8,140,1050.0,1173.0
R26M71_N4P7_D5000_W10,recovered26_common_minus71.json,4.7,5000,10,2494,26,results/R26M71_N4P7_D5000_W10.txt,5,top,0.418,Min-Max,913.0,79.2,8,140,807.0,1035.0
R26M71_N4P7_D5000_W10,recovered26_common_minus71.json,4.7,5000,10,2494,26,results/R26M71_N4P7_D5000_W10.txt,5,bottom,0.024,WCL,620.0,1.0,8,142,620.0,620.0
R26M71_N4P7_D5000_W10,recovered26_common_minus71.json,4.7,5000,10,2494,26,results/R26M71_N4P7_D5000_W10.txt,5,bottom,0.024,ABS,650.0,0.8,8,142,646.0,652.0
R26M71_N4P7_D5000_W10,recovered26_common_minus71.json,4.7,5000,10,2494,26,results/R26M71_N4P7_D5000_W10.txt,5,bottom,0.024,DIFF,1003.0,0.2,8,142,1001.0,1008.0
R26M71_N4P7_D5000_W10,recovered26_common_minus71.json,4.7,5000,10,2494,26,results/R26M71_N4P7_D5000_W10.txt,5,bottom,0.024,Min-Max,514.0,0.8,8,142,511.0,520.0
R26M71_N4P7_D5000_W10,recovered26_common_minus71.json,4.7,5000,10,2494,26,results/R26M71_N4P7_D5000_W10.txt,5,random,0.266,WCL,677.0,10.3,8,144,,
R26M71_N4P7_D5000_W10,recovered26_common_minus71.json,4.7,5000,10,2494,26,results/R26M71_N4P7_D5000_W10.txt,5,random,0.266,ABS,705.0,9.4,8,144,,
R26M71_N4P7_D5000_W10,recovered26_common_minus71.json,4.7,5000,10,2494,26,results/R26M71_N4P7_D5000_W10.txt,5,random,0.266,DIFF,966.0,-3.5,8,144,,
R26M71_N4P7_D5000_W10,recovered26_common_minus71.json,4.7,5000,10,2494,26,results/R26M71_N4P7_D5000_W10.txt,5,random,0.266,Min-Max,648.0,27.2,8,144,,
R26M71_N4P7_D5000_W10,recovered26_common_minus71.json,4.7,5000,10,2494,26,results/R26M71_N4P7_D5000_W10.txt,6,top,0.48,WCL,907.0,47.7,8,145,860.0,918.0
R26M71_N4P7_D5000_W10,recovered26_common_minus71.json,4.7,5000,10,2494,26,results/R26M71_N4P7_D5000_W10.txt,6,top,0.48,ABS,888.0,37.8,8,145,812.0,920.0
R26M71_N4P7_D5000_W10,recovered26_common_minus71.json,4.7,5000,10,2494,26,results/R26M71_N4P7_D5000_W10.txt,6,top,0.48,DIFF,1107.0,10.6,8,145,1045.0,1188.0
R26M71_N4P7_D5000_W10,recovered26_common_minus71.json,4.7,5000,10,2494,26,results/R26M71_N4P7_D5000_W10.txt,6,top,0.48,Min-Max,938.0,84.0,8,145,882.0,986.0
R26M71_N4P7_D5000_W10,recovered26_common_minus71.json,4.7,5000,10,2494,26,results/R26M71_N4P7_D5000_W10.txt,6,bottom,0.038,WCL,620.0,1.0,8,147,619.0,621.0
R26M71_N4P7_D5000_W10,recovered26_common_minus71.json,4.7,5000,10,2494,26,results/R26M71_N4P7_D5000_W10.txt,6,bottom,0.038,ABS,652.0,1.2,8,147,647.0,654.0
R26M71_N4P7_D5000_W10,recovered26_common_minus71.json,4.7,5000,10,2494,26,results/R26M71_N4P7_D5000_W10.txt,6,bottom,0.038,DIFF,1010.0,0.9,8,147,999.0,1013.0
R26M71_N4P7_D5000_W10,recovered26_common_minus71.json,4.7,5000,10,2494,26,results/R26M71_N4P7_D5000_W10.txt,6,bottom,0.038,Min-Max,512.0,0.5,8,147,509.0,515.0
R26M71_N4P7_D5000_W10,recovered26_common_minus71.json,4.7,5000,10,2494,26,results/R26M71_N4P7_D5000_W10.txt,6,random,0.233,WCL,671.0,9.3,8,149,,
R26M71_N4P7_D5000_W10,recovered26_common_minus71.json,4.7,5000,10,2494,26,results/R26M71_N4P7_D5000_W10.txt,6,random,0.233,ABS,729.0,13.1,8,149,,
R26M71_N4P7_D5000_W10,recovered26_common_minus71.json,4.7,5000,10,2494,26,results/R26M71_N4P7_D5000_W10.txt,6,random,0.233,DIFF,994.0,-0.7,8,149,,
R26M71_N4P7_D5000_W10,recovered26_common_minus71.json,4.7,5000,10,2494,26,results/R26M71_N4P7_D5000_W10.txt,6,random,0.233,Min-Max,636.0,24.7,8,149,,
R26M71_N4P7_D5000_W10,recovered26_common_minus71.json,4.7,5000,10,2494,26,results/R26M71_N4P7_D5000_W10.txt,7,top,0.533,WCL,1967.0,220.4,8,150,1857.0,2270.0
R26M71_N4P7_D5000_W10,recovered26_common_minus71.json,4.7,5000,10,2494,26,results/R26M71_N4P7_D5000_W10.txt,7,top,0.533,ABS,1041.0,61.6,8,150,1008.0,1186.0
R26M71_N4P7_D5000_W10,recovered26_common_minus71.json,4.7,5000,10,2494,26,results/R26M71_N4P7_D5000_W10.txt,7,top,0.533,DIFF,1419.0,41.8,8,150,1170.0,1556.0
R26M71_N4P7_D5000_W10,recovered26_common_minus71.json,4.7,5000,10,2494,26,results/R26M71_N4P7_D5000_W10.txt,7,top,0.533,Min-Max,1602.0,214.3,8,150,1409.0,2052.0
R26M71_N4P7_D5000_W10,recovered26_common_minus71.json,4.7,5000,10,2494,26,results/R26M71_N4P7_D5000_W10.txt,7,bottom,0.053,WCL,620.0,1.0,8,152,619.0,620.0
R26M71_N4P7_D5000_W10,recovered26_common_minus71.json,4.7,5000,10,2494,26,results/R26M71_N4P7_D5000_W10.txt,7,bottom,0.053,ABS,650.0,0.8,8,152,646.0,652.0
R26M71_N4P7_D5000_W10,recovered26_common_minus71.json,4.7,5000,10,2494,26,results/R26M71_N4P7_D5000_W10.txt,7,bottom,0.053,DIFF,998.0,-0.3,8,152,991.0,1010.0
R26M71_N4P7_D5000_W10,recovered26_common_minus71.json,4.7,5000,10,2494,26,results/R26M71_N4P7_D5000_W10.txt,7,bottom,0.053,Min-Max,513.0,0.6,8,152,512.0,520.0
R26M71_N4P7_D5000_W10,recovered26_common_minus71.json,4.7,5000,10,2494,26,results/R26M71_N4P7_D5000_W10.txt,7,random,0.244,WCL,815.0,32.8,8,154,,
R26M71_N4P7_D5000_W10,recovered26_common_minus71.json,4.7,5000,10,2494,26,results/R26M71_N4P7_D5000_W10.txt,7,random,0.244,ABS,667.0,3.5,8,154,,
R26M71_N4P7_D5000_W10,recovered26_common_minus71.json,4.7,5000,10,2494,26,results/R26M71_N4P7_D5000_W10.txt,7,random,0.244,DIFF,990.0,-1.1,8,154,,
R26M71_N4P7_D5000_W10,recovered26_common_minus71.json,4.7,5000,10,2494,26,results/R26M71_N4P7_D5000_W10.txt,7,random,0.244,Min-Max,618.0,21.3,8,154,,
R26M71_N4P7_D5000_W10,recovered26_common_minus71.json,4.7,5000,10,2494,26,results/R26M71_N4P7_D5000_W10.txt,8,top,0.583,WCL,1705.0,177.8,8,155,1464.0,1925.0
R26M71_N4P7_D5000_W10,recovered26_common_minus71.json,4.7,5000,10,2494,26,results/R26M71_N4P7_D5000_W10.txt,8,top,0.583,ABS,1132.0,75.6,8,155,985.0,1174.0
R26M71_N4P7_D5000_W10,recovered26_common_minus71.json,4.7,5000,10,2494,26,results/R26M71_N4P7_D5000_W10.txt,8,top,0.583,DIFF,1385.0,38.3,8,155,1301.0,1433.0
R26M71_N4P7_D5000_W10,recovered26_common_minus71.json,4.7,5000,10,2494,26,results/R26M71_N4P7_D5000_W10.txt,8,top,0.583,Min-Max,1199.0,135.3,8,155,1034.0,1665.0
R26M71_N4P7_D5000_W10,recovered26_common_minus71.json,4.7,5000,10,2494,26,results/R26M71_N4P7_D5000_W10.txt,8,bottom,0.07,WCL,620.0,1.0,8,157,619.0,620.0
R26M71_N4P7_D5000_W10,recovered26_common_minus71.json,4.7,5000,10,2494,26,results/R26M71_N4P7_D5000_W10.txt,8,bottom,0.07,ABS,650.0,0.9,8,157,647.0,652.0
R26M71_N4P7_D5000_W10,recovered26_common_minus71.json,4.7,5000,10,2494,26,results/R26M71_N4P7_D5000_W10.txt,8,bottom,0.07,DIFF,1008.0,0.7,8,157,997.0,1019.0
R26M71_N4P7_D5000_W10,recovered26_common_minus71.json,4.7,5000,10,2494,26,results/R26M71_N4P7_D5000_W10.txt,8,bottom,0.07,Min-Max,513.0,0.6,8,157,511.0,518.0
R26M71_N4P7_D5000_W10,recovered26_common_minus71.json,4.7,5000,10,2494,26,results/R26M71_N4P7_D5000_W10.txt,8,random,0.263,WCL,794.0,29.4,8,159,,
R26M71_N4P7_D5000_W10,recovered26_common_minus71.json,4.7,5000,10,2494,26,results/R26M71_N4P7_D5000_W10.txt,8,random,0.263,ABS,762.0,18.3,8,159,,
R26M71_N4P7_D5000_W10,recovered26_common_minus71.json,4.7,5000,10,2494,26,results/R26M71_N4P7_D5000_W10.txt,8,random,0.263,DIFF,1082.0,8.0,8,159,,
R26M71_N4P7_D5000_W10,recovered26_common_minus71.json,4.7,5000,10,2494,26,results/R26M71_N4P7_D5000_W10.txt,8,random,0.263,Min-Max,652.0,27.9,8,159,,
R27_N4P7_D1000_W10,recovered27_common.json,4.7,1000,10,2498,27,results/R27_N4P7_D1000_W10.txt,1,top,0.098,WCL,614.0,3.6,4,120,611.0,617.0
R27_N4P7_D1000_W10,recovered27_common.json,4.7,1000,10,2498,27,results/R27_N4P7_D1000_W10.txt,1,top,0.098,ABS,671.0,4.9,4,120,625.0,727.0
R27_N4P7_D1000_W10,recovered27_common.json,4.7,1000,10,2498,27,results/R27_N4P7_D1000_W10.txt,1,top,0.098,DIFF,988.0,-0.1,4,120,988.0,1007.0
R27_N4P7_D1000_W10,recovered27_common.json,4.7,1000,10,2498,27,results/R27_N4P7_D1000_W10.txt,1,top,0.098,Min-Max,498.0,5.9,4,120,486.0,513.0
R27_N4P7_D1000_W10,recovered27_common.json,4.7,1000,10,2498,27,results/R27_N4P7_D1000_W10.txt,1,bottom,0.0,WCL,593.0,0.0,4,122,593.0,593.0
R27_N4P7_D1000_W10,recovered27_common.json,4.7,1000,10,2498,27,results/R27_N4P7_D1000_W10.txt,1,bottom,0.0,ABS,640.0,0.0,4,122,639.0,640.0
R27_N4P7_D1000_W10,recovered27_common.json,4.7,1000,10,2498,27,results/R27_N4P7_D1000_W10.txt,1,bottom,0.0,DIFF,990.0,0.0,4,122,990.0,990.0
R27_N4P7_D1000_W10,recovered27_common.json,4.7,1000,10,2498,27,results/R27_N4P7_D1000_W10.txt,1,bottom,0.0,Min-Max,470.0,0.0,4,122,469.0,470.0
R27_N4P7_D1000_W10,recovered27_common.json,4.7,1000,10,2498,27,results/R27_N4P7_D1000_W10.txt,1,random,0.035,WCL,594.0,0.1,8,124,,
R27_N4P7_D1000_W10,recovered27_common.json,4.7,1000,10,2498,27,results/R27_N4P7_D1000_W10.txt,1,random,0.035,ABS,640.0,0.0,8,124,,
R27_N4P7_D1000_W10,recovered27_common.json,4.7,1000,10,2498,27,results/R27_N4P7_D1000_W10.txt,1,random,0.035,DIFF,989.0,-0.1,8,124,,
R27_N4P7_D1000_W10,recovered27_common.json,4.7,1000,10,2498,27,results/R27_N4P7_D1000_W10.txt,1,random,0.035,Min-Max,471.0,0.2,8,124,,
R27_N4P7_D1000_W10,recovered27_common.json,4.7,1000,10,2498,27,results/R27_N4P7_D1000_W10.txt,2,top,0.187,WCL,672.0,13.2,4,125,598.0,794.0
R27_N4P7_D1000_W10,recovered27_common.json,4.7,1000,10,2498,27,results/R27_N4P7_D1000_W10.txt,2,top,0.187,ABS,746.0,16.6,4,125,708.0,839.0
R27_N4P7_D1000_W10,recovered27_common.json,4.7,1000,10,2498,27,results/R27_N4P7_D1000_W10.txt,2,top,0.187,DIFF,1028.0,3.9,4,125,962.0,1063.0
R27_N4P7_D1000_W10,recovered27_common.json,4.7,1000,10,2498,27,results/R27_N4P7_D1000_W10.txt,2,top,0.187,Min-Max,562.0,19.7,4,125,501.0,581.0
R27_N4P7_D1000_W10,recovered27_common.json,4.7,1000,10,2498,27,results/R27_N4P7_D1000_W10.txt,2,bottom,0.001,WCL,596.0,0.5,4,127,592.0,597.0
R27_N4P7_D1000_W10,recovered27_common.json,4.7,1000,10,2498,27,results/R27_N4P7_D1000_W10.txt,2,bottom,0.001,ABS,639.0,-0.1,4,127,639.0,640.0
R27_N4P7_D1000_W10,recovered27_common.json,4.7,1000,10,2498,27,results/R27_N4P7_D1000_W10.txt,2,bottom,0.001,DIFF,990.0,0.0,4,127,990.0,991.0
R27_N4P7_D1000_W10,recovered27_common.json,4.7,1000,10,2498,27,results/R27_N4P7_D1000_W10.txt,2,bottom,0.001,Min-Max,469.0,-0.1,4,127,468.0,470.0
R27_N4P7_D1000_W10,recovered27_common.json,4.7,1000,10,2498,27,results/R27_N4P7_D1000_W10.txt,2,random,0.099,WCL,609.0,2.6,8,129,,
R27_N4P7_D1000_W10,recovered27_common.json,4.7,1000,10,2498,27,results/R27_N4P7_D1000_W10.txt,2,random,0.099,ABS,659.0,3.0,8,129,,
R27_N4P7_D1000_W10,recovered27_common.json,4.7,1000,10,2498,27,results/R27_N4P7_D1000_W10.txt,2,random,0.099,DIFF,979.0,-1.0,8,129,,
R27_N4P7_D1000_W10,recovered27_common.json,4.7,1000,10,2498,27,results/R27_N4P7_D1000_W10.txt,2,random,0.099,Min-Max,483.0,2.7,8,129,,
R27_N4P7_D1000_W10,recovered27_common.json,4.7,1000,10,2498,27,results/R27_N4P7_D1000_W10.txt,3,top,0.271,WCL,799.0,34.7,4,130,786.0,811.0
R27_N4P7_D1000_W10,recovered27_common.json,4.7,1000,10,2498,27,results/R27_N4P7_D1000_W10.txt,3,top,0.271,ABS,714.0,11.6,4,130,644.0,766.0
R27_N4P7_D1000_W10,recovered27_common.json,4.7,1000,10,2498,27,results/R27_N4P7_D1000_W10.txt,3,top,0.271,DIFF,986.0,-0.3,4,130,975.0,1091.0
R27_N4P7_D1000_W10,recovered27_common.json,4.7,1000,10,2498,27,results/R27_N4P7_D1000_W10.txt,3,top,0.271,Min-Max,573.0,21.9,4,130,563.0,587.0
R27_N4P7_D1000_W10,recovered27_common.json,4.7,1000,10,2498,27,results/R27_N4P7_D1000_W10.txt,3,bottom,0.003,WCL,598.0,0.8,4,132,597.0,598.0
R27_N4P7_D1000_W10,recovered27_common.json,4.7,1000,10,2498,27,results/R27_N4P7_D1000_W10.txt,3,bottom,0.003,ABS,640.0,0.0,4,132,639.0,642.0
R27_N4P7_D1000_W10,recovered27_common.json,4.7,1000,10,2498,27,results/R27_N4P7_D1000_W10.txt,3,bottom,0.003,DIFF,994.0,0.4,4,132,993.0,995.0
R27_N4P7_D1000_W10,recovered27_common.json,4.7,1000,10,2498,27,results/R27_N4P7_D1000_W10.txt,3,bottom,0.003,Min-Max,469.0,-0.1,4,132,468.0,470.0
R27_N4P7_D1000_W10,recovered27_common.json,4.7,1000,10,2498,27,results/R27_N4P7_D1000_W10.txt,3,random,0.116,WCL,603.0,1.6,8,134,,
R27_N4P7_D1000_W10,recovered27_common.json,4.7,1000,10,2498,27,results/R27_N4P7_D1000_W10.txt,3,random,0.116,ABS,659.0,3.0,8,134,,
R27_N4P7_D1000_W10,recovered27_common.json,4.7,1000,10,2498,27,results/R27_N4P7_D1000_W10.txt,3,random,0.116,DIFF,1002.0,1.2,8,134,,
R27_N4P7_D1000_W10,recovered27_common.json,4.7,1000,10,2498,27,results/R27_N4P7_D1000_W10.txt,3,random,0.116,Min-Max,485.0,3.2,8,134,,
R27_N4P7_D1000_W10,recovered27_common.json,4.7,1000,10,2498,27,results/R27_N4P7_D1000_W10.txt,4,top,0.346,WCL,768.0,29.5,4,135,696.0,833.0
R27_N4P7_D1000_W10,recovered27_common.json,4.7,1000,10,2498,27,results/R27_N4P7_D1000_W10.txt,4,top,0.346,ABS,765.0,19.5,4,135,634.0,832.0
R27_N4P7_D1000_W10,recovered27_common.json,4.7,1000,10,2498,27,results/R27_N4P7_D1000_W10.txt,4,top,0.346,DIFF,1089.0,10.1,4,135,1026.0,1232.0
R27_N4P7_D1000_W10,recovered27_common.json,4.7,1000,10,2498,27,results/R27_N4P7_D1000_W10.txt,4,top,0.346,Min-Max,557.0,18.7,4,135,513.0,595.0
R27_N4P7_D1000_W10,recovered27_common.json,4.7,1000,10,2498,27,results/R27_N4P7_D1000_W10.txt,4,bottom,0.008,WCL,598.0,0.8,4,137,593.0,598.0
R27_N4P7_D1000_W10,recovered27_common.json,4.7,1000,10,2498,27,results/R27_N4P7_D1000_W10.txt,4,bottom,0.008,ABS,640.0,0.0,4,137,639.0,642.0
R27_N4P7_D1000_W10,recovered27_common.json,4.7,1000,10,2498,27,results/R27_N4P7_D1000_W10.txt,4,bottom,0.008,DIFF,991.0,0.1,4,137,990.0,992.0
R27_N4P7_D1000_W10,recovered27_common.json,4.7,1000,10,2498,27,results/R27_N4P7_D1000_W10.txt,4,bottom,0.008,Min-Max,469.0,-0.1,4,137,467.0,470.0
R27_N4P7_D1000_W10,recovered27_common.json,4.7,1000,10,2498,27,results/R27_N4P7_D1000_W10.txt,4,random,0.13,WCL,597.0,0.7,8,139,,
R27_N4P7_D1000_W10,recovered27_common.json,4.7,1000,10,2498,27,results/R27_N4P7_D1000_W10.txt,4,random,0.13,ABS,653.0,2.1,8,139,,
R27_N4P7_D1000_W10,recovered27_common.json,4.7,1000,10,2498,27,results/R27_N4P7_D1000_W10.txt,4,random,0.13,DIFF,1016.0,2.6,8,139,,
R27_N4P7_D1000_W10,recovered27_common.json,4.7,1000,10,2498,27,results/R27_N4P7_D1000_W10.txt,4,random,0.13,Min-Max,480.0,2.1,8,139,,
R27_N4P7_D1000_W10,recovered27_common.json,4.7,1000,10,2498,27,results/R27_N4P7_D1000_W10.txt,5,top,0.416,WCL,774.0,30.5,4,140,705.0,810.0
R27_N4P7_D1000_W10,recovered27_common.json,4.7,1000,10,2498,27,results/R27_N4P7_D1000_W10.txt,5,top,0.416,ABS,822.0,28.4,4,140,726.0,919.0
R27_N4P7_D1000_W10,recovered27_common.json,4.7,1000,10,2498,27,results/R27_N4P7_D1000_W10.txt,5,top,0.416,DIFF,1121.0,13.3,4,140,1001.0,1194.0
R27_N4P7_D1000_W10,recovered27_common.json,4.7,1000,10,2498,27,results/R27_N4P7_D1000_W10.txt,5,top,0.416,Min-Max,603.0,28.3,4,140,553.0,641.0
R27_N4P7_D1000_W10,recovered27_common.json,4.7,1000,10,2498,27,results/R27_N4P7_D1000_W10.txt,5,bottom,0.013,WCL,598.0,0.8,4,142,593.0,598.0
R27_N4P7_D1000_W10,recovered27_common.json,4.7,1000,10,2498,27,results/R27_N4P7_D1000_W10.txt,5,bottom,0.013,ABS,642.0,0.3,4,142,639.0,642.0
R27_N4P7_D1000_W10,recovered27_common.json,4.7,1000,10,2498,27,results/R27_N4P7_D1000_W10.txt,5,bottom,0.013,DIFF,992.0,0.3,4,142,990.0,993.0
R27_N4P7_D1000_W10,recovered27_common.json,4.7,1000,10,2498,27,results/R27_N4P7_D1000_W10.txt,5,bottom,0.013,Min-Max,468.0,-0.4,4,142,467.0,470.0
R27_N4P7_D1000_W10,recovered27_common.json,4.7,1000,10,2498,27,results/R27_N4P7_D1000_W10.txt,5,random,0.244,WCL,617.0,4.0,8,144,,
R27_N4P7_D1000_W10,recovered27_common.json,4.7,1000,10,2498,27,results/R27_N4P7_D1000_W10.txt,5,random,0.244,ABS,666.0,4.1,8,144,,
R27_N4P7_D1000_W10,recovered27_common.json,4.7,1000,10,2498,27,results/R27_N4P7_D1000_W10.txt,5,random,0.244,DIFF,1025.0,3.6,8,144,,
R27_N4P7_D1000_W10,recovered27_common.json,4.7,1000,10,2498,27,results/R27_N4P7_D1000_W10.txt,5,random,0.244,Min-Max,502.0,6.8,8,144,,
R27_N4P7_D1000_W10,recovered27_common.json,4.7,1000,10,2498,27,results/R27_N4P7_D1000_W10.txt,6,top,0.483,WCL,729.0,22.9,4,145,707.0,887.0
R27_N4P7_D1000_W10,recovered27_common.json,4.7,1000,10,2498,27,results/R27_N4P7_D1000_W10.txt,6,top,0.483,ABS,763.0,19.2,4,145,711.0,859.0
R27_N4P7_D1000_W10,recovered27_common.json,4.7,1000,10,2498,27,results/R27_N4P7_D1000_W10.txt,6,top,0.483,DIFF,1222.0,23.5,4,145,1075.0,1254.0
R27_N4P7_D1000_W10,recovered27_common.json,4.7,1000,10,2498,27,results/R27_N4P7_D1000_W10.txt,6,top,0.483,Min-Max,584.0,24.3,4,145,570.0,667.0
R27_N4P7_D1000_W10,recovered27_common.json,4.7,1000,10,2498,27,results/R27_N4P7_D1000_W10.txt,6,bottom,0.022,WCL,598.0,0.8,4,147,596.0,598.0
R27_N4P7_D1000_W10,recovered27_common.json,4.7,1000,10,2498,27,results/R27_N4P7_D1000_W10.txt,6,bottom,0.022,ABS,642.0,0.4,4,147,639.0,643.0
R27_N4P7_D1000_W10,recovered27_common.json,4.7,1000,10,2498,27,results/R27_N4P7_D1000_W10.txt,6,bottom,0.022,DIFF,993.0,0.4,4,147,991.0,999.0
R27_N4P7_D1000_W10,recovered27_common.json,4.7,1000,10,2498,27,results/R27_N4P7_D1000_W10.txt,6,bottom,0.022,Min-Max,469.0,-0.1,4,147,469.0,471.0
R27_N4P7_D1000_W10,recovered27_common.json,4.7,1000,10,2498,27,results/R27_N4P7_D1000_W10.txt,6,random,0.202,WCL,624.0,5.2,8,149,,
R27_N4P7_D1000_W10,recovered27_common.json,4.7,1000,10,2498,27,results/R27_N4P7_D1000_W10.txt,6,random,0.202,ABS,704.0,10.0,8,149,,
R27_N4P7_D1000_W10,recovered27_common.json,4.7,1000,10,2498,27,results/R27_N4P7_D1000_W10.txt,6,random,0.202,DIFF,1053.0,6.4,8,149,,
R27_N4P7_D1000_W10,recovered27_common.json,4.7,1000,10,2498,27,results/R27_N4P7_D1000_W10.txt,6,random,0.202,Min-Max,495.0,5.4,8,149,,
R27_N4P7_D1000_W10,recovered27_common.json,4.7,1000,10,2498,27,results/R27_N4P7_D1000_W10.txt,7,top,0.54,WCL,875.0,47.5,4,150,668.0,1005.0
R27_N4P7_D1000_W10,recovered27_common.json,4.7,1000,10,2498,27,results/R27_N4P7_D1000_W10.txt,7,top,0.54,ABS,869.0,35.8,4,150,757.0,955.0
R27_N4P7_D1000_W10,recovered27_common.json,4.7,1000,10,2498,27,results/R27_N4P7_D1000_W10.txt,7,top,0.54,DIFF,1426.0,44.1,4,150,1173.0,1610.0
R27_N4P7_D1000_W10,recovered27_common.json,4.7,1000,10,2498,27,results/R27_N4P7_D1000_W10.txt,7,top,0.54,Min-Max,672.0,43.1,4,150,567.0,715.0
R27_N4P7_D1000_W10,recovered27_common.json,4.7,1000,10,2498,27,results/R27_N4P7_D1000_W10.txt,7,bottom,0.036,WCL,598.0,0.8,4,152,594.0,598.0
R27_N4P7_D1000_W10,recovered27_common.json,4.7,1000,10,2498,27,results/R27_N4P7_D1000_W10.txt,7,bottom,0.036,ABS,641.0,0.2,4,152,639.0,644.0
R27_N4P7_D1000_W10,recovered27_common.json,4.7,1000,10,2498,27,results/R27_N4P7_D1000_W10.txt,7,bottom,0.036,DIFF,989.0,-0.1,4,152,988.0,991.0
R27_N4P7_D1000_W10,recovered27_common.json,4.7,1000,10,2498,27,results/R27_N4P7_D1000_W10.txt,7,bottom,0.036,Min-Max,469.0,-0.2,4,152,467.0,470.0
R27_N4P7_D1000_W10,recovered27_common.json,4.7,1000,10,2498,27,results/R27_N4P7_D1000_W10.txt,7,random,0.251,WCL,693.0,16.8,8,154,,
R27_N4P7_D1000_W10,recovered27_common.json,4.7,1000,10,2498,27,results/R27_N4P7_D1000_W10.txt,7,random,0.251,ABS,646.0,0.9,8,154,,
R27_N4P7_D1000_W10,recovered27_common.json,4.7,1000,10,2498,27,results/R27_N4P7_D1000_W10.txt,7,random,0.251,DIFF,1023.0,3.3,8,154,,
R27_N4P7_D1000_W10,recovered27_common.json,4.7,1000,10,2498,27,results/R27_N4P7_D1000_W10.txt,7,random,0.251,Min-Max,526.0,12.0,8,154,,
R27_N4P7_D1000_W10,recovered27_common.json,4.7,1000,10,2498,27,results/R27_N4P7_D1000_W10.txt,8,top,0.59,WCL,879.0,48.2,4,155,668.0,983.0
R27_N4P7_D1000_W10,recovered27_common.json,4.7,1000,10,2498,27,results/R27_N4P7_D1000_W10.txt,8,top,0.59,ABS,788.0,23.1,4,155,693.0,827.0
R27_N4P7_D1000_W10,recovered27_common.json,4.7,1000,10,2498,27,results/R27_N4P7_D1000_W10.txt,8,top,0.59,DIFF,1350.0,36.4,4,155,1206.0,1577.0
R27_N4P7_D1000_W10,recovered27_common.json,4.7,1000,10,2498,27,results/R27_N4P7_D1000_W10.txt,8,top,0.59,Min-Max,619.0,31.7,4,155,539.0,718.0
R27_N4P7_D1000_W10,recovered27_common.json,4.7,1000,10,2498,27,results/R27_N4P7_D1000_W10.txt,8,bottom,0.049,WCL,598.0,0.8,4,157,598.0,598.0
R27_N4P7_D1000_W10,recovered27_common.json,4.7,1000,10,2498,27,results/R27_N4P7_D1000_W10.txt,8,bottom,0.049,ABS,642.0,0.4,4,157,640.0,644.0
R27_N4P7_D1000_W10,recovered27_common.json,4.7,1000,10,2498,27,results/R27_N4P7_D1000_W10.txt,8,bottom,0.049,DIFF,991.0,0.1,4,157,990.0,992.0
R27_N4P7_D1000_W10,recovered27_common.json,4.7,1000,10,2498,27,results/R27_N4P7_D1000_W10.txt,8,bottom,0.049,Min-Max,466.0,-0.7,4,157,463.0,470.0
R27_N4P7_D1000_W10,recovered27_common.json,4.7,1000,10,2498,27,results/R27_N4P7_D1000_W10.txt,8,random,0.275,WCL,624.0,5.2,8,159,,
R27_N4P7_D1000_W10,recovered27_common.json,4.7,1000,10,2498,27,results/R27_N4P7_D1000_W10.txt,8,random,0.275,ABS,684.0,6.9,8,159,,
R27_N4P7_D1000_W10,recovered27_common.json,4.7,1000,10,2498,27,results/R27_N4P7_D1000_W10.txt,8,random,0.275,DIFF,1044.0,5.5,8,159,,
R27_N4P7_D1000_W10,recovered27_common.json,4.7,1000,10,2498,27,results/R27_N4P7_D1000_W10.txt,8,random,0.275,Min-Max,505.0,7.4,8,159,,
R27_N4P7_D5000_W10,recovered27_common.json,4.7,5000,10,2498,27,results/R27_N4P7_D5000_W10.txt,1,top,0.098,WCL,612.0,3.2,8,120,611.0,613.0
R27_N4P7_D5000_W10,recovered27_common.json,4.7,5000,10,2498,27,results/R27_N4P7_D5000_W10.txt,1,top,0.098,ABS,639.0,-0.1,8,120,635.0,665.0
R27_N4P7_D5000_W10,recovered27_common.json,4.7,5000,10,2498,27,results/R27_N4P7_D5000_W10.txt,1,top,0.098,DIFF,908.0,-8.2,8,120,858.0,994.0
R27_N4P7_D5000_W10,recovered27_common.json,4.7,5000,10,2498,27,results/R27_N4P7_D5000_W10.txt,1,top,0.098,Min-Max,545.0,16.0,8,120,523.0,567.0
R27_N4P7_D5000_W10,recovered27_common.json,4.7,5000,10,2498,27,results/R27_N4P7_D5000_W10.txt,1,bottom,0.0,WCL,593.0,0.0,8,122,593.0,593.0
R27_N4P7_D5000_W10,recovered27_common.json,4.7,5000,10,2498,27,results/R27_N4P7_D5000_W10.txt,1,bottom,0.0,ABS,640.0,0.0,8,122,639.0,640.0
R27_N4P7_D5000_W10,recovered27_common.json,4.7,5000,10,2498,27,results/R27_N4P7_D5000_W10.txt,1,bottom,0.0,DIFF,990.0,0.0,8,122,990.0,990.0
R27_N4P7_D5000_W10,recovered27_common.json,4.7,5000,10,2498,27,results/R27_N4P7_D5000_W10.txt,1,bottom,0.0,Min-Max,469.0,-0.1,8,122,469.0,470.0
R27_N4P7_D5000_W10,recovered27_common.json,4.7,5000,10,2498,27,results/R27_N4P7_D5000_W10.txt,1,random,0.035,WCL,597.0,0.6,8,124,,
R27_N4P7_D5000_W10,recovered27_common.json,4.7,5000,10,2498,27,results/R27_N4P7_D5000_W10.txt,1,random,0.035,ABS,641.0,0.2,8,124,,
R27_N4P7_D5000_W10,recovered27_common.json,4.7,5000,10,2498,27,results/R27_N4P7_D5000_W10.txt,1,random,0.035,DIFF,989.0,-0.1,8,124,,
R27_N4P7_D5000_W10,recovered27_common.json,4.7,5000,10,2498,27,results/R27_N4P7_D5000_W10.txt,1,random,0.035,Min-Max,470.0,0.1,8,124,,
R27_N4P7_D5000_W10,recovered27_common.json,4.7,5000,10,2498,27,results/R27_N4P7_D5000_W10.txt,2,top,0.187,WCL,604.0,1.9,8,125,604.0,604.0
R27_N4P7_D5000_W10,recovered27_common.json,4.7,5000,10,2498,27,results/R27_N4P7_D5000_W10.txt,2,top,0.187,ABS,673.0,5.2,8,125,639.0,747.0
R27_N4P7_D5000_W10,recovered27_common.json,4.7,5000,10,2498,27,results/R27_N4P7_D5000_W10.txt,2,top,0.187,DIFF,925.0,-6.6,8,125,884.0,959.0
R27_N4P7_D5000_W10,recovered27_common.json,4.7,5000,10,2498,27,results/R27_N4P7_D5000_W10.txt,2,top,0.187,Min-Max,617.0,31.4,8,125,524.0,675.0
R27_N4P7_D5000_W10,recovered27_common.json,4.7,5000,10,2498,27,results/R27_N4P7_D5000_W10.txt,2,bottom,0.001,WCL,597.0,0.7,8,127,597.0,597.0
R27_N4P7_D5000_W10,recovered27_common.json,4.7,5000,10,2498,27,results/R27_N4P7_D5000_W10.txt,2,bottom,0.001,ABS,641.0,0.1,8,127,639.0,641.0
R27_N4P7_D5000_W10,recovered27_common.json,4.7,5000,10,2498,27,results/R27_N4P7_D5000_W10.txt,2,bottom,0.001,DIFF,992.0,0.3,8,127,991.0,996.0
R27_N4P7_D5000_W10,recovered27_common.json,4.7,5000,10,2498,27,results/R27_N4P7_D5000_W10.txt,2,bottom,0.001,Min-Max,470.0,-0.1,8,127,467.0,470.0
R27_N4P7_D5000_W10,recovered27_common.json,4.7,5000,10,2498,27,results/R27_N4P7_D5000_W10.txt,2,random,0.099,WCL,611.0,3.0,8,129,,
R27_N4P7_D5000_W10,recovered27_common.json,4.7,5000,10,2498,27,results/R27_N4P7_D5000_W10.txt,2,random,0.099,ABS,669.0,4.5,8,129,,
R27_N4P7_D5000_W10,recovered27_common.json,4.7,5000,10,2498,27,results/R27_N4P7_D5000_W10.txt,2,random,0.099,DIFF,893.0,-9.8,8,129,,
R27_N4P7_D5000_W10,recovered27_common.json,4.7,5000,10,2498,27,results/R27_N4P7_D5000_W10.txt,2,random,0.099,Min-Max,551.0,17.4,8,129,,
R27_N4P7_D5000_W10,recovered27_common.json,4.7,5000,10,2498,27,results/R27_N4P7_D5000_W10.txt,3,top,0.271,WCL,730.0,23.1,8,130,720.0,736.0
R27_N4P7_D5000_W10,recovered27_common.json,4.7,5000,10,2498,27,results/R27_N4P7_D5000_W10.txt,3,top,0.271,ABS,753.0,17.7,8,130,657.0,800.0
R27_N4P7_D5000_W10,recovered27_common.json,4.7,5000,10,2498,27,results/R27_N4P7_D5000_W10.txt,3,top,0.271,DIFF,958.0,-3.2,8,130,913.0,1011.0
R27_N4P7_D5000_W10,recovered27_common.json,4.7,5000,10,2498,27,results/R27_N4P7_D5000_W10.txt,3,top,0.271,Min-Max,658.0,40.0,8,130,628.0,726.0
R27_N4P7_D5000_W10,recovered27_common.json,4.7,5000,10,2498,27,results/R27_N4P7_D5000_W10.txt,3,bottom,0.003,WCL,598.0,0.8,8,132,598.0,598.0
R27_N4P7_D5000_W10,recovered27_common.json,4.7,5000,10,2498,27,results/R27_N4P7_D5000_W10.txt,3,bottom,0.003,ABS,642.0,0.3,8,132,640.0,642.0
R27_N4P7_D5000_W10,recovered27_common.json,4.7,5000,10,2498,27,results/R27_N4P7_D5000_W10.txt,3,bottom,0.003,DIFF,997.0,0.7,8,132,995.0,1001.0
R27_N4P7_D5000_W10,recovered27_common.json,4.7,5000,10,2498,27,results/R27_N4P7_D5000_W10.txt,3,bottom,0.003,Min-Max,470.0,-0.1,8,132,467.0,470.0
R27_N4P7_D5000_W10,recovered27_common.json,4.7,5000,10,2498,27,results/R27_N4P7_D5000_W10.txt,3,random,0.116,WCL,607.0,2.4,8,134,,
R27_N4P7_D5000_W10,recovered27_common.json,4.7,5000,10,2498,27,results/R27_N4P7_D5000_W10.txt,3,random,0.116,ABS,679.0,6.1,8,134,,
R27_N4P7_D5000_W10,recovered27_common.json,4.7,5000,10,2498,27,results/R27_N4P7_D5000_W10.txt,3,random,0.116,DIFF,970.0,-2.0,8,134,,
R27_N4P7_D5000_W10,recovered27_common.json,4.7,5000,10,2498,27,results/R27_N4P7_D5000_W10.txt,3,random,0.116,Min-Max,547.0,16.5,8,134,,
R27_N4P7_D5000_W10,recovered27_common.json,4.7,5000,10,2498,27,results/R27_N4P7_D5000_W10.txt,4,top,0.346,WCL,848.0,43.0,8,135,819.0,867.0
R27_N4P7_D5000_W10,recovered27_common.json,4.7,5000,10,2498,27,results/R27_N4P7_D5000_W10.txt,4,top,0.346,ABS,842.0,31.5,8,135,714.0,901.0
R27_N4P7_D5000_W10,recovered27_common.json,4.7,5000,10,2498,27,results/R27_N4P7_D5000_W10.txt,4,top,0.346,DIFF,1032.0,4.3,8,135,974.0,1148.0
R27_N4P7_D5000_W10,recovered27_common.json,4.7,5000,10,2498,27,results/R27_N4P7_D5000_W10.txt,4,top,0.346,Min-Max,742.0,58.0,8,135,690.0,844.0
R27_N4P7_D5000_W10,recovered27_common.json,4.7,5000,10,2498,27,results/R27_N4P7_D5000_W10.txt,4,bottom,0.008,WCL,598.0,0.8,8,137,598.0,598.0
R27_N4P7_D5000_W10,recovered27_common.json,4.7,5000,10,2498,27,results/R27_N4P7_D5000_W10.txt,4,bottom,0.008,ABS,641.0,0.1,8,137,640.0,642.0
R27_N4P7_D5000_W10,recovered27_common.json,4.7,5000,10,2498,27,results/R27_N4P7_D5000_W10.txt,4,bottom,0.008,DIFF,993.0,0.3,8,137,990.0,1001.0
R27_N4P7_D5000_W10,recovered27_common.json,4.7,5000,10,2498,27,results/R27_N4P7_D5000_W10.txt,4,bottom,0.008,Min-Max,470.0,0.0,8,137,469.0,471.0
R27_N4P7_D5000_W10,recovered27_common.json,4.7,5000,10,2498,27,results/R27_N4P7_D5000_W10.txt,4,random,0.13,WCL,603.0,1.7,8,139,,
R27_N4P7_D5000_W10,recovered27_common.json,4.7,5000,10,2498,27,results/R27_N4P7_D5000_W10.txt,4,random,0.13,ABS,672.0,5.0,8,139,,
R27_N4P7_D5000_W10,recovered27_common.json,4.7,5000,10,2498,27,results/R27_N4P7_D5000_W10.txt,4,random,0.13,DIFF,977.0,-1.3,8,139,,
R27_N4P7_D5000_W10,recovered27_common.json,4.7,5000,10,2498,27,results/R27_N4P7_D5000_W10.txt,4,random,0.13,Min-Max,511.0,8.8,8,139,,
R27_N4P7_D5000_W10,recovered27_common.json,4.7,5000,10,2498,27,results/R27_N4P7_D5000_W10.txt,5,top,0.416,WCL,881.0,48.4,8,140,830.0,900.0
R27_N4P7_D5000_W10,recovered27_common.json,4.7,5000,10,2498,27,results/R27_N4P7_D5000_W10.txt,5,top,0.416,ABS,839.0,31.0,8,140,730.0,909.0
R27_N4P7_D5000_W10,recovered27_common.json,4.7,5000,10,2498,27,results/R27_N4P7_D5000_W10.txt,5,top,0.416,DIFF,1077.0,8.8,8,140,1007.0,1150.0
R27_N4P7_D5000_W10,recovered27_common.json,4.7,5000,10,2498,27,results/R27_N4P7_D5000_W10.txt,5,top,0.416,Min-Max,852.0,81.4,8,140,770.0,940.0
R27_N4P7_D5000_W10,recovered27_common.json,4.7,5000,10,2498,27,results/R27_N4P7_D5000_W10.txt,5,bottom,0.013,WCL,598.0,0.8,8,142,598.0,598.0
R27_N4P7_D5000_W10,recovered27_common.json,4.7,5000,10,2498,27,results/R27_N4P7_D5000_W10.txt,5,bottom,0.013,ABS,642.0,0.3,8,142,639.0,642.0
R27_N4P7_D5000_W10,recovered27_common.json,4.7,5000,10,2498,27,results/R27_N4P7_D5000_W10.txt,5,bottom,0.013,DIFF,997.0,0.8,8,142,993.0,1001.0
R27_N4P7_D5000_W10,recovered27_common.json,4.7,5000,10,2498,27,results/R27_N4P7_D5000_W10.txt,5,bottom,0.013,Min-Max,470.0,-0.1,8,142,468.0,471.0
R27_N4P7_D5000_W10,recovered27_common.json,4.7,5000,10,2498,27,results/R27_N4P7_D5000_W10.txt,5,random,0.244,WCL,644.0,8.5,8,144,,
R27_N4P7_D5000_W10,recovered27_common.json,4.7,5000,10,2498,27,results/R27_N4P7_D5000_W10.txt,5,random,0.244,ABS,710.0,11.0,8,144,,
R27_N4P7_D5000_W10,recovered27_common.json,4.7,5000,10,2498,27,results/R27_N4P7_D5000_W10.txt,5,random,0.244,DIFF,943.0,-4.7,8,144,,
R27_N4P7_D5000_W10,recovered27_common.json,4.7,5000,10,2498,27,results/R27_N4P7_D5000_W10.txt,5,random,0.244,Min-Max,598.0,27.3,8,144,,
R27_N4P7_D5000_W10,recovered27_common.json,4.7,5000,10,2498,27,results/R27_N4P7_D5000_W10.txt,6,top,0.483,WCL,873.0,47.1,8,145,838.0,888.0
R27_N4P7_D5000_W10,recovered27_common.json,4.7,5000,10,2498,27,results/R27_N4P7_D5000_W10.txt,6,top,0.483,ABS,873.0,36.4,8,145,763.0,916.0
R27_N4P7_D5000_W10,recovered27_common.json,4.7,5000,10,2498,27,results/R27_N4P7_D5000_W10.txt,6,top,0.483,DIFF,1082.0,9.3,8,145,1010.0,1169.0
R27_N4P7_D5000_W10,recovered27_common.json,4.7,5000,10,2498,27,results/R27_N4P7_D5000_W10.txt,6,top,0.483,Min-Max,889.0,89.2,8,145,817.0,960.0
R27_N4P7_D5000_W10,recovered27_common.json,4.7,5000,10,2498,27,results/R27_N4P7_D5000_W10.txt,6,bottom,0.022,WCL,598.0,0.8,8,147,598.0,599.0
R27_N4P7_D5000_W10,recovered27_common.json,4.7,5000,10,2498,27,results/R27_N4P7_D5000_W10.txt,6,bottom,0.022,ABS,642.0,0.3,8,147,636.0,642.0
R27_N4P7_D5000_W10,recovered27_common.json,4.7,5000,10,2498,27,results/R27_N4P7_D5000_W10.txt,6,bottom,0.022,DIFF,992.0,0.3,8,147,986.0,1002.0
R27_N4P7_D5000_W10,recovered27_common.json,4.7,5000,10,2498,27,results/R27_N4P7_D5000_W10.txt,6,bottom,0.022,Min-Max,470.0,0.1,8,147,468.0,473.0
R27_N4P7_D5000_W10,recovered27_common.json,4.7,5000,10,2498,27,results/R27_N4P7_D5000_W10.txt,6,random,0.202,WCL,640.0,7.9,8,149,,
R27_N4P7_D5000_W10,recovered27_common.json,4.7,5000,10,2498,27,results/R27_N4P7_D5000_W10.txt,6,random,0.202,ABS,724.0,13.1,8,149,,
R27_N4P7_D5000_W10,recovered27_common.json,4.7,5000,10,2498,27,results/R27_N4P7_D5000_W10.txt,6,random,0.202,DIFF,967.0,-2.3,8,149,,
R27_N4P7_D5000_W10,recovered27_common.json,4.7,5000,10,2498,27,results/R27_N4P7_D5000_W10.txt,6,random,0.202,Min-Max,581.0,23.7,8,149,,
R27_N4P7_D5000_W10,recovered27_common.json,4.7,5000,10,2498,27,results/R27_N4P7_D5000_W10.txt,7,top,0.54,WCL,1990.0,235.5,8,150,1844.0,2248.0
R27_N4P7_D5000_W10,recovered27_common.json,4.7,5000,10,2498,27,results/R27_N4P7_D5000_W10.txt,7,top,0.54,ABS,1056.0,65.0,8,150,982.0,1170.0
R27_N4P7_D5000_W10,recovered27_common.json,4.7,5000,10,2498,27,results/R27_N4P7_D5000_W10.txt,7,top,0.54,DIFF,1411.0,42.6,8,150,1174.0,1580.0
R27_N4P7_D5000_W10,recovered27_common.json,4.7,5000,10,2498,27,results/R27_N4P7_D5000_W10.txt,7,top,0.54,Min-Max,1571.0,234.5,8,150,1378.0,1986.0
R27_N4P7_D5000_W10,recovered27_common.json,4.7,5000,10,2498,27,results/R27_N4P7_D5000_W10.txt,7,bottom,0.036,WCL,598.0,0.8,8,152,598.0,598.0
R27_N4P7_D5000_W10,recovered27_common.json,4.7,5000,10,2498,27,results/R27_N4P7_D5000_W10.txt,7,bottom,0.036,ABS,642.0,0.3,8,152,641.0,643.0
R27_N4P7_D5000_W10,recovered27_common.json,4.7,5000,10,2498,27,results/R27_N4P7_D5000_W10.txt,7,bottom,0.036,DIFF,992.0,0.3,8,152,981.0,1003.0
R27_N4P7_D5000_W10,recovered27_common.json,4.7,5000,10,2498,27,results/R27_N4P7_D5000_W10.txt,7,bottom,0.036,Min-Max,471.0,0.2,8,152,468.0,473.0
R27_N4P7_D5000_W10,recovered27_common.json,4.7,5000,10,2498,27,results/R27_N4P7_D5000_W10.txt,7,random,0.251,WCL,763.0,28.7,8,154,,
R27_N4P7_D5000_W10,recovered27_common.json,4.7,5000,10,2498,27,results/R27_N4P7_D5000_W10.txt,7,random,0.251,ABS,707.0,10.4,8,154,,
R27_N4P7_D5000_W10,recovered27_common.json,4.7,5000,10,2498,27,results/R27_N4P7_D5000_W10.txt,7,random,0.251,DIFF,1023.0,3.4,8,154,,
R27_N4P7_D5000_W10,recovered27_common.json,4.7,5000,10,2498,27,results/R27_N4P7_D5000_W10.txt,7,random,0.251,Min-Max,596.0,26.8,8,154,,
R27_N4P7_D5000_W10,recovered27_common.json,4.7,5000,10,2498,27,results/R27_N4P7_D5000_W10.txt,8,top,0.59,WCL,1669.0,181.3,8,155,1513.0,1921.0
R27_N4P7_D5000_W10,recovered27_common.json,4.7,5000,10,2498,27,results/R27_N4P7_D5000_W10.txt,8,top,0.59,ABS,1073.0,67.6,8,155,938.0,1189.0
R27_N4P7_D5000_W10,recovered27_common.json,4.7,5000,10,2498,27,results/R27_N4P7_D5000_W10.txt,8,top,0.59,DIFF,1351.0,36.5,8,155,1269.0,1425.0
R27_N4P7_D5000_W10,recovered27_common.json,4.7,5000,10,2498,27,results/R27_N4P7_D5000_W10.txt,8,top,0.59,Min-Max,1159.0,146.7,8,155,988.0,1748.0
R27_N4P7_D5000_W10,recovered27_common.json,4.7,5000,10,2498,27,results/R27_N4P7_D5000_W10.txt,8,bottom,0.049,WCL,598.0,0.8,8,157,598.0,598.0
R27_N4P7_D5000_W10,recovered27_common.json,4.7,5000,10,2498,27,results/R27_N4P7_D5000_W10.txt,8,bottom,0.049,ABS,641.0,0.2,8,157,639.0,644.0
R27_N4P7_D5000_W10,recovered27_common.json,4.7,5000,10,2498,27,results/R27_N4P7_D5000_W10.txt,8,bottom,0.049,DIFF,992.0,0.2,8,157,989.0,996.0
R27_N4P7_D5000_W10,recovered27_common.json,4.7,5000,10,2498,27,results/R27_N4P7_D5000_W10.txt,8,bottom,0.049,Min-Max,469.0,-0.2,8,157,465.0,476.0
R27_N4P7_D5000_W10,recovered27_common.json,4.7,5000,10,2498,27,results/R27_N4P7_D5000_W10.txt,8,random,0.275,WCL,686.0,15.7,8,159,,
R27_N4P7_D5000_W10,recovered27_common.json,4.7,5000,10,2498,27,results/R27_N4P7_D5000_W10.txt,8,random,0.275,ABS,762.0,19.0,8,159,,
R27_N4P7_D5000_W10,recovered27_common.json,4.7,5000,10,2498,27,results/R27_N4P7_D5000_W10.txt,8,random,0.275,DIFF,1045.0,5.6,8,159,,
R27_N4P7_D5000_W10,recovered27_common.json,4.7,5000,10,2498,27,results/R27_N4P7_D5000_W10.txt,8,random,0.275,Min-Max,645.0,37.3,8,159,,
R27_N4P7_D5000_W10,recovered27_common.json,4.7,5000,10,2498,27,results/R27_N4P7_D5000_W10.txt,9,top,0.639,WCL,1790.0,201.7,8,160,1650.0,2139.0
R27_N4P7_D5000_W10,recovered27_common.json,4.7,5000,10,2498,27,results/R27_N4P7_D5000_W10.txt,9,top,0.639,ABS,1080.0,68.7,8,160,970.0,1139.0
R27_N4P7_D5000_W10,recovered27_common.json,4.7,5000,10,2498,27,results/R27_N4P7_D5000_W10.txt,9,top,0.639,DIFF,1328.0,34.2,8,160,1251.0,1512.0
R27_N4P7_D5000_W10,recovered27_common.json,4.7,5000,10,2498,27,results/R27_N4P7_D5000_W10.txt,9,top,0.639,Min-Max,1323.0,181.6,8,160,1007.0,1468.0
R27_N4P7_D5000_W10,recovered27_common.json,4.7,5000,10,2498,27,results/R27_N4P7_D5000_W10.txt,9,bottom,0.067,WCL,598.0,0.8,8,162,598.0,598.0
R27_N4P7_D5000_W10,recovered27_common.json,4.7,5000,10,2498,27,results/R27_N4P7_D5000_W10.txt,9,bottom,0.067,ABS,642.0,0.3,8,162,638.0,648.0
R27_N4P7_D5000_W10,recovered27_common.json,4.7,5000,10,2498,27,results/R27_N4P7_D5000_W10.txt,9,bottom,0.067,DIFF,991.0,0.1,8,162,986.0,1005.0
R27_N4P7_D5000_W10,recovered27_common.json,4.7,5000,10,2498,27,results/R27_N4P7_D5000_W10.txt,9,bottom,0.067,Min-Max,472.0,0.4,8,162,469.0,478.0
R27_N4P7_D5000_W10,recovered27_common.json,4.7,5000,10,2498,27,results/R27_N4P7_D5000_W10.txt,9,random,0.321,WCL,894.0,50.7,8,164,,
R27_N4P7_D5000_W10,recovered27_common.json,4.7,5000,10,2498,27,results/R27_N4P7_D5000_W10.txt,9,random,0.321,ABS,801.0,25.1,8,164,,
R27_N4P7_D5000_W10,recovered27_common.json,4.7,5000,10,2498,27,results/R27_N4P7_D5000_W10.txt,9,random,0.321,DIFF,1148.0,16.0,8,164,,
R27_N4P7_D5000_W10,recovered27_common.json,4.7,5000,10,2498,27,results/R27_N4P7_D5000_W10.txt,9,random,0.321,Min-Max,755.0,60.6,8,164,,
R27_N4P7_D5000_W10,recovered27_common.json,4.7,5000,10,2498,27,results/R27_N4P7_D5000_W10.txt,10,top,0.684,WCL,2192.0,269.5,8,165,1659.0,2747.0
R27_N4P7_D5000_W10,recovered27_common.json,4.7,5000,10,2498,27,results/R27_N4P7_D5000_W10.txt,10,top,0.684,ABS,1136.0,77.5,8,165,1058.0,1333.0
R27_N4P7_D5000_W10,recovered27_common.json,4.7,5000,10,2498,27,results/R27_N4P7_D5000_W10.txt,10,top,0.684,DIFF,1446.0,46.1,8,165,1274.0,1625.0
R27_N4P7_D5000_W10,recovered27_common.json,4.7,5000,10,2498,27,results/R27_N4P7_D5000_W10.txt,10,top,0.684,Min-Max,1536.0,226.8,8,165,1366.0,2007.0
R27_N4P7_D5000_W10,recovered27_common.json,4.7,5000,10,2498,27,results/R27_N4P7_D5000_W10.txt,10,bottom,0.088,WCL,598.0,0.9,8,167,597.0,599.0
R27_N4P7_D5000_W10,recovered27_common.json,4.7,5000,10,2498,27,results/R27_N4P7_D5000_W10.txt,10,bottom,0.088,ABS,646.0,0.9,8,167,642.0,651.0
R27_N4P7_D5000_W10,recovered27_common.json,4.7,5000,10,2498,27,results/R27_N4P7_D5000_W10.txt,10,bottom,0.088,DIFF,1008.0,1.9,8,167,989.0,1012.0
R27_N4P7_D5000_W10,recovered27_common.json,4.7,5000,10,2498,27,results/R27_N4P7_D5000_W10.txt,10,bottom,0.088,Min-Max,478.0,1.7,8,167,466.0,480.0
R27_N4P7_D5000_W10,recovered27_common.json,4.7,5000,10,2498,27,results/R27_N4P7_D5000_W10.txt,10,random,0.452,WCL,901.0,51.9,8,169,,
R27_N4P7_D5000_W10,recovered27_common.json,4.7,5000,10,2498,27,results/R27_N4P7_D5000_W10.txt,10,random,0.452,ABS,810.0,26.5,8,169,,
R27_N4P7_D5000_W10,recovered27_common.json,4.7,5000,10,2498,27,results/R27_N4P7_D5000_W10.txt,10,random,0.452,DIFF,1070.0,8.2,8,169,,
R27_N4P7_D5000_W10,recovered27_common.json,4.7,5000,10,2498,27,results/R27_N4P7_D5000_W10.txt,10,random,0.452,Min-Max,747.0,59.0,8,169,,
R27_N4P7_D5000_W10,recovered27_common.json,4.7,5000,10,2498,27,results/R27_N4P7_D5000_W10.txt,11,top,0.727,WCL,2229.0,275.8,8,170,1777.0,2875.0
R27_N4P7_D5000_W10,recovered27_common.json,4.7,5000,10,2498,27,results/R27_N4P7_D5000_W10.txt,11,top,0.727,ABS,1151.0,79.9,8,170,1134.0,1548.0
R27_N4P7_D5000_W10,recovered27_common.json,4.7,5000,10,2498,27,results/R27_N4P7_D5000_W10.txt,11,top,0.727,DIFF,1413.0,42.8,8,170,1375.0,1878.0
R27_N4P7_D5000_W10,recovered27_common.json,4.7,5000,10,2498,27,results/R27_N4P7_D5000_W10.txt,11,top,0.727,Min-Max,1500.0,219.2,8,170,1110.0,1725.0
R27_N4P7_D5000_W10,recovered27_common.json,4.7,5000,10,2498,27,results/R27_N4P7_D5000_W10.txt,11,bottom,0.109,WCL,610.0,2.8,8,172,608.0,610.0
R27_N4P7_D5000_W10,recovered27_common.json,4.7,5000,10,2498,27,results/R27_N4P7_D5000_W10.txt,11,bottom,0.109,ABS,647.0,1.0,8,172,642.0,649.0
R27_N4P7_D5000_W10,recovered27_common.json,4.7,5000,10,2498,27,results/R27_N4P7_D5000_W10.txt,11,bottom,0.109,DIFF,994.0,0.5,8,172,986.0,1002.0
R27_N4P7_D5000_W10,recovered27_common.json,4.7,5000,10,2498,27,results/R27_N4P7_D5000_W10.txt,11,bottom,0.109,Min-Max,481.0,2.4,8,172,478.0,483.0
R27_N4P7_D5000_W10,recovered27_common.json,4.7,5000,10,2498,27,results/R27_N4P7_D5000_W10.txt,11,random,0.405,WCL,873.0,47.1,8,174,,
R27_N4P7_D5000_W10,recovered27_common.json,4.7,5000,10,2498,27,results/R27_N4P7_D5000_W10.txt,11,random,0.405,ABS,814.0,27.1,8,174,,
R27_N4P7_D5000_W10,recovered27_common.json,4.7,5000,10,2498,27,results/R27_N4P7_D5000_W10.txt,11,random,0.405,DIFF,1042.0,5.3,8,174,,
R27_N4P7_D5000_W10,recovered27_common.json,4.7,5000,10,2498,27,results/R27_N4P7_D5000_W10.txt,11,random,0.405,Min-Max,798.0,69.9,8,174,,
R27_N4P7_D5000_W10,recovered27_common.json,4.7,5000,10,2498,27,results/R27_N4P7_D5000_W10.txt,12,top,0.77,WCL,2018.0,240.2,8,175,1756.0,2523.0
R27_N4P7_D5000_W10,recovered27_common.json,4.7,5000,10,2498,27,results/R27_N4P7_D5000_W10.txt,12,top,0.77,ABS,1175.0,83.5,8,175,1094.0,1336.0
R27_N4P7_D5000_W10,recovered27_common.json,4.7,5000,10,2498,27,results/R27_N4P7_D5000_W10.txt,12,top,0.77,DIFF,1502.0,51.7,8,175,1305.0,2026.0
R27_N4P7_D5000_W10,recovered27_common.json,4.7,5000,10,2498,27,results/R27_N4P7_D5000_W10.txt,12,top,0.77,Min-Max,1316.0,180.2,8,175,1119.0,2451.0
R27_N4P7_D5000_W10,recovered27_common.json,4.7,5000,10,2498,27,results/R27_N4P7_D5000_W10.txt,12,bottom,0.135,WCL,635.0,7.0,8,177,627.0,637.0
R27_N4P7_D5000_W10,recovered27_common.json,4.7,5000,10,2498,27,results/R27_N4P7_D5000_W10.txt,12,bottom,0.135,ABS,678.0,5.9,8,177,671.0,681.0
R27_N4P7_D5000_W10,recovered27_common.json,4.7,5000,10,2498,27,results/R27_N4P7_D5000_W10.txt,12,bottom,0.135,DIFF,1013.0,2.3,8,177,980.0,1030.0
R27_N4P7_D5000_W10,recovered27_common.json,4.7,5000,10,2498,27,results/R27_N4P7_D5000_W10.txt,12,bottom,0.135,Min-Max,504.0,7.4,8,177,496.0,512.0
R27_N4P7_D5000_W10,recovered27_common.json,4.7,5000,10,2498,27,results/R27_N4P7_D5000_W10.txt,12,random,0.461,WCL,980.0,65.1,8,179,,
R27_N4P7_D5000_W10,recovered27_common.json,4.7,5000,10,2498,27,results/R27_N4P7_D5000_W10.txt,12,random,0.461,ABS,838.0,31.0,8,179,,
R27_N4P7_D5000_W10,recovered27_common.json,4.7,5000,10,2498,27,results/R27_N4P7_D5000_W10.txt,12,random,0.461,DIFF,1135.0,14.7,8,179,,
R27_N4P7_D5000_W10,recovered27_common.json,4.7,5000,10,2498,27,results/R27_N4P7_D5000_W10.txt,12,random,0.461,Min-Max,839.0,78.5,8,179,,
R27_N4P7_D5000_W10,recovered27_common.json,4.7,5000,10,2498,27,results/R27_N4P7_D5000_W10.txt,13,top,0.812,WCL,2410.0,306.3,8,180,1793.0,3729.0
R27_N4P7_D5000_W10,recovered27_common.json,4.7,5000,10,2498,27,results/R27_N4P7_D5000_W10.txt,13,top,0.812,ABS,1281.0,100.2,8,180,1226.0,1478.0
R27_N4P7_D5000_W10,recovered27_common.json,4.7,5000,10,2498,27,results/R27_N4P7_D5000_W10.txt,13,top,0.812,DIFF,1671.0,68.8,8,180,1497.0,2008.0
R27_N4P7_D5000_W10,recovered27_common.json,4.7,5000,10,2498,27,results/R27_N4P7_D5000_W10.txt,13,top,0.812,Min-Max,1884.0,301.1,8,180,1200.0,2826.0
R27_N4P7_D5000_W10,recovered27_common.json,4.7,5000,10,2498,27,results/R27_N4P7_D5000_W10.txt,13,bottom,0.161,WCL,637.0,7.4,8,182,630.0,638.0
R27_N4P7_D5000_W10,recovered27_common.json,4.7,5000,10,2498,27,results/R27_N4P7_D5000_W10.txt,13,bottom,0.161,ABS,679.0,6.2,8,182,671.0,690.0
R27_N4P7_D5000_W10,recovered27_common.json,4.7,5000,10,2498,27,results/R27_N4P7_D5000_W10.txt,13,bottom,0.161,DIFF,1005.0,1.6,8,182,973.0,1023.0
R27_N4P7_D5000_W10,recovered27_common.json,4.7,5000,10,2498,27,results/R27_N4P7_D5000_W10.txt,13,bottom,0.161,Min-Max,505.0,7.5,8,182,495.0,519.0
R27_N4P7_D5000_W10,recovered27_common.json,4.7,5000,10,2498,27,results/R27_N4P7_D5000_W10.txt,13,random,0.431,WCL,769.0,29.6,8,184,,
R27_N4P7_D5000_W10,recovered27_common.json,4.7,5000,10,2498,27,results/R27_N4P7_D5000_W10.txt,13,random,0.431,ABS,788.0,23.1,8,184,,
R27_N4P7_D5000_W10,recovered27_common.json,4.7,5000,10,2498,27,results/R27_N4P7_D5000_W10.txt,13,random,0.431,DIFF,1044.0,5.5,8,184,,
R27_N4P7_D5000_W10,recovered27_common.json,4.7,5000,10,2498,27,results/R27_N4P7_D5000_W10.txt,13,random,0.431,Min-Max,670.0,42.5,8,184,,
R27_N4P7_D5000_W10,recovered27_common.json,4.7,5000,10,2498,27,results/R27_N4P7_D5000_W10.txt,14,top,0.839,WCL,2660.0,348.4,8,185,2162.0,3519.0
R27_N4P7_D5000_W10,recovered27_common.json,4.7,5000,10,2498,27,results/R27_N4P7_D5000_W10.txt,14,top,0.839,ABS,1393.0,117.6,8,185,1276.0,1505.0
R27_N4P7_D5000_W10,recovered27_common.json,4.7,5000,10,2498,27,results/R27_N4P7_D5000_W10.txt,14,top,0.839,DIFF,1697.0,71.5,8,185,1450.0,1917.0
R27_N4P7_D5000_W10,recovered27_common.json,4.7,5000,10,2498,27,results/R27_N4P7_D5000_W10.txt,14,top,0.839,Min-Max,1766.0,275.9,8,185,1132.0,2196.0
R27_N4P7_D5000_W10,recovered27_common.json,4.7,5000,10,2498,27,results/R27_N4P7_D5000_W10.txt,14,bottom,0.188,WCL,640.0,7.8,8,187,636.0,641.0
R27_N4P7_D5000_W10,recovered27_common.json,4.7,5000,10,2498,27,results/R27_N4P7_D5000_W10.txt,14,bottom,0.188,ABS,684.0,6.8,8,187,678.0,688.0
R27_N4P7_D5000_W10,recovered27_common.json,4.7,5000,10,2498,27,results/R27_N4P7_D5000_W10.txt,14,bottom,0.188,DIFF,984.0,-0.6,8,187,953.0,1012.0
R27_N4P7_D5000_W10,recovered27_common.json,4.7,5000,10,2498,27,results/R27_N4P7_D5000_W10.txt,14,bottom,0.188,Min-Max,506.0,7.7,8,187,496.0,515.0
R27_N4P7_D5000_W10,recovered27_common.json,4.7,5000,10,2498,27,results/R27_N4P7_D5000_W10.txt,14,random,0.51,WCL,1032.0,74.0,8,189,,
R27_N4P7_D5000_W10,recovered27_common.json,4.7,5000,10,2498,27,results/R27_N4P7_D5000_W10.txt,14,random,0.51,ABS,832.0,30.0,8,189,,
R27_N4P7_D5000_W10,recovered27_common.json,4.7,5000,10,2498,27,results/R27_N4P7_D5000_W10.txt,14,random,0.51,DIFF,1110.0,12.2,8,189,,
R27_N4P7_D5000_W10,recovered27_common.json,4.7,5000,10,2498,27,results/R27_N4P7_D5000_W10.txt,14,random,0.51,Min-Max,802.0,70.6,8,189,,
