stage,case_id,substrate,exponent,method,N,median_error_m,spec_json,archive,member,raw_sha256
exact7,exact7__recovered29__reference,recovered29,4.7,WCL,2498,597.6726773737064,"{""kind"": ""reference""}",results/archives/PAPERB_B9C_REMAINING_AUTHOR_RUN_050926.zip,PAPERB_B9C_REMAINING_AUTHOR_RUN_050926/raw/exact7/exact7__recovered29__reference.npz,fd12679583d197d82ae9194f4b5a8f85cad6c49082ca8d313db7d7d0ab8bbdec
exact7,exact7__recovered29__reference,recovered29,4.7,ABS,2498,641.0128583786435,"{""kind"": ""reference""}",results/archives/PAPERB_B9C_REMAINING_AUTHOR_RUN_050926.zip,PAPERB_B9C_REMAINING_AUTHOR_RUN_050926/raw/exact7/exact7__recovered29__reference.npz,fd12679583d197d82ae9194f4b5a8f85cad6c49082ca8d313db7d7d0ab8bbdec
exact7,exact7__recovered29__reference,recovered29,4.7,DIFF,2498,963.9527294587203,"{""kind"": ""reference""}",results/archives/PAPERB_B9C_REMAINING_AUTHOR_RUN_050926.zip,PAPERB_B9C_REMAINING_AUTHOR_RUN_050926/raw/exact7/exact7__recovered29__reference.npz,fd12679583d197d82ae9194f4b5a8f85cad6c49082ca8d313db7d7d0ab8bbdec
exact7,exact7__recovered29__reference,recovered29,4.7,Min-Max,2498,466.00552668865595,"{""kind"": ""reference""}",results/archives/PAPERB_B9C_REMAINING_AUTHOR_RUN_050926.zip,PAPERB_B9C_REMAINING_AUTHOR_RUN_050926/raw/exact7/exact7__recovered29__reference.npz,fd12679583d197d82ae9194f4b5a8f85cad6c49082ca8d313db7d7d0ab8bbdec
exact7,exact7__recovered29__D1000__f7__d0,recovered29,4.7,WCL,2498,796.2526444171036,"{""D"": 1000, ""draw"": 0, ""f"": 7, ""kind"": ""fraction""}",results/archives/PAPERB_B9C_REMAINING_AUTHOR_RUN_050926.zip,PAPERB_B9C_REMAINING_AUTHOR_RUN_050926/raw/exact7/exact7__recovered29__D1000__f7__d0.npz,64b847b8ca2c541e396cdadd0f8194bd50be9af9b29a68a14f3a580a449099dc
exact7,exact7__recovered29__D1000__f7__d0,recovered29,4.7,ABS,2498,705.7334033344639,"{""D"": 1000, ""draw"": 0, ""f"": 7, ""kind"": ""fraction""}",results/archives/PAPERB_B9C_REMAINING_AUTHOR_RUN_050926.zip,PAPERB_B9C_REMAINING_AUTHOR_RUN_050926/raw/exact7/exact7__recovered29__D1000__f7__d0.npz,64b847b8ca2c541e396cdadd0f8194bd50be9af9b29a68a14f3a580a449099dc
exact7,exact7__recovered29__D1000__f7__d0,recovered29,4.7,DIFF,2498,1531.4932782555557,"{""D"": 1000, ""draw"": 0, ""f"": 7, ""kind"": ""fraction""}",results/archives/PAPERB_B9C_REMAINING_AUTHOR_RUN_050926.zip,PAPERB_B9C_REMAINING_AUTHOR_RUN_050926/raw/exact7/exact7__recovered29__D1000__f7__d0.npz,64b847b8ca2c541e396cdadd0f8194bd50be9af9b29a68a14f3a580a449099dc
exact7,exact7__recovered29__D1000__f7__d0,recovered29,4.7,Min-Max,2498,592.6814074642573,"{""D"": 1000, ""draw"": 0, ""f"": 7, ""kind"": ""fraction""}",results/archives/PAPERB_B9C_REMAINING_AUTHOR_RUN_050926.zip,PAPERB_B9C_REMAINING_AUTHOR_RUN_050926/raw/exact7/exact7__recovered29__D1000__f7__d0.npz,64b847b8ca2c541e396cdadd0f8194bd50be9af9b29a68a14f3a580a449099dc
exact7,exact7__recovered29__D1000__f7__d1,recovered29,4.7,WCL,2498,657.8589130933441,"{""D"": 1000, ""draw"": 1, ""f"": 7, ""kind"": ""fraction""}",results/archives/PAPERB_B9C_REMAINING_AUTHOR_RUN_050926.zip,PAPERB_B9C_REMAINING_AUTHOR_RUN_050926/raw/exact7/exact7__recovered29__D1000__f7__d1.npz,89931c8556c5172d81a1db0c68d36be61333870fe46a8f911beed3d5116e3aae
exact7,exact7__recovered29__D1000__f7__d1,recovered29,4.7,ABS,2498,717.066029344613,"{""D"": 1000, ""draw"": 1, ""f"": 7, ""kind"": ""fraction""}",results/archives/PAPERB_B9C_REMAINING_AUTHOR_RUN_050926.zip,PAPERB_B9C_REMAINING_AUTHOR_RUN_050926/raw/exact7/exact7__recovered29__D1000__f7__d1.npz,89931c8556c5172d81a1db0c68d36be61333870fe46a8f911beed3d5116e3aae
exact7,exact7__recovered29__D1000__f7__d1,recovered29,4.7,DIFF,2498,1071.0018323326672,"{""D"": 1000, ""draw"": 1, ""f"": 7, ""kind"": ""fraction""}",results/archives/PAPERB_B9C_REMAINING_AUTHOR_RUN_050926.zip,PAPERB_B9C_REMAINING_AUTHOR_RUN_050926/raw/exact7/exact7__recovered29__D1000__f7__d1.npz,89931c8556c5172d81a1db0c68d36be61333870fe46a8f911beed3d5116e3aae
exact7,exact7__recovered29__D1000__f7__d1,recovered29,4.7,Min-Max,2498,491.36199035611804,"{""D"": 1000, ""draw"": 1, ""f"": 7, ""kind"": ""fraction""}",results/archives/PAPERB_B9C_REMAINING_AUTHOR_RUN_050926.zip,PAPERB_B9C_REMAINING_AUTHOR_RUN_050926/raw/exact7/exact7__recovered29__D1000__f7__d1.npz,89931c8556c5172d81a1db0c68d36be61333870fe46a8f911beed3d5116e3aae
exact7,exact7__recovered29__D1000__f7__d2,recovered29,4.7,WCL,2498,635.8842981103539,"{""D"": 1000, ""draw"": 2, ""f"": 7, ""kind"": ""fraction""}",results/archives/PAPERB_B9C_REMAINING_AUTHOR_RUN_050926.zip,PAPERB_B9C_REMAINING_AUTHOR_RUN_050926/raw/exact7/exact7__recovered29__D1000__f7__d2.npz,653ab4247c8cbacda404419ebf7ce54bdac8fed8d9425cc3b5524a2380672869
exact7,exact7__recovered29__D1000__f7__d2,recovered29,4.7,ABS,2498,671.4616895645496,"{""D"": 1000, ""draw"": 2, ""f"": 7, ""kind"": ""fraction""}",results/archives/PAPERB_B9C_REMAINING_AUTHOR_RUN_050926.zip,PAPERB_B9C_REMAINING_AUTHOR_RUN_050926/raw/exact7/exact7__recovered29__D1000__f7__d2.npz,653ab4247c8cbacda404419ebf7ce54bdac8fed8d9425cc3b5524a2380672869
exact7,exact7__recovered29__D1000__f7__d2,recovered29,4.7,DIFF,2498,1059.8316071816673,"{""D"": 1000, ""draw"": 2, ""f"": 7, ""kind"": ""fraction""}",results/archives/PAPERB_B9C_REMAINING_AUTHOR_RUN_050926.zip,PAPERB_B9C_REMAINING_AUTHOR_RUN_050926/raw/exact7/exact7__recovered29__D1000__f7__d2.npz,653ab4247c8cbacda404419ebf7ce54bdac8fed8d9425cc3b5524a2380672869
exact7,exact7__recovered29__D1000__f7__d2,recovered29,4.7,Min-Max,2498,504.71627349419475,"{""D"": 1000, ""draw"": 2, ""f"": 7, ""kind"": ""fraction""}",results/archives/PAPERB_B9C_REMAINING_AUTHOR_RUN_050926.zip,PAPERB_B9C_REMAINING_AUTHOR_RUN_050926/raw/exact7/exact7__recovered29__D1000__f7__d2.npz,653ab4247c8cbacda404419ebf7ce54bdac8fed8d9425cc3b5524a2380672869
exact7,exact7__recovered29__D1000__f7__d3,recovered29,4.7,WCL,2498,614.1225346859156,"{""D"": 1000, ""draw"": 3, ""f"": 7, ""kind"": ""fraction""}",results/archives/PAPERB_B9C_REMAINING_AUTHOR_RUN_050926.zip,PAPERB_B9C_REMAINING_AUTHOR_RUN_050926/raw/exact7/exact7__recovered29__D1000__f7__d3.npz,ee7d270e9290f407d7f26cb8ce36d01bf201d3eaef79031147200cace8c97db7
exact7,exact7__recovered29__D1000__f7__d3,recovered29,4.7,ABS,2498,668.6002443862328,"{""D"": 1000, ""draw"": 3, ""f"": 7, ""kind"": ""fraction""}",results/archives/PAPERB_B9C_REMAINING_AUTHOR_RUN_050926.zip,PAPERB_B9C_REMAINING_AUTHOR_RUN_050926/raw/exact7/exact7__recovered29__D1000__f7__d3.npz,ee7d270e9290f407d7f26cb8ce36d01bf201d3eaef79031147200cace8c97db7
exact7,exact7__recovered29__D1000__f7__d3,recovered29,4.7,DIFF,2498,976.3649468417703,"{""D"": 1000, ""draw"": 3, ""f"": 7, ""kind"": ""fraction""}",results/archives/PAPERB_B9C_REMAINING_AUTHOR_RUN_050926.zip,PAPERB_B9C_REMAINING_AUTHOR_RUN_050926/raw/exact7/exact7__recovered29__D1000__f7__d3.npz,ee7d270e9290f407d7f26cb8ce36d01bf201d3eaef79031147200cace8c97db7
exact7,exact7__recovered29__D1000__f7__d3,recovered29,4.7,Min-Max,2498,472.43852683569435,"{""D"": 1000, ""draw"": 3, ""f"": 7, ""kind"": ""fraction""}",results/archives/PAPERB_B9C_REMAINING_AUTHOR_RUN_050926.zip,PAPERB_B9C_REMAINING_AUTHOR_RUN_050926/raw/exact7/exact7__recovered29__D1000__f7__d3.npz,ee7d270e9290f407d7f26cb8ce36d01bf201d3eaef79031147200cace8c97db7
exact7,exact7__recovered29__D1000__f7__d4,recovered29,4.7,WCL,2498,809.5365938722035,"{""D"": 1000, ""draw"": 4, ""f"": 7, ""kind"": ""fraction""}",results/archives/PAPERB_B9C_REMAINING_AUTHOR_RUN_050926.zip,PAPERB_B9C_REMAINING_AUTHOR_RUN_050926/raw/exact7/exact7__recovered29__D1000__f7__d4.npz,a954a0832a7ed8813ab6d55588fb603b52ee1c81ce30b7080d4d84849819c2b8
exact7,exact7__recovered29__D1000__f7__d4,recovered29,4.7,ABS,2498,753.2566348486259,"{""D"": 1000, ""draw"": 4, ""f"": 7, ""kind"": ""fraction""}",results/archives/PAPERB_B9C_REMAINING_AUTHOR_RUN_050926.zip,PAPERB_B9C_REMAINING_AUTHOR_RUN_050926/raw/exact7/exact7__recovered29__D1000__f7__d4.npz,a954a0832a7ed8813ab6d55588fb603b52ee1c81ce30b7080d4d84849819c2b8
exact7,exact7__recovered29__D1000__f7__d4,recovered29,4.7,DIFF,2498,1166.4141366542217,"{""D"": 1000, ""draw"": 4, ""f"": 7, ""kind"": ""fraction""}",results/archives/PAPERB_B9C_REMAINING_AUTHOR_RUN_050926.zip,PAPERB_B9C_REMAINING_AUTHOR_RUN_050926/raw/exact7/exact7__recovered29__D1000__f7__d4.npz,a954a0832a7ed8813ab6d55588fb603b52ee1c81ce30b7080d4d84849819c2b8
exact7,exact7__recovered29__D1000__f7__d4,recovered29,4.7,Min-Max,2498,682.8762502534686,"{""D"": 1000, ""draw"": 4, ""f"": 7, ""kind"": ""fraction""}",results/archives/PAPERB_B9C_REMAINING_AUTHOR_RUN_050926.zip,PAPERB_B9C_REMAINING_AUTHOR_RUN_050926/raw/exact7/exact7__recovered29__D1000__f7__d4.npz,a954a0832a7ed8813ab6d55588fb603b52ee1c81ce30b7080d4d84849819c2b8
exact7,exact7__recovered29__D1000__f7__d5,recovered29,4.7,WCL,2498,634.8131955317783,"{""D"": 1000, ""draw"": 5, ""f"": 7, ""kind"": ""fraction""}",results/archives/PAPERB_B9C_REMAINING_AUTHOR_RUN_050926.zip,PAPERB_B9C_REMAINING_AUTHOR_RUN_050926/raw/exact7/exact7__recovered29__D1000__f7__d5.npz,b8c915d0974db0f43f20b761a6af78eb523ca1ef39ea2c8fe1f29efbb5ede71d
exact7,exact7__recovered29__D1000__f7__d5,recovered29,4.7,ABS,2498,623.6323462751891,"{""D"": 1000, ""draw"": 5, ""f"": 7, ""kind"": ""fraction""}",results/archives/PAPERB_B9C_REMAINING_AUTHOR_RUN_050926.zip,PAPERB_B9C_REMAINING_AUTHOR_RUN_050926/raw/exact7/exact7__recovered29__D1000__f7__d5.npz,b8c915d0974db0f43f20b761a6af78eb523ca1ef39ea2c8fe1f29efbb5ede71d
exact7,exact7__recovered29__D1000__f7__d5,recovered29,4.7,DIFF,2498,953.1631447672901,"{""D"": 1000, ""draw"": 5, ""f"": 7, ""kind"": ""fraction""}",results/archives/PAPERB_B9C_REMAINING_AUTHOR_RUN_050926.zip,PAPERB_B9C_REMAINING_AUTHOR_RUN_050926/raw/exact7/exact7__recovered29__D1000__f7__d5.npz,b8c915d0974db0f43f20b761a6af78eb523ca1ef39ea2c8fe1f29efbb5ede71d
exact7,exact7__recovered29__D1000__f7__d5,recovered29,4.7,Min-Max,2498,494.83485781694293,"{""D"": 1000, ""draw"": 5, ""f"": 7, ""kind"": ""fraction""}",results/archives/PAPERB_B9C_REMAINING_AUTHOR_RUN_050926.zip,PAPERB_B9C_REMAINING_AUTHOR_RUN_050926/raw/exact7/exact7__recovered29__D1000__f7__d5.npz,b8c915d0974db0f43f20b761a6af78eb523ca1ef39ea2c8fe1f29efbb5ede71d
exact7,exact7__recovered29__D1000__f7__d6,recovered29,4.7,WCL,2498,601.7177587195731,"{""D"": 1000, ""draw"": 6, ""f"": 7, ""kind"": ""fraction""}",results/archives/PAPERB_B9C_REMAINING_AUTHOR_RUN_050926.zip,PAPERB_B9C_REMAINING_AUTHOR_RUN_050926/raw/exact7/exact7__recovered29__D1000__f7__d6.npz,30209e1269569d4ce5f7976637699bfec6e61ca9f73e5e051a700a994ea661ed
exact7,exact7__recovered29__D1000__f7__d6,recovered29,4.7,ABS,2498,801.6052175748482,"{""D"": 1000, ""draw"": 6, ""f"": 7, ""kind"": ""fraction""}",results/archives/PAPERB_B9C_REMAINING_AUTHOR_RUN_050926.zip,PAPERB_B9C_REMAINING_AUTHOR_RUN_050926/raw/exact7/exact7__recovered29__D1000__f7__d6.npz,30209e1269569d4ce5f7976637699bfec6e61ca9f73e5e051a700a994ea661ed
exact7,exact7__recovered29__D1000__f7__d6,recovered29,4.7,DIFF,2498,1050.3733400589995,"{""D"": 1000, ""draw"": 6, ""f"": 7, ""kind"": ""fraction""}",results/archives/PAPERB_B9C_REMAINING_AUTHOR_RUN_050926.zip,PAPERB_B9C_REMAINING_AUTHOR_RUN_050926/raw/exact7/exact7__recovered29__D1000__f7__d6.npz,30209e1269569d4ce5f7976637699bfec6e61ca9f73e5e051a700a994ea661ed
exact7,exact7__recovered29__D1000__f7__d6,recovered29,4.7,Min-Max,2498,623.0836006945981,"{""D"": 1000, ""draw"": 6, ""f"": 7, ""kind"": ""fraction""}",results/archives/PAPERB_B9C_REMAINING_AUTHOR_RUN_050926.zip,PAPERB_B9C_REMAINING_AUTHOR_RUN_050926/raw/exact7/exact7__recovered29__D1000__f7__d6.npz,30209e1269569d4ce5f7976637699bfec6e61ca9f73e5e051a700a994ea661ed
exact7,exact7__recovered29__D1000__f7__d7,recovered29,4.7,WCL,2498,595.3727713831604,"{""D"": 1000, ""draw"": 7, ""f"": 7, ""kind"": ""fraction""}",results/archives/PAPERB_B9C_REMAINING_AUTHOR_RUN_050926.zip,PAPERB_B9C_REMAINING_AUTHOR_RUN_050926/raw/exact7/exact7__recovered29__D1000__f7__d7.npz,c087b71b7819a3346910e26af653182e94752cba8af3ae03f6d02f081da47ed4
exact7,exact7__recovered29__D1000__f7__d7,recovered29,4.7,ABS,2498,646.3027964086136,"{""D"": 1000, ""draw"": 7, ""f"": 7, ""kind"": ""fraction""}",results/archives/PAPERB_B9C_REMAINING_AUTHOR_RUN_050926.zip,PAPERB_B9C_REMAINING_AUTHOR_RUN_050926/raw/exact7/exact7__recovered29__D1000__f7__d7.npz,c087b71b7819a3346910e26af653182e94752cba8af3ae03f6d02f081da47ed4
exact7,exact7__recovered29__D1000__f7__d7,recovered29,4.7,DIFF,2498,972.4816255434331,"{""D"": 1000, ""draw"": 7, ""f"": 7, ""kind"": ""fraction""}",results/archives/PAPERB_B9C_REMAINING_AUTHOR_RUN_050926.zip,PAPERB_B9C_REMAINING_AUTHOR_RUN_050926/raw/exact7/exact7__recovered29__D1000__f7__d7.npz,c087b71b7819a3346910e26af653182e94752cba8af3ae03f6d02f081da47ed4
exact7,exact7__recovered29__D1000__f7__d7,recovered29,4.7,Min-Max,2498,475.67598601598013,"{""D"": 1000, ""draw"": 7, ""f"": 7, ""kind"": ""fraction""}",results/archives/PAPERB_B9C_REMAINING_AUTHOR_RUN_050926.zip,PAPERB_B9C_REMAINING_AUTHOR_RUN_050926/raw/exact7/exact7__recovered29__D1000__f7__d7.npz,c087b71b7819a3346910e26af653182e94752cba8af3ae03f6d02f081da47ed4
exact7,exact7__recovered29__D10000__f7__d0,recovered29,4.7,WCL,2498,896.207596410683,"{""D"": 10000, ""draw"": 0, ""f"": 7, ""kind"": ""fraction""}",results/archives/PAPERB_B9C_REMAINING_AUTHOR_RUN_050926.zip,PAPERB_B9C_REMAINING_AUTHOR_RUN_050926/raw/exact7/exact7__recovered29__D10000__f7__d0.npz,a0a9d1f35597bf041061ace3026cfbb056db8a2258dd11ecef19aa54fe04d88b
exact7,exact7__recovered29__D10000__f7__d0,recovered29,4.7,ABS,2498,765.1357049386231,"{""D"": 10000, ""draw"": 0, ""f"": 7, ""kind"": ""fraction""}",results/archives/PAPERB_B9C_REMAINING_AUTHOR_RUN_050926.zip,PAPERB_B9C_REMAINING_AUTHOR_RUN_050926/raw/exact7/exact7__recovered29__D10000__f7__d0.npz,a0a9d1f35597bf041061ace3026cfbb056db8a2258dd11ecef19aa54fe04d88b
exact7,exact7__recovered29__D10000__f7__d0,recovered29,4.7,DIFF,2498,1045.2764818151404,"{""D"": 10000, ""draw"": 0, ""f"": 7, ""kind"": ""fraction""}",results/archives/PAPERB_B9C_REMAINING_AUTHOR_RUN_050926.zip,PAPERB_B9C_REMAINING_AUTHOR_RUN_050926/raw/exact7/exact7__recovered29__D10000__f7__d0.npz,a0a9d1f35597bf041061ace3026cfbb056db8a2258dd11ecef19aa54fe04d88b
exact7,exact7__recovered29__D10000__f7__d0,recovered29,4.7,Min-Max,2498,761.0349398210515,"{""D"": 10000, ""draw"": 0, ""f"": 7, ""kind"": ""fraction""}",results/archives/PAPERB_B9C_REMAINING_AUTHOR_RUN_050926.zip,PAPERB_B9C_REMAINING_AUTHOR_RUN_050926/raw/exact7/exact7__recovered29__D10000__f7__d0.npz,a0a9d1f35597bf041061ace3026cfbb056db8a2258dd11ecef19aa54fe04d88b
exact7,exact7__recovered29__D10000__f7__d1,recovered29,4.7,WCL,2498,714.6640827672536,"{""D"": 10000, ""draw"": 1, ""f"": 7, ""kind"": ""fraction""}",results/archives/PAPERB_B9C_REMAINING_AUTHOR_RUN_050926.zip,PAPERB_B9C_REMAINING_AUTHOR_RUN_050926/raw/exact7/exact7__recovered29__D10000__f7__d1.npz,472842043a023645af1bee4f04c2ccd14d911ce4f5c7d7761d68dfa3236bb908
exact7,exact7__recovered29__D10000__f7__d1,recovered29,4.7,ABS,2498,659.6862981113939,"{""D"": 10000, ""draw"": 1, ""f"": 7, ""kind"": ""fraction""}",results/archives/PAPERB_B9C_REMAINING_AUTHOR_RUN_050926.zip,PAPERB_B9C_REMAINING_AUTHOR_RUN_050926/raw/exact7/exact7__recovered29__D10000__f7__d1.npz,472842043a023645af1bee4f04c2ccd14d911ce4f5c7d7761d68dfa3236bb908
exact7,exact7__recovered29__D10000__f7__d1,recovered29,4.7,DIFF,2498,943.2940608181347,"{""D"": 10000, ""draw"": 1, ""f"": 7, ""kind"": ""fraction""}",results/archives/PAPERB_B9C_REMAINING_AUTHOR_RUN_050926.zip,PAPERB_B9C_REMAINING_AUTHOR_RUN_050926/raw/exact7/exact7__recovered29__D10000__f7__d1.npz,472842043a023645af1bee4f04c2ccd14d911ce4f5c7d7761d68dfa3236bb908
exact7,exact7__recovered29__D10000__f7__d1,recovered29,4.7,Min-Max,2498,603.6044052541035,"{""D"": 10000, ""draw"": 1, ""f"": 7, ""kind"": ""fraction""}",results/archives/PAPERB_B9C_REMAINING_AUTHOR_RUN_050926.zip,PAPERB_B9C_REMAINING_AUTHOR_RUN_050926/raw/exact7/exact7__recovered29__D10000__f7__d1.npz,472842043a023645af1bee4f04c2ccd14d911ce4f5c7d7761d68dfa3236bb908
exact7,exact7__recovered29__D10000__f7__d2,recovered29,4.7,WCL,2498,648.9759512290271,"{""D"": 10000, ""draw"": 2, ""f"": 7, ""kind"": ""fraction""}",results/archives/PAPERB_B9C_REMAINING_AUTHOR_RUN_050926.zip,PAPERB_B9C_REMAINING_AUTHOR_RUN_050926/raw/exact7/exact7__recovered29__D10000__f7__d2.npz,937287e5b0d52f4278e04b31427d53b86e57e31319cb29560dfa8b60f57ff3c1
exact7,exact7__recovered29__D10000__f7__d2,recovered29,4.7,ABS,2498,729.937664859614,"{""D"": 10000, ""draw"": 2, ""f"": 7, ""kind"": ""fraction""}",results/archives/PAPERB_B9C_REMAINING_AUTHOR_RUN_050926.zip,PAPERB_B9C_REMAINING_AUTHOR_RUN_050926/raw/exact7/exact7__recovered29__D10000__f7__d2.npz,937287e5b0d52f4278e04b31427d53b86e57e31319cb29560dfa8b60f57ff3c1
exact7,exact7__recovered29__D10000__f7__d2,recovered29,4.7,DIFF,2498,952.2894239376445,"{""D"": 10000, ""draw"": 2, ""f"": 7, ""kind"": ""fraction""}",results/archives/PAPERB_B9C_REMAINING_AUTHOR_RUN_050926.zip,PAPERB_B9C_REMAINING_AUTHOR_RUN_050926/raw/exact7/exact7__recovered29__D10000__f7__d2.npz,937287e5b0d52f4278e04b31427d53b86e57e31319cb29560dfa8b60f57ff3c1
exact7,exact7__recovered29__D10000__f7__d2,recovered29,4.7,Min-Max,2498,644.2980404094695,"{""D"": 10000, ""draw"": 2, ""f"": 7, ""kind"": ""fraction""}",results/archives/PAPERB_B9C_REMAINING_AUTHOR_RUN_050926.zip,PAPERB_B9C_REMAINING_AUTHOR_RUN_050926/raw/exact7/exact7__recovered29__D10000__f7__d2.npz,937287e5b0d52f4278e04b31427d53b86e57e31319cb29560dfa8b60f57ff3c1
exact7,exact7__recovered29__D10000__f7__d3,recovered29,4.7,WCL,2498,611.2313594808095,"{""D"": 10000, ""draw"": 3, ""f"": 7, ""kind"": ""fraction""}",results/archives/PAPERB_B9C_REMAINING_AUTHOR_RUN_050926.zip,PAPERB_B9C_REMAINING_AUTHOR_RUN_050926/raw/exact7/exact7__recovered29__D10000__f7__d3.npz,747f552e7b0a63c8d68714c9b408a50679f946c4e3282063b420bfca221ffecb
exact7,exact7__recovered29__D10000__f7__d3,recovered29,4.7,ABS,2498,680.1988522533311,"{""D"": 10000, ""draw"": 3, ""f"": 7, ""kind"": ""fraction""}",results/archives/PAPERB_B9C_REMAINING_AUTHOR_RUN_050926.zip,PAPERB_B9C_REMAINING_AUTHOR_RUN_050926/raw/exact7/exact7__recovered29__D10000__f7__d3.npz,747f552e7b0a63c8d68714c9b408a50679f946c4e3282063b420bfca221ffecb
exact7,exact7__recovered29__D10000__f7__d3,recovered29,4.7,DIFF,2498,889.4065306611753,"{""D"": 10000, ""draw"": 3, ""f"": 7, ""kind"": ""fraction""}",results/archives/PAPERB_B9C_REMAINING_AUTHOR_RUN_050926.zip,PAPERB_B9C_REMAINING_AUTHOR_RUN_050926/raw/exact7/exact7__recovered29__D10000__f7__d3.npz,747f552e7b0a63c8d68714c9b408a50679f946c4e3282063b420bfca221ffecb
exact7,exact7__recovered29__D10000__f7__d3,recovered29,4.7,Min-Max,2498,561.2632832599472,"{""D"": 10000, ""draw"": 3, ""f"": 7, ""kind"": ""fraction""}",results/archives/PAPERB_B9C_REMAINING_AUTHOR_RUN_050926.zip,PAPERB_B9C_REMAINING_AUTHOR_RUN_050926/raw/exact7/exact7__recovered29__D10000__f7__d3.npz,747f552e7b0a63c8d68714c9b408a50679f946c4e3282063b420bfca221ffecb
exact7,exact7__recovered29__D10000__f7__d4,recovered29,4.7,WCL,2498,1474.8230286146786,"{""D"": 10000, ""draw"": 4, ""f"": 7, ""kind"": ""fraction""}",results/archives/PAPERB_B9C_REMAINING_AUTHOR_RUN_050926.zip,PAPERB_B9C_REMAINING_AUTHOR_RUN_050926/raw/exact7/exact7__recovered29__D10000__f7__d4.npz,ca3e91c93372c53600c911a5b410240d5d3846821a75bf35acf691ecbec83479
exact7,exact7__recovered29__D10000__f7__d4,recovered29,4.7,ABS,2498,923.5475464807474,"{""D"": 10000, ""draw"": 4, ""f"": 7, ""kind"": ""fraction""}",results/archives/PAPERB_B9C_REMAINING_AUTHOR_RUN_050926.zip,PAPERB_B9C_REMAINING_AUTHOR_RUN_050926/raw/exact7/exact7__recovered29__D10000__f7__d4.npz,ca3e91c93372c53600c911a5b410240d5d3846821a75bf35acf691ecbec83479
exact7,exact7__recovered29__D10000__f7__d4,recovered29,4.7,DIFF,2498,1299.7969946022456,"{""D"": 10000, ""draw"": 4, ""f"": 7, ""kind"": ""fraction""}",results/archives/PAPERB_B9C_REMAINING_AUTHOR_RUN_050926.zip,PAPERB_B9C_REMAINING_AUTHOR_RUN_050926/raw/exact7/exact7__recovered29__D10000__f7__d4.npz,ca3e91c93372c53600c911a5b410240d5d3846821a75bf35acf691ecbec83479
exact7,exact7__recovered29__D10000__f7__d4,recovered29,4.7,Min-Max,2498,1120.647804457496,"{""D"": 10000, ""draw"": 4, ""f"": 7, ""kind"": ""fraction""}",results/archives/PAPERB_B9C_REMAINING_AUTHOR_RUN_050926.zip,PAPERB_B9C_REMAINING_AUTHOR_RUN_050926/raw/exact7/exact7__recovered29__D10000__f7__d4.npz,ca3e91c93372c53600c911a5b410240d5d3846821a75bf35acf691ecbec83479
exact7,exact7__recovered29__D10000__f7__d5,recovered29,4.7,WCL,2498,696.9591700042865,"{""D"": 10000, ""draw"": 5, ""f"": 7, ""kind"": ""fraction""}",results/archives/PAPERB_B9C_REMAINING_AUTHOR_RUN_050926.zip,PAPERB_B9C_REMAINING_AUTHOR_RUN_050926/raw/exact7/exact7__recovered29__D10000__f7__d5.npz,d47a23d01a1b47078334b7dcde4f752b20a340f6e2388b0a38961d9c20f3b391
exact7,exact7__recovered29__D10000__f7__d5,recovered29,4.7,ABS,2498,660.6720175601147,"{""D"": 10000, ""draw"": 5, ""f"": 7, ""kind"": ""fraction""}",results/archives/PAPERB_B9C_REMAINING_AUTHOR_RUN_050926.zip,PAPERB_B9C_REMAINING_AUTHOR_RUN_050926/raw/exact7/exact7__recovered29__D10000__f7__d5.npz,d47a23d01a1b47078334b7dcde4f752b20a340f6e2388b0a38961d9c20f3b391
exact7,exact7__recovered29__D10000__f7__d5,recovered29,4.7,DIFF,2498,840.6107882661281,"{""D"": 10000, ""draw"": 5, ""f"": 7, ""kind"": ""fraction""}",results/archives/PAPERB_B9C_REMAINING_AUTHOR_RUN_050926.zip,PAPERB_B9C_REMAINING_AUTHOR_RUN_050926/raw/exact7/exact7__recovered29__D10000__f7__d5.npz,d47a23d01a1b47078334b7dcde4f752b20a340f6e2388b0a38961d9c20f3b391
exact7,exact7__recovered29__D10000__f7__d5,recovered29,4.7,Min-Max,2498,791.7627372386391,"{""D"": 10000, ""draw"": 5, ""f"": 7, ""kind"": ""fraction""}",results/archives/PAPERB_B9C_REMAINING_AUTHOR_RUN_050926.zip,PAPERB_B9C_REMAINING_AUTHOR_RUN_050926/raw/exact7/exact7__recovered29__D10000__f7__d5.npz,d47a23d01a1b47078334b7dcde4f752b20a340f6e2388b0a38961d9c20f3b391
exact7,exact7__recovered29__D10000__f7__d6,recovered29,4.7,WCL,2498,1078.1197050212213,"{""D"": 10000, ""draw"": 6, ""f"": 7, ""kind"": ""fraction""}",results/archives/PAPERB_B9C_REMAINING_AUTHOR_RUN_050926.zip,PAPERB_B9C_REMAINING_AUTHOR_RUN_050926/raw/exact7/exact7__recovered29__D10000__f7__d6.npz,1ac3c300183cdd7d04cf89d0536fd888d76e8cf8070f73698666e16444bf734b
exact7,exact7__recovered29__D10000__f7__d6,recovered29,4.7,ABS,2498,861.4931935247661,"{""D"": 10000, ""draw"": 6, ""f"": 7, ""kind"": ""fraction""}",results/archives/PAPERB_B9C_REMAINING_AUTHOR_RUN_050926.zip,PAPERB_B9C_REMAINING_AUTHOR_RUN_050926/raw/exact7/exact7__recovered29__D10000__f7__d6.npz,1ac3c300183cdd7d04cf89d0536fd888d76e8cf8070f73698666e16444bf734b
exact7,exact7__recovered29__D10000__f7__d6,recovered29,4.7,DIFF,2498,1254.717515010736,"{""D"": 10000, ""draw"": 6, ""f"": 7, ""kind"": ""fraction""}",results/archives/PAPERB_B9C_REMAINING_AUTHOR_RUN_050926.zip,PAPERB_B9C_REMAINING_AUTHOR_RUN_050926/raw/exact7/exact7__recovered29__D10000__f7__d6.npz,1ac3c300183cdd7d04cf89d0536fd888d76e8cf8070f73698666e16444bf734b
exact7,exact7__recovered29__D10000__f7__d6,recovered29,4.7,Min-Max,2498,887.3383629359964,"{""D"": 10000, ""draw"": 6, ""f"": 7, ""kind"": ""fraction""}",results/archives/PAPERB_B9C_REMAINING_AUTHOR_RUN_050926.zip,PAPERB_B9C_REMAINING_AUTHOR_RUN_050926/raw/exact7/exact7__recovered29__D10000__f7__d6.npz,1ac3c300183cdd7d04cf89d0536fd888d76e8cf8070f73698666e16444bf734b
exact7,exact7__recovered29__D10000__f7__d7,recovered29,4.7,WCL,2498,598.8529006035549,"{""D"": 10000, ""draw"": 7, ""f"": 7, ""kind"": ""fraction""}",results/archives/PAPERB_B9C_REMAINING_AUTHOR_RUN_050926.zip,PAPERB_B9C_REMAINING_AUTHOR_RUN_050926/raw/exact7/exact7__recovered29__D10000__f7__d7.npz,221274da0b76fc3add8957e7180eb1a5c01b436c287d9a5331e854cbf5386a6e
exact7,exact7__recovered29__D10000__f7__d7,recovered29,4.7,ABS,2498,680.3437850206908,"{""D"": 10000, ""draw"": 7, ""f"": 7, ""kind"": ""fraction""}",results/archives/PAPERB_B9C_REMAINING_AUTHOR_RUN_050926.zip,PAPERB_B9C_REMAINING_AUTHOR_RUN_050926/raw/exact7/exact7__recovered29__D10000__f7__d7.npz,221274da0b76fc3add8957e7180eb1a5c01b436c287d9a5331e854cbf5386a6e
exact7,exact7__recovered29__D10000__f7__d7,recovered29,4.7,DIFF,2498,924.9617839314737,"{""D"": 10000, ""draw"": 7, ""f"": 7, ""kind"": ""fraction""}",results/archives/PAPERB_B9C_REMAINING_AUTHOR_RUN_050926.zip,PAPERB_B9C_REMAINING_AUTHOR_RUN_050926/raw/exact7/exact7__recovered29__D10000__f7__d7.npz,221274da0b76fc3add8957e7180eb1a5c01b436c287d9a5331e854cbf5386a6e
exact7,exact7__recovered29__D10000__f7__d7,recovered29,4.7,Min-Max,2498,502.45980015218373,"{""D"": 10000, ""draw"": 7, ""f"": 7, ""kind"": ""fraction""}",results/archives/PAPERB_B9C_REMAINING_AUTHOR_RUN_050926.zip,PAPERB_B9C_REMAINING_AUTHOR_RUN_050926/raw/exact7/exact7__recovered29__D10000__f7__d7.npz,221274da0b76fc3add8957e7180eb1a5c01b436c287d9a5331e854cbf5386a6e
exact7,exact7__official32_minus71__reference,official32_minus71,4.7,WCL,2498,593.7425223082155,"{""kind"": ""reference""}",results/archives/PAPERB_B9C_REMAINING_AUTHOR_RUN_050926.zip,PAPERB_B9C_REMAINING_AUTHOR_RUN_050926/raw/exact7/exact7__official32_minus71__reference.npz,69994b540e439a038be3e5b83b689aacdddb2118569c637ccfbce8756627bd49
exact7,exact7__official32_minus71__reference,official32_minus71,4.7,ABS,2498,555.6165186830742,"{""kind"": ""reference""}",results/archives/PAPERB_B9C_REMAINING_AUTHOR_RUN_050926.zip,PAPERB_B9C_REMAINING_AUTHOR_RUN_050926/raw/exact7/exact7__official32_minus71__reference.npz,69994b540e439a038be3e5b83b689aacdddb2118569c637ccfbce8756627bd49
exact7,exact7__official32_minus71__reference,official32_minus71,4.7,DIFF,2498,1082.7111969409727,"{""kind"": ""reference""}",results/archives/PAPERB_B9C_REMAINING_AUTHOR_RUN_050926.zip,PAPERB_B9C_REMAINING_AUTHOR_RUN_050926/raw/exact7/exact7__official32_minus71__reference.npz,69994b540e439a038be3e5b83b689aacdddb2118569c637ccfbce8756627bd49
exact7,exact7__official32_minus71__reference,official32_minus71,4.7,Min-Max,2498,478.88143519512585,"{""kind"": ""reference""}",results/archives/PAPERB_B9C_REMAINING_AUTHOR_RUN_050926.zip,PAPERB_B9C_REMAINING_AUTHOR_RUN_050926/raw/exact7/exact7__official32_minus71__reference.npz,69994b540e439a038be3e5b83b689aacdddb2118569c637ccfbce8756627bd49
exact7,exact7__official32_minus71__D1000__f7__d0,official32_minus71,4.7,WCL,2498,622.5922804116001,"{""D"": 1000, ""draw"": 0, ""f"": 7, ""kind"": ""fraction""}",results/archives/PAPERB_B9C_REMAINING_AUTHOR_RUN_050926.zip,PAPERB_B9C_REMAINING_AUTHOR_RUN_050926/raw/exact7/exact7__official32_minus71__D1000__f7__d0.npz,1e5038904b5b86326209dc1796b3401d629b83201c5317a02922e2f0e1bbd2a2
exact7,exact7__official32_minus71__D1000__f7__d0,official32_minus71,4.7,ABS,2498,577.095380859464,"{""D"": 1000, ""draw"": 0, ""f"": 7, ""kind"": ""fraction""}",results/archives/PAPERB_B9C_REMAINING_AUTHOR_RUN_050926.zip,PAPERB_B9C_REMAINING_AUTHOR_RUN_050926/raw/exact7/exact7__official32_minus71__D1000__f7__d0.npz,1e5038904b5b86326209dc1796b3401d629b83201c5317a02922e2f0e1bbd2a2
exact7,exact7__official32_minus71__D1000__f7__d0,official32_minus71,4.7,DIFF,2498,1142.811740933194,"{""D"": 1000, ""draw"": 0, ""f"": 7, ""kind"": ""fraction""}",results/archives/PAPERB_B9C_REMAINING_AUTHOR_RUN_050926.zip,PAPERB_B9C_REMAINING_AUTHOR_RUN_050926/raw/exact7/exact7__official32_minus71__D1000__f7__d0.npz,1e5038904b5b86326209dc1796b3401d629b83201c5317a02922e2f0e1bbd2a2
exact7,exact7__official32_minus71__D1000__f7__d0,official32_minus71,4.7,Min-Max,2498,488.6033980959122,"{""D"": 1000, ""draw"": 0, ""f"": 7, ""kind"": ""fraction""}",results/archives/PAPERB_B9C_REMAINING_AUTHOR_RUN_050926.zip,PAPERB_B9C_REMAINING_AUTHOR_RUN_050926/raw/exact7/exact7__official32_minus71__D1000__f7__d0.npz,1e5038904b5b86326209dc1796b3401d629b83201c5317a02922e2f0e1bbd2a2
exact7,exact7__official32_minus71__D1000__f7__d1,official32_minus71,4.7,WCL,2498,599.5607049586027,"{""D"": 1000, ""draw"": 1, ""f"": 7, ""kind"": ""fraction""}",results/archives/PAPERB_B9C_REMAINING_AUTHOR_RUN_050926.zip,PAPERB_B9C_REMAINING_AUTHOR_RUN_050926/raw/exact7/exact7__official32_minus71__D1000__f7__d1.npz,946beba99f46bdc59740152e40001ce593ffbcc22dbc39457be3a83cb035ae52
exact7,exact7__official32_minus71__D1000__f7__d1,official32_minus71,4.7,ABS,2498,566.9827028312095,"{""D"": 1000, ""draw"": 1, ""f"": 7, ""kind"": ""fraction""}",results/archives/PAPERB_B9C_REMAINING_AUTHOR_RUN_050926.zip,PAPERB_B9C_REMAINING_AUTHOR_RUN_050926/raw/exact7/exact7__official32_minus71__D1000__f7__d1.npz,946beba99f46bdc59740152e40001ce593ffbcc22dbc39457be3a83cb035ae52
exact7,exact7__official32_minus71__D1000__f7__d1,official32_minus71,4.7,DIFF,2498,1056.2534765645787,"{""D"": 1000, ""draw"": 1, ""f"": 7, ""kind"": ""fraction""}",results/archives/PAPERB_B9C_REMAINING_AUTHOR_RUN_050926.zip,PAPERB_B9C_REMAINING_AUTHOR_RUN_050926/raw/exact7/exact7__official32_minus71__D1000__f7__d1.npz,946beba99f46bdc59740152e40001ce593ffbcc22dbc39457be3a83cb035ae52
exact7,exact7__official32_minus71__D1000__f7__d1,official32_minus71,4.7,Min-Max,2498,489.6952509155756,"{""D"": 1000, ""draw"": 1, ""f"": 7, ""kind"": ""fraction""}",results/archives/PAPERB_B9C_REMAINING_AUTHOR_RUN_050926.zip,PAPERB_B9C_REMAINING_AUTHOR_RUN_050926/raw/exact7/exact7__official32_minus71__D1000__f7__d1.npz,946beba99f46bdc59740152e40001ce593ffbcc22dbc39457be3a83cb035ae52
exact7,exact7__official32_minus71__D1000__f7__d2,official32_minus71,4.7,WCL,2498,657.5195444273718,"{""D"": 1000, ""draw"": 2, ""f"": 7, ""kind"": ""fraction""}",results/archives/PAPERB_B9C_REMAINING_AUTHOR_RUN_050926.zip,PAPERB_B9C_REMAINING_AUTHOR_RUN_050926/raw/exact7/exact7__official32_minus71__D1000__f7__d2.npz,7a27fd7d0477e8604230ecf71baae17abebe74b5a77efaf948f743cba8061206
exact7,exact7__official32_minus71__D1000__f7__d2,official32_minus71,4.7,ABS,2498,571.3764100086468,"{""D"": 1000, ""draw"": 2, ""f"": 7, ""kind"": ""fraction""}",results/archives/PAPERB_B9C_REMAINING_AUTHOR_RUN_050926.zip,PAPERB_B9C_REMAINING_AUTHOR_RUN_050926/raw/exact7/exact7__official32_minus71__D1000__f7__d2.npz,7a27fd7d0477e8604230ecf71baae17abebe74b5a77efaf948f743cba8061206
exact7,exact7__official32_minus71__D1000__f7__d2,official32_minus71,4.7,DIFF,2498,1554.9231710950226,"{""D"": 1000, ""draw"": 2, ""f"": 7, ""kind"": ""fraction""}",results/archives/PAPERB_B9C_REMAINING_AUTHOR_RUN_050926.zip,PAPERB_B9C_REMAINING_AUTHOR_RUN_050926/raw/exact7/exact7__official32_minus71__D1000__f7__d2.npz,7a27fd7d0477e8604230ecf71baae17abebe74b5a77efaf948f743cba8061206
exact7,exact7__official32_minus71__D1000__f7__d2,official32_minus71,4.7,Min-Max,2498,538.1898294614875,"{""D"": 1000, ""draw"": 2, ""f"": 7, ""kind"": ""fraction""}",results/archives/PAPERB_B9C_REMAINING_AUTHOR_RUN_050926.zip,PAPERB_B9C_REMAINING_AUTHOR_RUN_050926/raw/exact7/exact7__official32_minus71__D1000__f7__d2.npz,7a27fd7d0477e8604230ecf71baae17abebe74b5a77efaf948f743cba8061206
exact7,exact7__official32_minus71__D1000__f7__d3,official32_minus71,4.7,WCL,2498,585.0699617320637,"{""D"": 1000, ""draw"": 3, ""f"": 7, ""kind"": ""fraction""}",results/archives/PAPERB_B9C_REMAINING_AUTHOR_RUN_050926.zip,PAPERB_B9C_REMAINING_AUTHOR_RUN_050926/raw/exact7/exact7__official32_minus71__D1000__f7__d3.npz,cb42afaaed264c17da1238678e825ea2a0f577e596084ca7d92a73f2cf3dbff0
exact7,exact7__official32_minus71__D1000__f7__d3,official32_minus71,4.7,ABS,2498,564.2825004596522,"{""D"": 1000, ""draw"": 3, ""f"": 7, ""kind"": ""fraction""}",results/archives/PAPERB_B9C_REMAINING_AUTHOR_RUN_050926.zip,PAPERB_B9C_REMAINING_AUTHOR_RUN_050926/raw/exact7/exact7__official32_minus71__D1000__f7__d3.npz,cb42afaaed264c17da1238678e825ea2a0f577e596084ca7d92a73f2cf3dbff0
exact7,exact7__official32_minus71__D1000__f7__d3,official32_minus71,4.7,DIFF,2498,1287.5812973342195,"{""D"": 1000, ""draw"": 3, ""f"": 7, ""kind"": ""fraction""}",results/archives/PAPERB_B9C_REMAINING_AUTHOR_RUN_050926.zip,PAPERB_B9C_REMAINING_AUTHOR_RUN_050926/raw/exact7/exact7__official32_minus71__D1000__f7__d3.npz,cb42afaaed264c17da1238678e825ea2a0f577e596084ca7d92a73f2cf3dbff0
exact7,exact7__official32_minus71__D1000__f7__d3,official32_minus71,4.7,Min-Max,2498,515.0061473810246,"{""D"": 1000, ""draw"": 3, ""f"": 7, ""kind"": ""fraction""}",results/archives/PAPERB_B9C_REMAINING_AUTHOR_RUN_050926.zip,PAPERB_B9C_REMAINING_AUTHOR_RUN_050926/raw/exact7/exact7__official32_minus71__D1000__f7__d3.npz,cb42afaaed264c17da1238678e825ea2a0f577e596084ca7d92a73f2cf3dbff0
exact7,exact7__official32_minus71__D1000__f7__d4,official32_minus71,4.7,WCL,2498,754.9734554390573,"{""D"": 1000, ""draw"": 4, ""f"": 7, ""kind"": ""fraction""}",results/archives/PAPERB_B9C_REMAINING_AUTHOR_RUN_050926.zip,PAPERB_B9C_REMAINING_AUTHOR_RUN_050926/raw/exact7/exact7__official32_minus71__D1000__f7__d4.npz,2c98eea1ba27598cd116bad3e40367e092b710ee0e96edf2028282ad937081c4
exact7,exact7__official32_minus71__D1000__f7__d4,official32_minus71,4.7,ABS,2498,685.3948428902359,"{""D"": 1000, ""draw"": 4, ""f"": 7, ""kind"": ""fraction""}",results/archives/PAPERB_B9C_REMAINING_AUTHOR_RUN_050926.zip,PAPERB_B9C_REMAINING_AUTHOR_RUN_050926/raw/exact7/exact7__official32_minus71__D1000__f7__d4.npz,2c98eea1ba27598cd116bad3e40367e092b710ee0e96edf2028282ad937081c4
exact7,exact7__official32_minus71__D1000__f7__d4,official32_minus71,4.7,DIFF,2498,1085.5889918282037,"{""D"": 1000, ""draw"": 4, ""f"": 7, ""kind"": ""fraction""}",results/archives/PAPERB_B9C_REMAINING_AUTHOR_RUN_050926.zip,PAPERB_B9C_REMAINING_AUTHOR_RUN_050926/raw/exact7/exact7__official32_minus71__D1000__f7__d4.npz,2c98eea1ba27598cd116bad3e40367e092b710ee0e96edf2028282ad937081c4
exact7,exact7__official32_minus71__D1000__f7__d4,official32_minus71,4.7,Min-Max,2498,585.4458444175696,"{""D"": 1000, ""draw"": 4, ""f"": 7, ""kind"": ""fraction""}",results/archives/PAPERB_B9C_REMAINING_AUTHOR_RUN_050926.zip,PAPERB_B9C_REMAINING_AUTHOR_RUN_050926/raw/exact7/exact7__official32_minus71__D1000__f7__d4.npz,2c98eea1ba27598cd116bad3e40367e092b710ee0e96edf2028282ad937081c4
exact7,exact7__official32_minus71__D1000__f7__d5,official32_minus71,4.7,WCL,2498,612.1297426059907,"{""D"": 1000, ""draw"": 5, ""f"": 7, ""kind"": ""fraction""}",results/archives/PAPERB_B9C_REMAINING_AUTHOR_RUN_050926.zip,PAPERB_B9C_REMAINING_AUTHOR_RUN_050926/raw/exact7/exact7__official32_minus71__D1000__f7__d5.npz,06ed214be3c22f2c39ba6c0584751251722951cca92e03903e45ddbddfbc5e04
exact7,exact7__official32_minus71__D1000__f7__d5,official32_minus71,4.7,ABS,2498,581.6325248977605,"{""D"": 1000, ""draw"": 5, ""f"": 7, ""kind"": ""fraction""}",results/archives/PAPERB_B9C_REMAINING_AUTHOR_RUN_050926.zip,PAPERB_B9C_REMAINING_AUTHOR_RUN_050926/raw/exact7/exact7__official32_minus71__D1000__f7__d5.npz,06ed214be3c22f2c39ba6c0584751251722951cca92e03903e45ddbddfbc5e04
exact7,exact7__official32_minus71__D1000__f7__d5,official32_minus71,4.7,DIFF,2498,1089.0400525800583,"{""D"": 1000, ""draw"": 5, ""f"": 7, ""kind"": ""fraction""}",results/archives/PAPERB_B9C_REMAINING_AUTHOR_RUN_050926.zip,PAPERB_B9C_REMAINING_AUTHOR_RUN_050926/raw/exact7/exact7__official32_minus71__D1000__f7__d5.npz,06ed214be3c22f2c39ba6c0584751251722951cca92e03903e45ddbddfbc5e04
exact7,exact7__official32_minus71__D1000__f7__d5,official32_minus71,4.7,Min-Max,2498,481.15155737107045,"{""D"": 1000, ""draw"": 5, ""f"": 7, ""kind"": ""fraction""}",results/archives/PAPERB_B9C_REMAINING_AUTHOR_RUN_050926.zip,PAPERB_B9C_REMAINING_AUTHOR_RUN_050926/raw/exact7/exact7__official32_minus71__D1000__f7__d5.npz,06ed214be3c22f2c39ba6c0584751251722951cca92e03903e45ddbddfbc5e04
exact7,exact7__official32_minus71__D1000__f7__d6,official32_minus71,4.7,WCL,2498,718.0542618846537,"{""D"": 1000, ""draw"": 6, ""f"": 7, ""kind"": ""fraction""}",results/archives/PAPERB_B9C_REMAINING_AUTHOR_RUN_050926.zip,PAPERB_B9C_REMAINING_AUTHOR_RUN_050926/raw/exact7/exact7__official32_minus71__D1000__f7__d6.npz,8648a4fb518a61895fd550ee3e74f998bfb63b03dc2f83c5bf1aa4cdbf488d60
exact7,exact7__official32_minus71__D1000__f7__d6,official32_minus71,4.7,ABS,2498,586.3835263793933,"{""D"": 1000, ""draw"": 6, ""f"": 7, ""kind"": ""fraction""}",results/archives/PAPERB_B9C_REMAINING_AUTHOR_RUN_050926.zip,PAPERB_B9C_REMAINING_AUTHOR_RUN_050926/raw/exact7/exact7__official32_minus71__D1000__f7__d6.npz,8648a4fb518a61895fd550ee3e74f998bfb63b03dc2f83c5bf1aa4cdbf488d60
exact7,exact7__official32_minus71__D1000__f7__d6,official32_minus71,4.7,DIFF,2498,1071.0906761820936,"{""D"": 1000, ""draw"": 6, ""f"": 7, ""kind"": ""fraction""}",results/archives/PAPERB_B9C_REMAINING_AUTHOR_RUN_050926.zip,PAPERB_B9C_REMAINING_AUTHOR_RUN_050926/raw/exact7/exact7__official32_minus71__D1000__f7__d6.npz,8648a4fb518a61895fd550ee3e74f998bfb63b03dc2f83c5bf1aa4cdbf488d60
exact7,exact7__official32_minus71__D1000__f7__d6,official32_minus71,4.7,Min-Max,2498,529.3902409866416,"{""D"": 1000, ""draw"": 6, ""f"": 7, ""kind"": ""fraction""}",results/archives/PAPERB_B9C_REMAINING_AUTHOR_RUN_050926.zip,PAPERB_B9C_REMAINING_AUTHOR_RUN_050926/raw/exact7/exact7__official32_minus71__D1000__f7__d6.npz,8648a4fb518a61895fd550ee3e74f998bfb63b03dc2f83c5bf1aa4cdbf488d60
exact7,exact7__official32_minus71__D1000__f7__d7,official32_minus71,4.7,WCL,2498,655.940032945227,"{""D"": 1000, ""draw"": 7, ""f"": 7, ""kind"": ""fraction""}",results/archives/PAPERB_B9C_REMAINING_AUTHOR_RUN_050926.zip,PAPERB_B9C_REMAINING_AUTHOR_RUN_050926/raw/exact7/exact7__official32_minus71__D1000__f7__d7.npz,e5abb83819e4fbf701633361080c80d1a5011cf6a836af6d2e1635f25c813256
exact7,exact7__official32_minus71__D1000__f7__d7,official32_minus71,4.7,ABS,2498,596.2547005492884,"{""D"": 1000, ""draw"": 7, ""f"": 7, ""kind"": ""fraction""}",results/archives/PAPERB_B9C_REMAINING_AUTHOR_RUN_050926.zip,PAPERB_B9C_REMAINING_AUTHOR_RUN_050926/raw/exact7/exact7__official32_minus71__D1000__f7__d7.npz,e5abb83819e4fbf701633361080c80d1a5011cf6a836af6d2e1635f25c813256
exact7,exact7__official32_minus71__D1000__f7__d7,official32_minus71,4.7,DIFF,2498,1426.7474896815852,"{""D"": 1000, ""draw"": 7, ""f"": 7, ""kind"": ""fraction""}",results/archives/PAPERB_B9C_REMAINING_AUTHOR_RUN_050926.zip,PAPERB_B9C_REMAINING_AUTHOR_RUN_050926/raw/exact7/exact7__official32_minus71__D1000__f7__d7.npz,e5abb83819e4fbf701633361080c80d1a5011cf6a836af6d2e1635f25c813256
exact7,exact7__official32_minus71__D1000__f7__d7,official32_minus71,4.7,Min-Max,2498,489.6004404899849,"{""D"": 1000, ""draw"": 7, ""f"": 7, ""kind"": ""fraction""}",results/archives/PAPERB_B9C_REMAINING_AUTHOR_RUN_050926.zip,PAPERB_B9C_REMAINING_AUTHOR_RUN_050926/raw/exact7/exact7__official32_minus71__D1000__f7__d7.npz,e5abb83819e4fbf701633361080c80d1a5011cf6a836af6d2e1635f25c813256
exact7,exact7__official32_minus71__D10000__f7__d0,official32_minus71,4.7,WCL,2498,668.4370942417768,"{""D"": 10000, ""draw"": 0, ""f"": 7, ""kind"": ""fraction""}",results/archives/PAPERB_B9C_REMAINING_AUTHOR_RUN_050926.zip,PAPERB_B9C_REMAINING_AUTHOR_RUN_050926/raw/exact7/exact7__official32_minus71__D10000__f7__d0.npz,d98ef8f4fad0bd04a579086f2c7e4d2b0a09655b9ab7d005d4ec96e2d1c56608
exact7,exact7__official32_minus71__D10000__f7__d0,official32_minus71,4.7,ABS,2498,610.046053308666,"{""D"": 10000, ""draw"": 0, ""f"": 7, ""kind"": ""fraction""}",results/archives/PAPERB_B9C_REMAINING_AUTHOR_RUN_050926.zip,PAPERB_B9C_REMAINING_AUTHOR_RUN_050926/raw/exact7/exact7__official32_minus71__D10000__f7__d0.npz,d98ef8f4fad0bd04a579086f2c7e4d2b0a09655b9ab7d005d4ec96e2d1c56608
exact7,exact7__official32_minus71__D10000__f7__d0,official32_minus71,4.7,DIFF,2498,792.0420793667583,"{""D"": 10000, ""draw"": 0, ""f"": 7, ""kind"": ""fraction""}",results/archives/PAPERB_B9C_REMAINING_AUTHOR_RUN_050926.zip,PAPERB_B9C_REMAINING_AUTHOR_RUN_050926/raw/exact7/exact7__official32_minus71__D10000__f7__d0.npz,d98ef8f4fad0bd04a579086f2c7e4d2b0a09655b9ab7d005d4ec96e2d1c56608
exact7,exact7__official32_minus71__D10000__f7__d0,official32_minus71,4.7,Min-Max,2498,574.5226904607891,"{""D"": 10000, ""draw"": 0, ""f"": 7, ""kind"": ""fraction""}",results/archives/PAPERB_B9C_REMAINING_AUTHOR_RUN_050926.zip,PAPERB_B9C_REMAINING_AUTHOR_RUN_050926/raw/exact7/exact7__official32_minus71__D10000__f7__d0.npz,d98ef8f4fad0bd04a579086f2c7e4d2b0a09655b9ab7d005d4ec96e2d1c56608
exact7,exact7__official32_minus71__D10000__f7__d1,official32_minus71,4.7,WCL,2498,623.0971609291505,"{""D"": 10000, ""draw"": 1, ""f"": 7, ""kind"": ""fraction""}",results/archives/PAPERB_B9C_REMAINING_AUTHOR_RUN_050926.zip,PAPERB_B9C_REMAINING_AUTHOR_RUN_050926/raw/exact7/exact7__official32_minus71__D10000__f7__d1.npz,c2cc810672f2de5a742c2678153973914bd69e0a20bcf5eb11f9185b7daed9bb
exact7,exact7__official32_minus71__D10000__f7__d1,official32_minus71,4.7,ABS,2498,621.1441142775196,"{""D"": 10000, ""draw"": 1, ""f"": 7, ""kind"": ""fraction""}",results/archives/PAPERB_B9C_REMAINING_AUTHOR_RUN_050926.zip,PAPERB_B9C_REMAINING_AUTHOR_RUN_050926/raw/exact7/exact7__official32_minus71__D10000__f7__d1.npz,c2cc810672f2de5a742c2678153973914bd69e0a20bcf5eb11f9185b7daed9bb
exact7,exact7__official32_minus71__D10000__f7__d1,official32_minus71,4.7,DIFF,2498,877.7446445123593,"{""D"": 10000, ""draw"": 1, ""f"": 7, ""kind"": ""fraction""}",results/archives/PAPERB_B9C_REMAINING_AUTHOR_RUN_050926.zip,PAPERB_B9C_REMAINING_AUTHOR_RUN_050926/raw/exact7/exact7__official32_minus71__D10000__f7__d1.npz,c2cc810672f2de5a742c2678153973914bd69e0a20bcf5eb11f9185b7daed9bb
exact7,exact7__official32_minus71__D10000__f7__d1,official32_minus71,4.7,Min-Max,2498,553.8021140427362,"{""D"": 10000, ""draw"": 1, ""f"": 7, ""kind"": ""fraction""}",results/archives/PAPERB_B9C_REMAINING_AUTHOR_RUN_050926.zip,PAPERB_B9C_REMAINING_AUTHOR_RUN_050926/raw/exact7/exact7__official32_minus71__D10000__f7__d1.npz,c2cc810672f2de5a742c2678153973914bd69e0a20bcf5eb11f9185b7daed9bb
exact7,exact7__official32_minus71__D10000__f7__d2,official32_minus71,4.7,WCL,2498,693.4850073686855,"{""D"": 10000, ""draw"": 2, ""f"": 7, ""kind"": ""fraction""}",results/archives/PAPERB_B9C_REMAINING_AUTHOR_RUN_050926.zip,PAPERB_B9C_REMAINING_AUTHOR_RUN_050926/raw/exact7/exact7__official32_minus71__D10000__f7__d2.npz,ab39228cdd7889daca322252c70d479d86adf7a5baf699022fe41296a174434d
exact7,exact7__official32_minus71__D10000__f7__d2,official32_minus71,4.7,ABS,2498,631.3109994680935,"{""D"": 10000, ""draw"": 2, ""f"": 7, ""kind"": ""fraction""}",results/archives/PAPERB_B9C_REMAINING_AUTHOR_RUN_050926.zip,PAPERB_B9C_REMAINING_AUTHOR_RUN_050926/raw/exact7/exact7__official32_minus71__D10000__f7__d2.npz,ab39228cdd7889daca322252c70d479d86adf7a5baf699022fe41296a174434d
exact7,exact7__official32_minus71__D10000__f7__d2,official32_minus71,4.7,DIFF,2498,977.843908025148,"{""D"": 10000, ""draw"": 2, ""f"": 7, ""kind"": ""fraction""}",results/archives/PAPERB_B9C_REMAINING_AUTHOR_RUN_050926.zip,PAPERB_B9C_REMAINING_AUTHOR_RUN_050926/raw/exact7/exact7__official32_minus71__D10000__f7__d2.npz,ab39228cdd7889daca322252c70d479d86adf7a5baf699022fe41296a174434d
exact7,exact7__official32_minus71__D10000__f7__d2,official32_minus71,4.7,Min-Max,2498,619.2152531442564,"{""D"": 10000, ""draw"": 2, ""f"": 7, ""kind"": ""fraction""}",results/archives/PAPERB_B9C_REMAINING_AUTHOR_RUN_050926.zip,PAPERB_B9C_REMAINING_AUTHOR_RUN_050926/raw/exact7/exact7__official32_minus71__D10000__f7__d2.npz,ab39228cdd7889daca322252c70d479d86adf7a5baf699022fe41296a174434d
exact7,exact7__official32_minus71__D10000__f7__d3,official32_minus71,4.7,WCL,2498,628.4937621693728,"{""D"": 10000, ""draw"": 3, ""f"": 7, ""kind"": ""fraction""}",results/archives/PAPERB_B9C_REMAINING_AUTHOR_RUN_050926.zip,PAPERB_B9C_REMAINING_AUTHOR_RUN_050926/raw/exact7/exact7__official32_minus71__D10000__f7__d3.npz,d38eb9b602dd510efe0cc81b9f7d25910c048776ee0c645e1cbddc53e1fc5405
exact7,exact7__official32_minus71__D10000__f7__d3,official32_minus71,4.7,ABS,2498,638.2127735797706,"{""D"": 10000, ""draw"": 3, ""f"": 7, ""kind"": ""fraction""}",results/archives/PAPERB_B9C_REMAINING_AUTHOR_RUN_050926.zip,PAPERB_B9C_REMAINING_AUTHOR_RUN_050926/raw/exact7/exact7__official32_minus71__D10000__f7__d3.npz,d38eb9b602dd510efe0cc81b9f7d25910c048776ee0c645e1cbddc53e1fc5405
exact7,exact7__official32_minus71__D10000__f7__d3,official32_minus71,4.7,DIFF,2498,947.4712654179807,"{""D"": 10000, ""draw"": 3, ""f"": 7, ""kind"": ""fraction""}",results/archives/PAPERB_B9C_REMAINING_AUTHOR_RUN_050926.zip,PAPERB_B9C_REMAINING_AUTHOR_RUN_050926/raw/exact7/exact7__official32_minus71__D10000__f7__d3.npz,d38eb9b602dd510efe0cc81b9f7d25910c048776ee0c645e1cbddc53e1fc5405
exact7,exact7__official32_minus71__D10000__f7__d3,official32_minus71,4.7,Min-Max,2498,681.189385765439,"{""D"": 10000, ""draw"": 3, ""f"": 7, ""kind"": ""fraction""}",results/archives/PAPERB_B9C_REMAINING_AUTHOR_RUN_050926.zip,PAPERB_B9C_REMAINING_AUTHOR_RUN_050926/raw/exact7/exact7__official32_minus71__D10000__f7__d3.npz,d38eb9b602dd510efe0cc81b9f7d25910c048776ee0c645e1cbddc53e1fc5405
exact7,exact7__official32_minus71__D10000__f7__d4,official32_minus71,4.7,WCL,2498,793.6106766871314,"{""D"": 10000, ""draw"": 4, ""f"": 7, ""kind"": ""fraction""}",results/archives/PAPERB_B9C_REMAINING_AUTHOR_RUN_050926.zip,PAPERB_B9C_REMAINING_AUTHOR_RUN_050926/raw/exact7/exact7__official32_minus71__D10000__f7__d4.npz,d6fe2175b77a099336dbe84efcfbee4775c9ce4c6eed4ce46b07fc0a8ca3c9ac
exact7,exact7__official32_minus71__D10000__f7__d4,official32_minus71,4.7,ABS,2498,626.3510351895823,"{""D"": 10000, ""draw"": 4, ""f"": 7, ""kind"": ""fraction""}",results/archives/PAPERB_B9C_REMAINING_AUTHOR_RUN_050926.zip,PAPERB_B9C_REMAINING_AUTHOR_RUN_050926/raw/exact7/exact7__official32_minus71__D10000__f7__d4.npz,d6fe2175b77a099336dbe84efcfbee4775c9ce4c6eed4ce46b07fc0a8ca3c9ac
exact7,exact7__official32_minus71__D10000__f7__d4,official32_minus71,4.7,DIFF,2498,790.2302802628908,"{""D"": 10000, ""draw"": 4, ""f"": 7, ""kind"": ""fraction""}",results/archives/PAPERB_B9C_REMAINING_AUTHOR_RUN_050926.zip,PAPERB_B9C_REMAINING_AUTHOR_RUN_050926/raw/exact7/exact7__official32_minus71__D10000__f7__d4.npz,d6fe2175b77a099336dbe84efcfbee4775c9ce4c6eed4ce46b07fc0a8ca3c9ac
exact7,exact7__official32_minus71__D10000__f7__d4,official32_minus71,4.7,Min-Max,2498,747.7223869041602,"{""D"": 10000, ""draw"": 4, ""f"": 7, ""kind"": ""fraction""}",results/archives/PAPERB_B9C_REMAINING_AUTHOR_RUN_050926.zip,PAPERB_B9C_REMAINING_AUTHOR_RUN_050926/raw/exact7/exact7__official32_minus71__D10000__f7__d4.npz,d6fe2175b77a099336dbe84efcfbee4775c9ce4c6eed4ce46b07fc0a8ca3c9ac
exact7,exact7__official32_minus71__D10000__f7__d5,official32_minus71,4.7,WCL,2498,620.4699395479507,"{""D"": 10000, ""draw"": 5, ""f"": 7, ""kind"": ""fraction""}",results/archives/PAPERB_B9C_REMAINING_AUTHOR_RUN_050926.zip,PAPERB_B9C_REMAINING_AUTHOR_RUN_050926/raw/exact7/exact7__official32_minus71__D10000__f7__d5.npz,22d3e331615441cbcfcac3ef72dfa1e4ea800eff3aaf6d204b1e5ff535a820de
exact7,exact7__official32_minus71__D10000__f7__d5,official32_minus71,4.7,ABS,2498,589.5586826222644,"{""D"": 10000, ""draw"": 5, ""f"": 7, ""kind"": ""fraction""}",results/archives/PAPERB_B9C_REMAINING_AUTHOR_RUN_050926.zip,PAPERB_B9C_REMAINING_AUTHOR_RUN_050926/raw/exact7/exact7__official32_minus71__D10000__f7__d5.npz,22d3e331615441cbcfcac3ef72dfa1e4ea800eff3aaf6d204b1e5ff535a820de
exact7,exact7__official32_minus71__D10000__f7__d5,official32_minus71,4.7,DIFF,2498,909.7708261871445,"{""D"": 10000, ""draw"": 5, ""f"": 7, ""kind"": ""fraction""}",results/archives/PAPERB_B9C_REMAINING_AUTHOR_RUN_050926.zip,PAPERB_B9C_REMAINING_AUTHOR_RUN_050926/raw/exact7/exact7__official32_minus71__D10000__f7__d5.npz,22d3e331615441cbcfcac3ef72dfa1e4ea800eff3aaf6d204b1e5ff535a820de
exact7,exact7__official32_minus71__D10000__f7__d5,official32_minus71,4.7,Min-Max,2498,541.3539097372166,"{""D"": 10000, ""draw"": 5, ""f"": 7, ""kind"": ""fraction""}",results/archives/PAPERB_B9C_REMAINING_AUTHOR_RUN_050926.zip,PAPERB_B9C_REMAINING_AUTHOR_RUN_050926/raw/exact7/exact7__official32_minus71__D10000__f7__d5.npz,22d3e331615441cbcfcac3ef72dfa1e4ea800eff3aaf6d204b1e5ff535a820de
exact7,exact7__official32_minus71__D10000__f7__d6,official32_minus71,4.7,WCL,2498,789.9843607329585,"{""D"": 10000, ""draw"": 6, ""f"": 7, ""kind"": ""fraction""}",results/archives/PAPERB_B9C_REMAINING_AUTHOR_RUN_050926.zip,PAPERB_B9C_REMAINING_AUTHOR_RUN_050926/raw/exact7/exact7__official32_minus71__D10000__f7__d6.npz,9c78d07c62359607e7d1c8020ba6cc4331f99415c9324c886a4897b95efe21ce
exact7,exact7__official32_minus71__D10000__f7__d6,official32_minus71,4.7,ABS,2498,632.6891119506352,"{""D"": 10000, ""draw"": 6, ""f"": 7, ""kind"": ""fraction""}",results/archives/PAPERB_B9C_REMAINING_AUTHOR_RUN_050926.zip,PAPERB_B9C_REMAINING_AUTHOR_RUN_050926/raw/exact7/exact7__official32_minus71__D10000__f7__d6.npz,9c78d07c62359607e7d1c8020ba6cc4331f99415c9324c886a4897b95efe21ce
exact7,exact7__official32_minus71__D10000__f7__d6,official32_minus71,4.7,DIFF,2498,803.2187660985223,"{""D"": 10000, ""draw"": 6, ""f"": 7, ""kind"": ""fraction""}",results/archives/PAPERB_B9C_REMAINING_AUTHOR_RUN_050926.zip,PAPERB_B9C_REMAINING_AUTHOR_RUN_050926/raw/exact7/exact7__official32_minus71__D10000__f7__d6.npz,9c78d07c62359607e7d1c8020ba6cc4331f99415c9324c886a4897b95efe21ce
exact7,exact7__official32_minus71__D10000__f7__d6,official32_minus71,4.7,Min-Max,2498,671.2291128802996,"{""D"": 10000, ""draw"": 6, ""f"": 7, ""kind"": ""fraction""}",results/archives/PAPERB_B9C_REMAINING_AUTHOR_RUN_050926.zip,PAPERB_B9C_REMAINING_AUTHOR_RUN_050926/raw/exact7/exact7__official32_minus71__D10000__f7__d6.npz,9c78d07c62359607e7d1c8020ba6cc4331f99415c9324c886a4897b95efe21ce
exact7,exact7__official32_minus71__D10000__f7__d7,official32_minus71,4.7,WCL,2498,802.1784256471586,"{""D"": 10000, ""draw"": 7, ""f"": 7, ""kind"": ""fraction""}",results/archives/PAPERB_B9C_REMAINING_AUTHOR_RUN_050926.zip,PAPERB_B9C_REMAINING_AUTHOR_RUN_050926/raw/exact7/exact7__official32_minus71__D10000__f7__d7.npz,960899b5b4b3b2fa99f5a3a7c33fb4c96f42781952b82863e2025cc18d2e8fe1
exact7,exact7__official32_minus71__D10000__f7__d7,official32_minus71,4.7,ABS,2498,647.5128885706902,"{""D"": 10000, ""draw"": 7, ""f"": 7, ""kind"": ""fraction""}",results/archives/PAPERB_B9C_REMAINING_AUTHOR_RUN_050926.zip,PAPERB_B9C_REMAINING_AUTHOR_RUN_050926/raw/exact7/exact7__official32_minus71__D10000__f7__d7.npz,960899b5b4b3b2fa99f5a3a7c33fb4c96f42781952b82863e2025cc18d2e8fe1
exact7,exact7__official32_minus71__D10000__f7__d7,official32_minus71,4.7,DIFF,2498,911.0099995639317,"{""D"": 10000, ""draw"": 7, ""f"": 7, ""kind"": ""fraction""}",results/archives/PAPERB_B9C_REMAINING_AUTHOR_RUN_050926.zip,PAPERB_B9C_REMAINING_AUTHOR_RUN_050926/raw/exact7/exact7__official32_minus71__D10000__f7__d7.npz,960899b5b4b3b2fa99f5a3a7c33fb4c96f42781952b82863e2025cc18d2e8fe1
exact7,exact7__official32_minus71__D10000__f7__d7,official32_minus71,4.7,Min-Max,2498,899.7853964678291,"{""D"": 10000, ""draw"": 7, ""f"": 7, ""kind"": ""fraction""}",results/archives/PAPERB_B9C_REMAINING_AUTHOR_RUN_050926.zip,PAPERB_B9C_REMAINING_AUTHOR_RUN_050926/raw/exact7/exact7__official32_minus71__D10000__f7__d7.npz,960899b5b4b3b2fa99f5a3a7c33fb4c96f42781952b82863e2025cc18d2e8fe1
exact7,exact7__official33_published__reference,official33_published,4.7,WCL,2495,584.7477072723547,"{""kind"": ""reference""}",results/archives/PAPERB_B9C_REMAINING_AUTHOR_RUN_050926.zip,PAPERB_B9C_REMAINING_AUTHOR_RUN_050926/raw/exact7/exact7__official33_published__reference.npz,bf3cd1c05ba9f6d43a5c8a81eab36b402d39380184d27eec8afbeba38262e49e
exact7,exact7__official33_published__reference,official33_published,4.7,ABS,2495,527.7528095638735,"{""kind"": ""reference""}",results/archives/PAPERB_B9C_REMAINING_AUTHOR_RUN_050926.zip,PAPERB_B9C_REMAINING_AUTHOR_RUN_050926/raw/exact7/exact7__official33_published__reference.npz,bf3cd1c05ba9f6d43a5c8a81eab36b402d39380184d27eec8afbeba38262e49e
exact7,exact7__official33_published__reference,official33_published,4.7,DIFF,2495,1011.5353965136167,"{""kind"": ""reference""}",results/archives/PAPERB_B9C_REMAINING_AUTHOR_RUN_050926.zip,PAPERB_B9C_REMAINING_AUTHOR_RUN_050926/raw/exact7/exact7__official33_published__reference.npz,bf3cd1c05ba9f6d43a5c8a81eab36b402d39380184d27eec8afbeba38262e49e
exact7,exact7__official33_published__reference,official33_published,4.7,Min-Max,2495,467.635802988949,"{""kind"": ""reference""}",results/archives/PAPERB_B9C_REMAINING_AUTHOR_RUN_050926.zip,PAPERB_B9C_REMAINING_AUTHOR_RUN_050926/raw/exact7/exact7__official33_published__reference.npz,bf3cd1c05ba9f6d43a5c8a81eab36b402d39380184d27eec8afbeba38262e49e
exact7,exact7__official33_published__D1000__f7__d0,official33_published,4.7,WCL,2495,530.1463832558352,"{""D"": 1000, ""draw"": 0, ""f"": 7, ""kind"": ""fraction""}",results/archives/PAPERB_B9C_REMAINING_AUTHOR_RUN_050926.zip,PAPERB_B9C_REMAINING_AUTHOR_RUN_050926/raw/exact7/exact7__official33_published__D1000__f7__d0.npz,742997edb1c83b54aee4097f1c577b35a83ed5a5782916e6d22daeac02d16a05
exact7,exact7__official33_published__D1000__f7__d0,official33_published,4.7,ABS,2495,524.8032554264498,"{""D"": 1000, ""draw"": 0, ""f"": 7, ""kind"": ""fraction""}",results/archives/PAPERB_B9C_REMAINING_AUTHOR_RUN_050926.zip,PAPERB_B9C_REMAINING_AUTHOR_RUN_050926/raw/exact7/exact7__official33_published__D1000__f7__d0.npz,742997edb1c83b54aee4097f1c577b35a83ed5a5782916e6d22daeac02d16a05
exact7,exact7__official33_published__D1000__f7__d0,official33_published,4.7,DIFF,2495,1107.6115782582915,"{""D"": 1000, ""draw"": 0, ""f"": 7, ""kind"": ""fraction""}",results/archives/PAPERB_B9C_REMAINING_AUTHOR_RUN_050926.zip,PAPERB_B9C_REMAINING_AUTHOR_RUN_050926/raw/exact7/exact7__official33_published__D1000__f7__d0.npz,742997edb1c83b54aee4097f1c577b35a83ed5a5782916e6d22daeac02d16a05
exact7,exact7__official33_published__D1000__f7__d0,official33_published,4.7,Min-Max,2495,456.37874822689787,"{""D"": 1000, ""draw"": 0, ""f"": 7, ""kind"": ""fraction""}",results/archives/PAPERB_B9C_REMAINING_AUTHOR_RUN_050926.zip,PAPERB_B9C_REMAINING_AUTHOR_RUN_050926/raw/exact7/exact7__official33_published__D1000__f7__d0.npz,742997edb1c83b54aee4097f1c577b35a83ed5a5782916e6d22daeac02d16a05
exact7,exact7__official33_published__D1000__f7__d1,official33_published,4.7,WCL,2495,588.4969743828304,"{""D"": 1000, ""draw"": 1, ""f"": 7, ""kind"": ""fraction""}",results/archives/PAPERB_B9C_REMAINING_AUTHOR_RUN_050926.zip,PAPERB_B9C_REMAINING_AUTHOR_RUN_050926/raw/exact7/exact7__official33_published__D1000__f7__d1.npz,03c9c16a3d8adeea9887701bb27e8c089878acdca53e1abeab7a70ba216d875c
exact7,exact7__official33_published__D1000__f7__d1,official33_published,4.7,ABS,2495,545.7593535681087,"{""D"": 1000, ""draw"": 1, ""f"": 7, ""kind"": ""fraction""}",results/archives/PAPERB_B9C_REMAINING_AUTHOR_RUN_050926.zip,PAPERB_B9C_REMAINING_AUTHOR_RUN_050926/raw/exact7/exact7__official33_published__D1000__f7__d1.npz,03c9c16a3d8adeea9887701bb27e8c089878acdca53e1abeab7a70ba216d875c
exact7,exact7__official33_published__D1000__f7__d1,official33_published,4.7,DIFF,2495,1007.5871899329527,"{""D"": 1000, ""draw"": 1, ""f"": 7, ""kind"": ""fraction""}",results/archives/PAPERB_B9C_REMAINING_AUTHOR_RUN_050926.zip,PAPERB_B9C_REMAINING_AUTHOR_RUN_050926/raw/exact7/exact7__official33_published__D1000__f7__d1.npz,03c9c16a3d8adeea9887701bb27e8c089878acdca53e1abeab7a70ba216d875c
exact7,exact7__official33_published__D1000__f7__d1,official33_published,4.7,Min-Max,2495,474.20672861076963,"{""D"": 1000, ""draw"": 1, ""f"": 7, ""kind"": ""fraction""}",results/archives/PAPERB_B9C_REMAINING_AUTHOR_RUN_050926.zip,PAPERB_B9C_REMAINING_AUTHOR_RUN_050926/raw/exact7/exact7__official33_published__D1000__f7__d1.npz,03c9c16a3d8adeea9887701bb27e8c089878acdca53e1abeab7a70ba216d875c
exact7,exact7__official33_published__D1000__f7__d2,official33_published,4.7,WCL,2495,622.3154200656194,"{""D"": 1000, ""draw"": 2, ""f"": 7, ""kind"": ""fraction""}",results/archives/PAPERB_B9C_REMAINING_AUTHOR_RUN_050926.zip,PAPERB_B9C_REMAINING_AUTHOR_RUN_050926/raw/exact7/exact7__official33_published__D1000__f7__d2.npz,1c371a15c7e7a5dce64af1931c3f36b011788cb7b52d22355aa5f549ef7a2d5a
exact7,exact7__official33_published__D1000__f7__d2,official33_published,4.7,ABS,2495,531.6617619878635,"{""D"": 1000, ""draw"": 2, ""f"": 7, ""kind"": ""fraction""}",results/archives/PAPERB_B9C_REMAINING_AUTHOR_RUN_050926.zip,PAPERB_B9C_REMAINING_AUTHOR_RUN_050926/raw/exact7/exact7__official33_published__D1000__f7__d2.npz,1c371a15c7e7a5dce64af1931c3f36b011788cb7b52d22355aa5f549ef7a2d5a
exact7,exact7__official33_published__D1000__f7__d2,official33_published,4.7,DIFF,2495,1079.7922542284132,"{""D"": 1000, ""draw"": 2, ""f"": 7, ""kind"": ""fraction""}",results/archives/PAPERB_B9C_REMAINING_AUTHOR_RUN_050926.zip,PAPERB_B9C_REMAINING_AUTHOR_RUN_050926/raw/exact7/exact7__official33_published__D1000__f7__d2.npz,1c371a15c7e7a5dce64af1931c3f36b011788cb7b52d22355aa5f549ef7a2d5a
exact7,exact7__official33_published__D1000__f7__d2,official33_published,4.7,Min-Max,2495,492.5076853908882,"{""D"": 1000, ""draw"": 2, ""f"": 7, ""kind"": ""fraction""}",results/archives/PAPERB_B9C_REMAINING_AUTHOR_RUN_050926.zip,PAPERB_B9C_REMAINING_AUTHOR_RUN_050926/raw/exact7/exact7__official33_published__D1000__f7__d2.npz,1c371a15c7e7a5dce64af1931c3f36b011788cb7b52d22355aa5f549ef7a2d5a
exact7,exact7__official33_published__D1000__f7__d3,official33_published,4.7,WCL,2495,611.9725018557037,"{""D"": 1000, ""draw"": 3, ""f"": 7, ""kind"": ""fraction""}",results/archives/PAPERB_B9C_REMAINING_AUTHOR_RUN_050926.zip,PAPERB_B9C_REMAINING_AUTHOR_RUN_050926/raw/exact7/exact7__official33_published__D1000__f7__d3.npz,41043c50b1a4f3b02ced97d312b250f3720ea58082c687ec1bce31ab67e42905
exact7,exact7__official33_published__D1000__f7__d3,official33_published,4.7,ABS,2495,525.6412862123195,"{""D"": 1000, ""draw"": 3, ""f"": 7, ""kind"": ""fraction""}",results/archives/PAPERB_B9C_REMAINING_AUTHOR_RUN_050926.zip,PAPERB_B9C_REMAINING_AUTHOR_RUN_050926/raw/exact7/exact7__official33_published__D1000__f7__d3.npz,41043c50b1a4f3b02ced97d312b250f3720ea58082c687ec1bce31ab67e42905
exact7,exact7__official33_published__D1000__f7__d3,official33_published,4.7,DIFF,2495,1247.1823539539612,"{""D"": 1000, ""draw"": 3, ""f"": 7, ""kind"": ""fraction""}",results/archives/PAPERB_B9C_REMAINING_AUTHOR_RUN_050926.zip,PAPERB_B9C_REMAINING_AUTHOR_RUN_050926/raw/exact7/exact7__official33_published__D1000__f7__d3.npz,41043c50b1a4f3b02ced97d312b250f3720ea58082c687ec1bce31ab67e42905
exact7,exact7__official33_published__D1000__f7__d3,official33_published,4.7,Min-Max,2495,521.7210379078033,"{""D"": 1000, ""draw"": 3, ""f"": 7, ""kind"": ""fraction""}",results/archives/PAPERB_B9C_REMAINING_AUTHOR_RUN_050926.zip,PAPERB_B9C_REMAINING_AUTHOR_RUN_050926/raw/exact7/exact7__official33_published__D1000__f7__d3.npz,41043c50b1a4f3b02ced97d312b250f3720ea58082c687ec1bce31ab67e42905
exact7,exact7__official33_published__D1000__f7__d4,official33_published,4.7,WCL,2495,751.5378080114979,"{""D"": 1000, ""draw"": 4, ""f"": 7, ""kind"": ""fraction""}",results/archives/PAPERB_B9C_REMAINING_AUTHOR_RUN_050926.zip,PAPERB_B9C_REMAINING_AUTHOR_RUN_050926/raw/exact7/exact7__official33_published__D1000__f7__d4.npz,be079ba98e90da063e1b19e07dcef5eb8d7da4c5e78659c579c265ab17aeb6db
exact7,exact7__official33_published__D1000__f7__d4,official33_published,4.7,ABS,2495,591.2902751328471,"{""D"": 1000, ""draw"": 4, ""f"": 7, ""kind"": ""fraction""}",results/archives/PAPERB_B9C_REMAINING_AUTHOR_RUN_050926.zip,PAPERB_B9C_REMAINING_AUTHOR_RUN_050926/raw/exact7/exact7__official33_published__D1000__f7__d4.npz,be079ba98e90da063e1b19e07dcef5eb8d7da4c5e78659c579c265ab17aeb6db
exact7,exact7__official33_published__D1000__f7__d4,official33_published,4.7,DIFF,2495,1057.2540981412758,"{""D"": 1000, ""draw"": 4, ""f"": 7, ""kind"": ""fraction""}",results/archives/PAPERB_B9C_REMAINING_AUTHOR_RUN_050926.zip,PAPERB_B9C_REMAINING_AUTHOR_RUN_050926/raw/exact7/exact7__official33_published__D1000__f7__d4.npz,be079ba98e90da063e1b19e07dcef5eb8d7da4c5e78659c579c265ab17aeb6db
exact7,exact7__official33_published__D1000__f7__d4,official33_published,4.7,Min-Max,2495,546.0608440012381,"{""D"": 1000, ""draw"": 4, ""f"": 7, ""kind"": ""fraction""}",results/archives/PAPERB_B9C_REMAINING_AUTHOR_RUN_050926.zip,PAPERB_B9C_REMAINING_AUTHOR_RUN_050926/raw/exact7/exact7__official33_published__D1000__f7__d4.npz,be079ba98e90da063e1b19e07dcef5eb8d7da4c5e78659c579c265ab17aeb6db
exact7,exact7__official33_published__D1000__f7__d5,official33_published,4.7,WCL,2495,632.8314679238658,"{""D"": 1000, ""draw"": 5, ""f"": 7, ""kind"": ""fraction""}",results/archives/PAPERB_B9C_REMAINING_AUTHOR_RUN_050926.zip,PAPERB_B9C_REMAINING_AUTHOR_RUN_050926/raw/exact7/exact7__official33_published__D1000__f7__d5.npz,8b867408860ca6b6c4b2187e7ffc92d4d30a2b7f45efcad0d4fe0b386eab3c50
exact7,exact7__official33_published__D1000__f7__d5,official33_published,4.7,ABS,2495,545.7471171427173,"{""D"": 1000, ""draw"": 5, ""f"": 7, ""kind"": ""fraction""}",results/archives/PAPERB_B9C_REMAINING_AUTHOR_RUN_050926.zip,PAPERB_B9C_REMAINING_AUTHOR_RUN_050926/raw/exact7/exact7__official33_published__D1000__f7__d5.npz,8b867408860ca6b6c4b2187e7ffc92d4d30a2b7f45efcad0d4fe0b386eab3c50
exact7,exact7__official33_published__D1000__f7__d5,official33_published,4.7,DIFF,2495,1111.2526244134178,"{""D"": 1000, ""draw"": 5, ""f"": 7, ""kind"": ""fraction""}",results/archives/PAPERB_B9C_REMAINING_AUTHOR_RUN_050926.zip,PAPERB_B9C_REMAINING_AUTHOR_RUN_050926/raw/exact7/exact7__official33_published__D1000__f7__d5.npz,8b867408860ca6b6c4b2187e7ffc92d4d30a2b7f45efcad0d4fe0b386eab3c50
exact7,exact7__official33_published__D1000__f7__d5,official33_published,4.7,Min-Max,2495,476.4157213839718,"{""D"": 1000, ""draw"": 5, ""f"": 7, ""kind"": ""fraction""}",results/archives/PAPERB_B9C_REMAINING_AUTHOR_RUN_050926.zip,PAPERB_B9C_REMAINING_AUTHOR_RUN_050926/raw/exact7/exact7__official33_published__D1000__f7__d5.npz,8b867408860ca6b6c4b2187e7ffc92d4d30a2b7f45efcad0d4fe0b386eab3c50
exact7,exact7__official33_published__D1000__f7__d6,official33_published,4.7,WCL,2495,678.3894609482993,"{""D"": 1000, ""draw"": 6, ""f"": 7, ""kind"": ""fraction""}",results/archives/PAPERB_B9C_REMAINING_AUTHOR_RUN_050926.zip,PAPERB_B9C_REMAINING_AUTHOR_RUN_050926/raw/exact7/exact7__official33_published__D1000__f7__d6.npz,e8308f2ea28a2537f42085fdd29dcbb0c6c291dad8a04c1d871ec3235975eceb
exact7,exact7__official33_published__D1000__f7__d6,official33_published,4.7,ABS,2495,545.8096007704903,"{""D"": 1000, ""draw"": 6, ""f"": 7, ""kind"": ""fraction""}",results/archives/PAPERB_B9C_REMAINING_AUTHOR_RUN_050926.zip,PAPERB_B9C_REMAINING_AUTHOR_RUN_050926/raw/exact7/exact7__official33_published__D1000__f7__d6.npz,e8308f2ea28a2537f42085fdd29dcbb0c6c291dad8a04c1d871ec3235975eceb
exact7,exact7__official33_published__D1000__f7__d6,official33_published,4.7,DIFF,2495,1180.508227411758,"{""D"": 1000, ""draw"": 6, ""f"": 7, ""kind"": ""fraction""}",results/archives/PAPERB_B9C_REMAINING_AUTHOR_RUN_050926.zip,PAPERB_B9C_REMAINING_AUTHOR_RUN_050926/raw/exact7/exact7__official33_published__D1000__f7__d6.npz,e8308f2ea28a2537f42085fdd29dcbb0c6c291dad8a04c1d871ec3235975eceb
exact7,exact7__official33_published__D1000__f7__d6,official33_published,4.7,Min-Max,2495,510.8581267618677,"{""D"": 1000, ""draw"": 6, ""f"": 7, ""kind"": ""fraction""}",results/archives/PAPERB_B9C_REMAINING_AUTHOR_RUN_050926.zip,PAPERB_B9C_REMAINING_AUTHOR_RUN_050926/raw/exact7/exact7__official33_published__D1000__f7__d6.npz,e8308f2ea28a2537f42085fdd29dcbb0c6c291dad8a04c1d871ec3235975eceb
exact7,exact7__official33_published__D1000__f7__d7,official33_published,4.7,WCL,2495,655.5659027847605,"{""D"": 1000, ""draw"": 7, ""f"": 7, ""kind"": ""fraction""}",results/archives/PAPERB_B9C_REMAINING_AUTHOR_RUN_050926.zip,PAPERB_B9C_REMAINING_AUTHOR_RUN_050926/raw/exact7/exact7__official33_published__D1000__f7__d7.npz,e7fbaba5a02498267a8889e13e8a49a24981dc47deecf456aba71173e20c3cc2
exact7,exact7__official33_published__D1000__f7__d7,official33_published,4.7,ABS,2495,639.4919358167793,"{""D"": 1000, ""draw"": 7, ""f"": 7, ""kind"": ""fraction""}",results/archives/PAPERB_B9C_REMAINING_AUTHOR_RUN_050926.zip,PAPERB_B9C_REMAINING_AUTHOR_RUN_050926/raw/exact7/exact7__official33_published__D1000__f7__d7.npz,e7fbaba5a02498267a8889e13e8a49a24981dc47deecf456aba71173e20c3cc2
exact7,exact7__official33_published__D1000__f7__d7,official33_published,4.7,DIFF,2495,1613.7528832642943,"{""D"": 1000, ""draw"": 7, ""f"": 7, ""kind"": ""fraction""}",results/archives/PAPERB_B9C_REMAINING_AUTHOR_RUN_050926.zip,PAPERB_B9C_REMAINING_AUTHOR_RUN_050926/raw/exact7/exact7__official33_published__D1000__f7__d7.npz,e7fbaba5a02498267a8889e13e8a49a24981dc47deecf456aba71173e20c3cc2
exact7,exact7__official33_published__D1000__f7__d7,official33_published,4.7,Min-Max,2495,499.67437664510004,"{""D"": 1000, ""draw"": 7, ""f"": 7, ""kind"": ""fraction""}",results/archives/PAPERB_B9C_REMAINING_AUTHOR_RUN_050926.zip,PAPERB_B9C_REMAINING_AUTHOR_RUN_050926/raw/exact7/exact7__official33_published__D1000__f7__d7.npz,e7fbaba5a02498267a8889e13e8a49a24981dc47deecf456aba71173e20c3cc2
exact7,exact7__official33_published__D10000__f7__d0,official33_published,4.7,WCL,2495,584.9769874283049,"{""D"": 10000, ""draw"": 0, ""f"": 7, ""kind"": ""fraction""}",results/archives/PAPERB_B9C_REMAINING_AUTHOR_RUN_050926.zip,PAPERB_B9C_REMAINING_AUTHOR_RUN_050926/raw/exact7/exact7__official33_published__D10000__f7__d0.npz,345920f57db85182da8cf47f30819d3533fc292116d1507b91266b51e6aa1bf9
exact7,exact7__official33_published__D10000__f7__d0,official33_published,4.7,ABS,2495,534.9569268182976,"{""D"": 10000, ""draw"": 0, ""f"": 7, ""kind"": ""fraction""}",results/archives/PAPERB_B9C_REMAINING_AUTHOR_RUN_050926.zip,PAPERB_B9C_REMAINING_AUTHOR_RUN_050926/raw/exact7/exact7__official33_published__D10000__f7__d0.npz,345920f57db85182da8cf47f30819d3533fc292116d1507b91266b51e6aa1bf9
exact7,exact7__official33_published__D10000__f7__d0,official33_published,4.7,DIFF,2495,747.0545339461954,"{""D"": 10000, ""draw"": 0, ""f"": 7, ""kind"": ""fraction""}",results/archives/PAPERB_B9C_REMAINING_AUTHOR_RUN_050926.zip,PAPERB_B9C_REMAINING_AUTHOR_RUN_050926/raw/exact7/exact7__official33_published__D10000__f7__d0.npz,345920f57db85182da8cf47f30819d3533fc292116d1507b91266b51e6aa1bf9
exact7,exact7__official33_published__D10000__f7__d0,official33_published,4.7,Min-Max,2495,520.85051074687,"{""D"": 10000, ""draw"": 0, ""f"": 7, ""kind"": ""fraction""}",results/archives/PAPERB_B9C_REMAINING_AUTHOR_RUN_050926.zip,PAPERB_B9C_REMAINING_AUTHOR_RUN_050926/raw/exact7/exact7__official33_published__D10000__f7__d0.npz,345920f57db85182da8cf47f30819d3533fc292116d1507b91266b51e6aa1bf9
exact7,exact7__official33_published__D10000__f7__d1,official33_published,4.7,WCL,2495,623.6605304806915,"{""D"": 10000, ""draw"": 1, ""f"": 7, ""kind"": ""fraction""}",results/archives/PAPERB_B9C_REMAINING_AUTHOR_RUN_050926.zip,PAPERB_B9C_REMAINING_AUTHOR_RUN_050926/raw/exact7/exact7__official33_published__D10000__f7__d1.npz,7e68fa6240efb404014f4e9db187410fbc54952c646e0cf5e383b058711dbebf
exact7,exact7__official33_published__D10000__f7__d1,official33_published,4.7,ABS,2495,599.0339358378277,"{""D"": 10000, ""draw"": 1, ""f"": 7, ""kind"": ""fraction""}",results/archives/PAPERB_B9C_REMAINING_AUTHOR_RUN_050926.zip,PAPERB_B9C_REMAINING_AUTHOR_RUN_050926/raw/exact7/exact7__official33_published__D10000__f7__d1.npz,7e68fa6240efb404014f4e9db187410fbc54952c646e0cf5e383b058711dbebf
exact7,exact7__official33_published__D10000__f7__d1,official33_published,4.7,DIFF,2495,830.9909058104327,"{""D"": 10000, ""draw"": 1, ""f"": 7, ""kind"": ""fraction""}",results/archives/PAPERB_B9C_REMAINING_AUTHOR_RUN_050926.zip,PAPERB_B9C_REMAINING_AUTHOR_RUN_050926/raw/exact7/exact7__official33_published__D10000__f7__d1.npz,7e68fa6240efb404014f4e9db187410fbc54952c646e0cf5e383b058711dbebf
exact7,exact7__official33_published__D10000__f7__d1,official33_published,4.7,Min-Max,2495,564.5587251497711,"{""D"": 10000, ""draw"": 1, ""f"": 7, ""kind"": ""fraction""}",results/archives/PAPERB_B9C_REMAINING_AUTHOR_RUN_050926.zip,PAPERB_B9C_REMAINING_AUTHOR_RUN_050926/raw/exact7/exact7__official33_published__D10000__f7__d1.npz,7e68fa6240efb404014f4e9db187410fbc54952c646e0cf5e383b058711dbebf
exact7,exact7__official33_published__D10000__f7__d2,official33_published,4.7,WCL,2495,663.8552952920791,"{""D"": 10000, ""draw"": 2, ""f"": 7, ""kind"": ""fraction""}",results/archives/PAPERB_B9C_REMAINING_AUTHOR_RUN_050926.zip,PAPERB_B9C_REMAINING_AUTHOR_RUN_050926/raw/exact7/exact7__official33_published__D10000__f7__d2.npz,0a4c9be0c51f8739440112d19b194f4faab4dea6790fa6f99132fd6e6e99c55f
exact7,exact7__official33_published__D10000__f7__d2,official33_published,4.7,ABS,2495,575.7652132172595,"{""D"": 10000, ""draw"": 2, ""f"": 7, ""kind"": ""fraction""}",results/archives/PAPERB_B9C_REMAINING_AUTHOR_RUN_050926.zip,PAPERB_B9C_REMAINING_AUTHOR_RUN_050926/raw/exact7/exact7__official33_published__D10000__f7__d2.npz,0a4c9be0c51f8739440112d19b194f4faab4dea6790fa6f99132fd6e6e99c55f
exact7,exact7__official33_published__D10000__f7__d2,official33_published,4.7,DIFF,2495,821.8957163151425,"{""D"": 10000, ""draw"": 2, ""f"": 7, ""kind"": ""fraction""}",results/archives/PAPERB_B9C_REMAINING_AUTHOR_RUN_050926.zip,PAPERB_B9C_REMAINING_AUTHOR_RUN_050926/raw/exact7/exact7__official33_published__D10000__f7__d2.npz,0a4c9be0c51f8739440112d19b194f4faab4dea6790fa6f99132fd6e6e99c55f
exact7,exact7__official33_published__D10000__f7__d2,official33_published,4.7,Min-Max,2495,522.6092904472617,"{""D"": 10000, ""draw"": 2, ""f"": 7, ""kind"": ""fraction""}",results/archives/PAPERB_B9C_REMAINING_AUTHOR_RUN_050926.zip,PAPERB_B9C_REMAINING_AUTHOR_RUN_050926/raw/exact7/exact7__official33_published__D10000__f7__d2.npz,0a4c9be0c51f8739440112d19b194f4faab4dea6790fa6f99132fd6e6e99c55f
exact7,exact7__official33_published__D10000__f7__d3,official33_published,4.7,WCL,2495,678.2040484903702,"{""D"": 10000, ""draw"": 3, ""f"": 7, ""kind"": ""fraction""}",results/archives/PAPERB_B9C_REMAINING_AUTHOR_RUN_050926.zip,PAPERB_B9C_REMAINING_AUTHOR_RUN_050926/raw/exact7/exact7__official33_published__D10000__f7__d3.npz,40e4f1178baa56e3aa09bee09cf83daff907aba52f0ea69897e6419628fac67d
exact7,exact7__official33_published__D10000__f7__d3,official33_published,4.7,ABS,2495,644.108629741506,"{""D"": 10000, ""draw"": 3, ""f"": 7, ""kind"": ""fraction""}",results/archives/PAPERB_B9C_REMAINING_AUTHOR_RUN_050926.zip,PAPERB_B9C_REMAINING_AUTHOR_RUN_050926/raw/exact7/exact7__official33_published__D10000__f7__d3.npz,40e4f1178baa56e3aa09bee09cf83daff907aba52f0ea69897e6419628fac67d
exact7,exact7__official33_published__D10000__f7__d3,official33_published,4.7,DIFF,2495,896.503306891108,"{""D"": 10000, ""draw"": 3, ""f"": 7, ""kind"": ""fraction""}",results/archives/PAPERB_B9C_REMAINING_AUTHOR_RUN_050926.zip,PAPERB_B9C_REMAINING_AUTHOR_RUN_050926/raw/exact7/exact7__official33_published__D10000__f7__d3.npz,40e4f1178baa56e3aa09bee09cf83daff907aba52f0ea69897e6419628fac67d
exact7,exact7__official33_published__D10000__f7__d3,official33_published,4.7,Min-Max,2495,703.8669644019701,"{""D"": 10000, ""draw"": 3, ""f"": 7, ""kind"": ""fraction""}",results/archives/PAPERB_B9C_REMAINING_AUTHOR_RUN_050926.zip,PAPERB_B9C_REMAINING_AUTHOR_RUN_050926/raw/exact7/exact7__official33_published__D10000__f7__d3.npz,40e4f1178baa56e3aa09bee09cf83daff907aba52f0ea69897e6419628fac67d
exact7,exact7__official33_published__D10000__f7__d4,official33_published,4.7,WCL,2495,761.52469660202,"{""D"": 10000, ""draw"": 4, ""f"": 7, ""kind"": ""fraction""}",results/archives/PAPERB_B9C_REMAINING_AUTHOR_RUN_050926.zip,PAPERB_B9C_REMAINING_AUTHOR_RUN_050926/raw/exact7/exact7__official33_published__D10000__f7__d4.npz,13b7a2548d879876971f7d8f072ccaa27a58b3ee7536ee10e6fdd7e60eeaad9b
exact7,exact7__official33_published__D10000__f7__d4,official33_published,4.7,ABS,2495,558.0160601789886,"{""D"": 10000, ""draw"": 4, ""f"": 7, ""kind"": ""fraction""}",results/archives/PAPERB_B9C_REMAINING_AUTHOR_RUN_050926.zip,PAPERB_B9C_REMAINING_AUTHOR_RUN_050926/raw/exact7/exact7__official33_published__D10000__f7__d4.npz,13b7a2548d879876971f7d8f072ccaa27a58b3ee7536ee10e6fdd7e60eeaad9b
exact7,exact7__official33_published__D10000__f7__d4,official33_published,4.7,DIFF,2495,748.9287663467783,"{""D"": 10000, ""draw"": 4, ""f"": 7, ""kind"": ""fraction""}",results/archives/PAPERB_B9C_REMAINING_AUTHOR_RUN_050926.zip,PAPERB_B9C_REMAINING_AUTHOR_RUN_050926/raw/exact7/exact7__official33_published__D10000__f7__d4.npz,13b7a2548d879876971f7d8f072ccaa27a58b3ee7536ee10e6fdd7e60eeaad9b
exact7,exact7__official33_published__D10000__f7__d4,official33_published,4.7,Min-Max,2495,637.4629062991106,"{""D"": 10000, ""draw"": 4, ""f"": 7, ""kind"": ""fraction""}",results/archives/PAPERB_B9C_REMAINING_AUTHOR_RUN_050926.zip,PAPERB_B9C_REMAINING_AUTHOR_RUN_050926/raw/exact7/exact7__official33_published__D10000__f7__d4.npz,13b7a2548d879876971f7d8f072ccaa27a58b3ee7536ee10e6fdd7e60eeaad9b
exact7,exact7__official33_published__D10000__f7__d5,official33_published,4.7,WCL,2495,660.0473483619244,"{""D"": 10000, ""draw"": 5, ""f"": 7, ""kind"": ""fraction""}",results/archives/PAPERB_B9C_REMAINING_AUTHOR_RUN_050926.zip,PAPERB_B9C_REMAINING_AUTHOR_RUN_050926/raw/exact7/exact7__official33_published__D10000__f7__d5.npz,88c417b781b3e25481949f0664280fce84ac5c3eba35db76e3cc0ada43e93360
exact7,exact7__official33_published__D10000__f7__d5,official33_published,4.7,ABS,2495,593.2561002036035,"{""D"": 10000, ""draw"": 5, ""f"": 7, ""kind"": ""fraction""}",results/archives/PAPERB_B9C_REMAINING_AUTHOR_RUN_050926.zip,PAPERB_B9C_REMAINING_AUTHOR_RUN_050926/raw/exact7/exact7__official33_published__D10000__f7__d5.npz,88c417b781b3e25481949f0664280fce84ac5c3eba35db76e3cc0ada43e93360
exact7,exact7__official33_published__D10000__f7__d5,official33_published,4.7,DIFF,2495,784.9939281962954,"{""D"": 10000, ""draw"": 5, ""f"": 7, ""kind"": ""fraction""}",results/archives/PAPERB_B9C_REMAINING_AUTHOR_RUN_050926.zip,PAPERB_B9C_REMAINING_AUTHOR_RUN_050926/raw/exact7/exact7__official33_published__D10000__f7__d5.npz,88c417b781b3e25481949f0664280fce84ac5c3eba35db76e3cc0ada43e93360
exact7,exact7__official33_published__D10000__f7__d5,official33_published,4.7,Min-Max,2495,586.6802823959299,"{""D"": 10000, ""draw"": 5, ""f"": 7, ""kind"": ""fraction""}",results/archives/PAPERB_B9C_REMAINING_AUTHOR_RUN_050926.zip,PAPERB_B9C_REMAINING_AUTHOR_RUN_050926/raw/exact7/exact7__official33_published__D10000__f7__d5.npz,88c417b781b3e25481949f0664280fce84ac5c3eba35db76e3cc0ada43e93360
exact7,exact7__official33_published__D10000__f7__d6,official33_published,4.7,WCL,2495,753.4284893509906,"{""D"": 10000, ""draw"": 6, ""f"": 7, ""kind"": ""fraction""}",results/archives/PAPERB_B9C_REMAINING_AUTHOR_RUN_050926.zip,PAPERB_B9C_REMAINING_AUTHOR_RUN_050926/raw/exact7/exact7__official33_published__D10000__f7__d6.npz,48faec8339aba0eafe92ec2a8ba95aa2d51e8288805555988ca75552a153cfa5
exact7,exact7__official33_published__D10000__f7__d6,official33_published,4.7,ABS,2495,569.9007873884757,"{""D"": 10000, ""draw"": 6, ""f"": 7, ""kind"": ""fraction""}",results/archives/PAPERB_B9C_REMAINING_AUTHOR_RUN_050926.zip,PAPERB_B9C_REMAINING_AUTHOR_RUN_050926/raw/exact7/exact7__official33_published__D10000__f7__d6.npz,48faec8339aba0eafe92ec2a8ba95aa2d51e8288805555988ca75552a153cfa5
exact7,exact7__official33_published__D10000__f7__d6,official33_published,4.7,DIFF,2495,804.944970830637,"{""D"": 10000, ""draw"": 6, ""f"": 7, ""kind"": ""fraction""}",results/archives/PAPERB_B9C_REMAINING_AUTHOR_RUN_050926.zip,PAPERB_B9C_REMAINING_AUTHOR_RUN_050926/raw/exact7/exact7__official33_published__D10000__f7__d6.npz,48faec8339aba0eafe92ec2a8ba95aa2d51e8288805555988ca75552a153cfa5
exact7,exact7__official33_published__D10000__f7__d6,official33_published,4.7,Min-Max,2495,572.0698755098462,"{""D"": 10000, ""draw"": 6, ""f"": 7, ""kind"": ""fraction""}",results/archives/PAPERB_B9C_REMAINING_AUTHOR_RUN_050926.zip,PAPERB_B9C_REMAINING_AUTHOR_RUN_050926/raw/exact7/exact7__official33_published__D10000__f7__d6.npz,48faec8339aba0eafe92ec2a8ba95aa2d51e8288805555988ca75552a153cfa5
exact7,exact7__official33_published__D10000__f7__d7,official33_published,4.7,WCL,2495,762.5709344086763,"{""D"": 10000, ""draw"": 7, ""f"": 7, ""kind"": ""fraction""}",results/archives/PAPERB_B9C_REMAINING_AUTHOR_RUN_050926.zip,PAPERB_B9C_REMAINING_AUTHOR_RUN_050926/raw/exact7/exact7__official33_published__D10000__f7__d7.npz,cb8502f3398afc52b3ae40bfc34385923ea19551b885bb9a4f06a2194739b914
exact7,exact7__official33_published__D10000__f7__d7,official33_published,4.7,ABS,2495,641.4506231520044,"{""D"": 10000, ""draw"": 7, ""f"": 7, ""kind"": ""fraction""}",results/archives/PAPERB_B9C_REMAINING_AUTHOR_RUN_050926.zip,PAPERB_B9C_REMAINING_AUTHOR_RUN_050926/raw/exact7/exact7__official33_published__D10000__f7__d7.npz,cb8502f3398afc52b3ae40bfc34385923ea19551b885bb9a4f06a2194739b914
exact7,exact7__official33_published__D10000__f7__d7,official33_published,4.7,DIFF,2495,950.086388490125,"{""D"": 10000, ""draw"": 7, ""f"": 7, ""kind"": ""fraction""}",results/archives/PAPERB_B9C_REMAINING_AUTHOR_RUN_050926.zip,PAPERB_B9C_REMAINING_AUTHOR_RUN_050926/raw/exact7/exact7__official33_published__D10000__f7__d7.npz,cb8502f3398afc52b3ae40bfc34385923ea19551b885bb9a4f06a2194739b914
exact7,exact7__official33_published__D10000__f7__d7,official33_published,4.7,Min-Max,2495,826.9043331787013,"{""D"": 10000, ""draw"": 7, ""f"": 7, ""kind"": ""fraction""}",results/archives/PAPERB_B9C_REMAINING_AUTHOR_RUN_050926.zip,PAPERB_B9C_REMAINING_AUTHOR_RUN_050926/raw/exact7/exact7__official33_published__D10000__f7__d7.npz,cb8502f3398afc52b3ae40bfc34385923ea19551b885bb9a4f06a2194739b914
exact7,exact7__official33_repaired71__reference,official33_repaired71,4.7,WCL,2495,579.9529674978758,"{""kind"": ""reference""}",results/archives/PAPERB_B9C_REMAINING_AUTHOR_RUN_050926.zip,PAPERB_B9C_REMAINING_AUTHOR_RUN_050926/raw/exact7/exact7__official33_repaired71__reference.npz,5623d89e52276ec361091a4bcf0673e8f32df515635138418d8b7bae87a14d25
exact7,exact7__official33_repaired71__reference,official33_repaired71,4.7,ABS,2495,527.516800684027,"{""kind"": ""reference""}",results/archives/PAPERB_B9C_REMAINING_AUTHOR_RUN_050926.zip,PAPERB_B9C_REMAINING_AUTHOR_RUN_050926/raw/exact7/exact7__official33_repaired71__reference.npz,5623d89e52276ec361091a4bcf0673e8f32df515635138418d8b7bae87a14d25
exact7,exact7__official33_repaired71__reference,official33_repaired71,4.7,DIFF,2495,1012.5701806878126,"{""kind"": ""reference""}",results/archives/PAPERB_B9C_REMAINING_AUTHOR_RUN_050926.zip,PAPERB_B9C_REMAINING_AUTHOR_RUN_050926/raw/exact7/exact7__official33_repaired71__reference.npz,5623d89e52276ec361091a4bcf0673e8f32df515635138418d8b7bae87a14d25
exact7,exact7__official33_repaired71__reference,official33_repaired71,4.7,Min-Max,2495,465.808146845612,"{""kind"": ""reference""}",results/archives/PAPERB_B9C_REMAINING_AUTHOR_RUN_050926.zip,PAPERB_B9C_REMAINING_AUTHOR_RUN_050926/raw/exact7/exact7__official33_repaired71__reference.npz,5623d89e52276ec361091a4bcf0673e8f32df515635138418d8b7bae87a14d25
exact7,exact7__official33_repaired71__D1000__f7__d0,official33_repaired71,4.7,WCL,2495,529.0431214514989,"{""D"": 1000, ""draw"": 0, ""f"": 7, ""kind"": ""fraction""}",results/archives/PAPERB_B9C_REMAINING_AUTHOR_RUN_050926.zip,PAPERB_B9C_REMAINING_AUTHOR_RUN_050926/raw/exact7/exact7__official33_repaired71__D1000__f7__d0.npz,92797cf1a4f53128f987f439a4a5c4b199a17063867c66c7a5f39d87e72011a2
exact7,exact7__official33_repaired71__D1000__f7__d0,official33_repaired71,4.7,ABS,2495,523.6623896427274,"{""D"": 1000, ""draw"": 0, ""f"": 7, ""kind"": ""fraction""}",results/archives/PAPERB_B9C_REMAINING_AUTHOR_RUN_050926.zip,PAPERB_B9C_REMAINING_AUTHOR_RUN_050926/raw/exact7/exact7__official33_repaired71__D1000__f7__d0.npz,92797cf1a4f53128f987f439a4a5c4b199a17063867c66c7a5f39d87e72011a2
exact7,exact7__official33_repaired71__D1000__f7__d0,official33_repaired71,4.7,DIFF,2495,1105.5078169040996,"{""D"": 1000, ""draw"": 0, ""f"": 7, ""kind"": ""fraction""}",results/archives/PAPERB_B9C_REMAINING_AUTHOR_RUN_050926.zip,PAPERB_B9C_REMAINING_AUTHOR_RUN_050926/raw/exact7/exact7__official33_repaired71__D1000__f7__d0.npz,92797cf1a4f53128f987f439a4a5c4b199a17063867c66c7a5f39d87e72011a2
exact7,exact7__official33_repaired71__D1000__f7__d0,official33_repaired71,4.7,Min-Max,2495,456.2637075355484,"{""D"": 1000, ""draw"": 0, ""f"": 7, ""kind"": ""fraction""}",results/archives/PAPERB_B9C_REMAINING_AUTHOR_RUN_050926.zip,PAPERB_B9C_REMAINING_AUTHOR_RUN_050926/raw/exact7/exact7__official33_repaired71__D1000__f7__d0.npz,92797cf1a4f53128f987f439a4a5c4b199a17063867c66c7a5f39d87e72011a2
exact7,exact7__official33_repaired71__D1000__f7__d1,official33_repaired71,4.7,WCL,2495,585.4557586561623,"{""D"": 1000, ""draw"": 1, ""f"": 7, ""kind"": ""fraction""}",results/archives/PAPERB_B9C_REMAINING_AUTHOR_RUN_050926.zip,PAPERB_B9C_REMAINING_AUTHOR_RUN_050926/raw/exact7/exact7__official33_repaired71__D1000__f7__d1.npz,890299f0bf07ec1553c3da336b2013dd2d26020ce049a03250d850d183ae4628
exact7,exact7__official33_repaired71__D1000__f7__d1,official33_repaired71,4.7,ABS,2495,544.1018589488452,"{""D"": 1000, ""draw"": 1, ""f"": 7, ""kind"": ""fraction""}",results/archives/PAPERB_B9C_REMAINING_AUTHOR_RUN_050926.zip,PAPERB_B9C_REMAINING_AUTHOR_RUN_050926/raw/exact7/exact7__official33_repaired71__D1000__f7__d1.npz,890299f0bf07ec1553c3da336b2013dd2d26020ce049a03250d850d183ae4628
exact7,exact7__official33_repaired71__D1000__f7__d1,official33_repaired71,4.7,DIFF,2495,1007.0861461980845,"{""D"": 1000, ""draw"": 1, ""f"": 7, ""kind"": ""fraction""}",results/archives/PAPERB_B9C_REMAINING_AUTHOR_RUN_050926.zip,PAPERB_B9C_REMAINING_AUTHOR_RUN_050926/raw/exact7/exact7__official33_repaired71__D1000__f7__d1.npz,890299f0bf07ec1553c3da336b2013dd2d26020ce049a03250d850d183ae4628
exact7,exact7__official33_repaired71__D1000__f7__d1,official33_repaired71,4.7,Min-Max,2495,473.6556471358353,"{""D"": 1000, ""draw"": 1, ""f"": 7, ""kind"": ""fraction""}",results/archives/PAPERB_B9C_REMAINING_AUTHOR_RUN_050926.zip,PAPERB_B9C_REMAINING_AUTHOR_RUN_050926/raw/exact7/exact7__official33_repaired71__D1000__f7__d1.npz,890299f0bf07ec1553c3da336b2013dd2d26020ce049a03250d850d183ae4628
exact7,exact7__official33_repaired71__D1000__f7__d2,official33_repaired71,4.7,WCL,2495,614.8258885109633,"{""D"": 1000, ""draw"": 2, ""f"": 7, ""kind"": ""fraction""}",results/archives/PAPERB_B9C_REMAINING_AUTHOR_RUN_050926.zip,PAPERB_B9C_REMAINING_AUTHOR_RUN_050926/raw/exact7/exact7__official33_repaired71__D1000__f7__d2.npz,4e83828565bafbbdc22b4e2b123ada366b5c359cec67cc6e5b8030a66e9984c2
exact7,exact7__official33_repaired71__D1000__f7__d2,official33_repaired71,4.7,ABS,2495,531.5404580192735,"{""D"": 1000, ""draw"": 2, ""f"": 7, ""kind"": ""fraction""}",results/archives/PAPERB_B9C_REMAINING_AUTHOR_RUN_050926.zip,PAPERB_B9C_REMAINING_AUTHOR_RUN_050926/raw/exact7/exact7__official33_repaired71__D1000__f7__d2.npz,4e83828565bafbbdc22b4e2b123ada366b5c359cec67cc6e5b8030a66e9984c2
exact7,exact7__official33_repaired71__D1000__f7__d2,official33_repaired71,4.7,DIFF,2495,1068.2665466555052,"{""D"": 1000, ""draw"": 2, ""f"": 7, ""kind"": ""fraction""}",results/archives/PAPERB_B9C_REMAINING_AUTHOR_RUN_050926.zip,PAPERB_B9C_REMAINING_AUTHOR_RUN_050926/raw/exact7/exact7__official33_repaired71__D1000__f7__d2.npz,4e83828565bafbbdc22b4e2b123ada366b5c359cec67cc6e5b8030a66e9984c2
exact7,exact7__official33_repaired71__D1000__f7__d2,official33_repaired71,4.7,Min-Max,2495,491.89296846150626,"{""D"": 1000, ""draw"": 2, ""f"": 7, ""kind"": ""fraction""}",results/archives/PAPERB_B9C_REMAINING_AUTHOR_RUN_050926.zip,PAPERB_B9C_REMAINING_AUTHOR_RUN_050926/raw/exact7/exact7__official33_repaired71__D1000__f7__d2.npz,4e83828565bafbbdc22b4e2b123ada366b5c359cec67cc6e5b8030a66e9984c2
exact7,exact7__official33_repaired71__D1000__f7__d3,official33_repaired71,4.7,WCL,2495,606.6535343955513,"{""D"": 1000, ""draw"": 3, ""f"": 7, ""kind"": ""fraction""}",results/archives/PAPERB_B9C_REMAINING_AUTHOR_RUN_050926.zip,PAPERB_B9C_REMAINING_AUTHOR_RUN_050926/raw/exact7/exact7__official33_repaired71__D1000__f7__d3.npz,43569cea0db805340b26c6cb7b078402eb574e4336c40c30e71c3c208fe1a15c
exact7,exact7__official33_repaired71__D1000__f7__d3,official33_repaired71,4.7,ABS,2495,525.1426523407014,"{""D"": 1000, ""draw"": 3, ""f"": 7, ""kind"": ""fraction""}",results/archives/PAPERB_B9C_REMAINING_AUTHOR_RUN_050926.zip,PAPERB_B9C_REMAINING_AUTHOR_RUN_050926/raw/exact7/exact7__official33_repaired71__D1000__f7__d3.npz,43569cea0db805340b26c6cb7b078402eb574e4336c40c30e71c3c208fe1a15c
exact7,exact7__official33_repaired71__D1000__f7__d3,official33_repaired71,4.7,DIFF,2495,1247.1823539539612,"{""D"": 1000, ""draw"": 3, ""f"": 7, ""kind"": ""fraction""}",results/archives/PAPERB_B9C_REMAINING_AUTHOR_RUN_050926.zip,PAPERB_B9C_REMAINING_AUTHOR_RUN_050926/raw/exact7/exact7__official33_repaired71__D1000__f7__d3.npz,43569cea0db805340b26c6cb7b078402eb574e4336c40c30e71c3c208fe1a15c
exact7,exact7__official33_repaired71__D1000__f7__d3,official33_repaired71,4.7,Min-Max,2495,521.5549966500012,"{""D"": 1000, ""draw"": 3, ""f"": 7, ""kind"": ""fraction""}",results/archives/PAPERB_B9C_REMAINING_AUTHOR_RUN_050926.zip,PAPERB_B9C_REMAINING_AUTHOR_RUN_050926/raw/exact7/exact7__official33_repaired71__D1000__f7__d3.npz,43569cea0db805340b26c6cb7b078402eb574e4336c40c30e71c3c208fe1a15c
exact7,exact7__official33_repaired71__D1000__f7__d4,official33_repaired71,4.7,WCL,2495,747.6021165199284,"{""D"": 1000, ""draw"": 4, ""f"": 7, ""kind"": ""fraction""}",results/archives/PAPERB_B9C_REMAINING_AUTHOR_RUN_050926.zip,PAPERB_B9C_REMAINING_AUTHOR_RUN_050926/raw/exact7/exact7__official33_repaired71__D1000__f7__d4.npz,09143b7add3fdfd9cf2d29b1f38ff91f46d98fcd0d3b58adedeb45b5248a5024
exact7,exact7__official33_repaired71__D1000__f7__d4,official33_repaired71,4.7,ABS,2495,591.1396330781921,"{""D"": 1000, ""draw"": 4, ""f"": 7, ""kind"": ""fraction""}",results/archives/PAPERB_B9C_REMAINING_AUTHOR_RUN_050926.zip,PAPERB_B9C_REMAINING_AUTHOR_RUN_050926/raw/exact7/exact7__official33_repaired71__D1000__f7__d4.npz,09143b7add3fdfd9cf2d29b1f38ff91f46d98fcd0d3b58adedeb45b5248a5024
exact7,exact7__official33_repaired71__D1000__f7__d4,official33_repaired71,4.7,DIFF,2495,1054.3014468405295,"{""D"": 1000, ""draw"": 4, ""f"": 7, ""kind"": ""fraction""}",results/archives/PAPERB_B9C_REMAINING_AUTHOR_RUN_050926.zip,PAPERB_B9C_REMAINING_AUTHOR_RUN_050926/raw/exact7/exact7__official33_repaired71__D1000__f7__d4.npz,09143b7add3fdfd9cf2d29b1f38ff91f46d98fcd0d3b58adedeb45b5248a5024
exact7,exact7__official33_repaired71__D1000__f7__d4,official33_repaired71,4.7,Min-Max,2495,545.9344812010388,"{""D"": 1000, ""draw"": 4, ""f"": 7, ""kind"": ""fraction""}",results/archives/PAPERB_B9C_REMAINING_AUTHOR_RUN_050926.zip,PAPERB_B9C_REMAINING_AUTHOR_RUN_050926/raw/exact7/exact7__official33_repaired71__D1000__f7__d4.npz,09143b7add3fdfd9cf2d29b1f38ff91f46d98fcd0d3b58adedeb45b5248a5024
exact7,exact7__official33_repaired71__D1000__f7__d5,official33_repaired71,4.7,WCL,2495,632.8314679238658,"{""D"": 1000, ""draw"": 5, ""f"": 7, ""kind"": ""fraction""}",results/archives/PAPERB_B9C_REMAINING_AUTHOR_RUN_050926.zip,PAPERB_B9C_REMAINING_AUTHOR_RUN_050926/raw/exact7/exact7__official33_repaired71__D1000__f7__d5.npz,58169442b21aea941a88696c52c811e8f44ab639f7758e810b1cf8885ffc3e36
exact7,exact7__official33_repaired71__D1000__f7__d5,official33_repaired71,4.7,ABS,2495,546.319303729074,"{""D"": 1000, ""draw"": 5, ""f"": 7, ""kind"": ""fraction""}",results/archives/PAPERB_B9C_REMAINING_AUTHOR_RUN_050926.zip,PAPERB_B9C_REMAINING_AUTHOR_RUN_050926/raw/exact7/exact7__official33_repaired71__D1000__f7__d5.npz,58169442b21aea941a88696c52c811e8f44ab639f7758e810b1cf8885ffc3e36
exact7,exact7__official33_repaired71__D1000__f7__d5,official33_repaired71,4.7,DIFF,2495,1121.156962857141,"{""D"": 1000, ""draw"": 5, ""f"": 7, ""kind"": ""fraction""}",results/archives/PAPERB_B9C_REMAINING_AUTHOR_RUN_050926.zip,PAPERB_B9C_REMAINING_AUTHOR_RUN_050926/raw/exact7/exact7__official33_repaired71__D1000__f7__d5.npz,58169442b21aea941a88696c52c811e8f44ab639f7758e810b1cf8885ffc3e36
exact7,exact7__official33_repaired71__D1000__f7__d5,official33_repaired71,4.7,Min-Max,2495,475.10863039080334,"{""D"": 1000, ""draw"": 5, ""f"": 7, ""kind"": ""fraction""}",results/archives/PAPERB_B9C_REMAINING_AUTHOR_RUN_050926.zip,PAPERB_B9C_REMAINING_AUTHOR_RUN_050926/raw/exact7/exact7__official33_repaired71__D1000__f7__d5.npz,58169442b21aea941a88696c52c811e8f44ab639f7758e810b1cf8885ffc3e36
exact7,exact7__official33_repaired71__D1000__f7__d6,official33_repaired71,4.7,WCL,2495,671.4514981911359,"{""D"": 1000, ""draw"": 6, ""f"": 7, ""kind"": ""fraction""}",results/archives/PAPERB_B9C_REMAINING_AUTHOR_RUN_050926.zip,PAPERB_B9C_REMAINING_AUTHOR_RUN_050926/raw/exact7/exact7__official33_repaired71__D1000__f7__d6.npz,7560fc3c10a2f7f811e25db68d0d5eae7a43c7079bf7689197676bb22361d3ec
exact7,exact7__official33_repaired71__D1000__f7__d6,official33_repaired71,4.7,ABS,2495,543.0031453887502,"{""D"": 1000, ""draw"": 6, ""f"": 7, ""kind"": ""fraction""}",results/archives/PAPERB_B9C_REMAINING_AUTHOR_RUN_050926.zip,PAPERB_B9C_REMAINING_AUTHOR_RUN_050926/raw/exact7/exact7__official33_repaired71__D1000__f7__d6.npz,7560fc3c10a2f7f811e25db68d0d5eae7a43c7079bf7689197676bb22361d3ec
exact7,exact7__official33_repaired71__D1000__f7__d6,official33_repaired71,4.7,DIFF,2495,1178.5935072614586,"{""D"": 1000, ""draw"": 6, ""f"": 7, ""kind"": ""fraction""}",results/archives/PAPERB_B9C_REMAINING_AUTHOR_RUN_050926.zip,PAPERB_B9C_REMAINING_AUTHOR_RUN_050926/raw/exact7/exact7__official33_repaired71__D1000__f7__d6.npz,7560fc3c10a2f7f811e25db68d0d5eae7a43c7079bf7689197676bb22361d3ec
exact7,exact7__official33_repaired71__D1000__f7__d6,official33_repaired71,4.7,Min-Max,2495,509.82813893184937,"{""D"": 1000, ""draw"": 6, ""f"": 7, ""kind"": ""fraction""}",results/archives/PAPERB_B9C_REMAINING_AUTHOR_RUN_050926.zip,PAPERB_B9C_REMAINING_AUTHOR_RUN_050926/raw/exact7/exact7__official33_repaired71__D1000__f7__d6.npz,7560fc3c10a2f7f811e25db68d0d5eae7a43c7079bf7689197676bb22361d3ec
exact7,exact7__official33_repaired71__D1000__f7__d7,official33_repaired71,4.7,WCL,2495,649.8436532477948,"{""D"": 1000, ""draw"": 7, ""f"": 7, ""kind"": ""fraction""}",results/archives/PAPERB_B9C_REMAINING_AUTHOR_RUN_050926.zip,PAPERB_B9C_REMAINING_AUTHOR_RUN_050926/raw/exact7/exact7__official33_repaired71__D1000__f7__d7.npz,4106b297f6ba6c35b333bc6503f450621340ce463372ed55157f265d493459d7
exact7,exact7__official33_repaired71__D1000__f7__d7,official33_repaired71,4.7,ABS,2495,638.3363846403312,"{""D"": 1000, ""draw"": 7, ""f"": 7, ""kind"": ""fraction""}",results/archives/PAPERB_B9C_REMAINING_AUTHOR_RUN_050926.zip,PAPERB_B9C_REMAINING_AUTHOR_RUN_050926/raw/exact7/exact7__official33_repaired71__D1000__f7__d7.npz,4106b297f6ba6c35b333bc6503f450621340ce463372ed55157f265d493459d7
exact7,exact7__official33_repaired71__D1000__f7__d7,official33_repaired71,4.7,DIFF,2495,1607.0934296203698,"{""D"": 1000, ""draw"": 7, ""f"": 7, ""kind"": ""fraction""}",results/archives/PAPERB_B9C_REMAINING_AUTHOR_RUN_050926.zip,PAPERB_B9C_REMAINING_AUTHOR_RUN_050926/raw/exact7/exact7__official33_repaired71__D1000__f7__d7.npz,4106b297f6ba6c35b333bc6503f450621340ce463372ed55157f265d493459d7
exact7,exact7__official33_repaired71__D1000__f7__d7,official33_repaired71,4.7,Min-Max,2495,499.374391746794,"{""D"": 1000, ""draw"": 7, ""f"": 7, ""kind"": ""fraction""}",results/archives/PAPERB_B9C_REMAINING_AUTHOR_RUN_050926.zip,PAPERB_B9C_REMAINING_AUTHOR_RUN_050926/raw/exact7/exact7__official33_repaired71__D1000__f7__d7.npz,4106b297f6ba6c35b333bc6503f450621340ce463372ed55157f265d493459d7
exact7,exact7__official33_repaired71__D10000__f7__d0,official33_repaired71,4.7,WCL,2495,582.2491358895891,"{""D"": 10000, ""draw"": 0, ""f"": 7, ""kind"": ""fraction""}",results/archives/PAPERB_B9C_REMAINING_AUTHOR_RUN_050926.zip,PAPERB_B9C_REMAINING_AUTHOR_RUN_050926/raw/exact7/exact7__official33_repaired71__D10000__f7__d0.npz,3bc0d9db24f82a6f649d573d1f51e5d9871d1d13064d893dabfe81f692cabc4a
exact7,exact7__official33_repaired71__D10000__f7__d0,official33_repaired71,4.7,ABS,2495,532.5873914836142,"{""D"": 10000, ""draw"": 0, ""f"": 7, ""kind"": ""fraction""}",results/archives/PAPERB_B9C_REMAINING_AUTHOR_RUN_050926.zip,PAPERB_B9C_REMAINING_AUTHOR_RUN_050926/raw/exact7/exact7__official33_repaired71__D10000__f7__d0.npz,3bc0d9db24f82a6f649d573d1f51e5d9871d1d13064d893dabfe81f692cabc4a
exact7,exact7__official33_repaired71__D10000__f7__d0,official33_repaired71,4.7,DIFF,2495,746.7338780627789,"{""D"": 10000, ""draw"": 0, ""f"": 7, ""kind"": ""fraction""}",results/archives/PAPERB_B9C_REMAINING_AUTHOR_RUN_050926.zip,PAPERB_B9C_REMAINING_AUTHOR_RUN_050926/raw/exact7/exact7__official33_repaired71__D10000__f7__d0.npz,3bc0d9db24f82a6f649d573d1f51e5d9871d1d13064d893dabfe81f692cabc4a
exact7,exact7__official33_repaired71__D10000__f7__d0,official33_repaired71,4.7,Min-Max,2495,519.2717841158191,"{""D"": 10000, ""draw"": 0, ""f"": 7, ""kind"": ""fraction""}",results/archives/PAPERB_B9C_REMAINING_AUTHOR_RUN_050926.zip,PAPERB_B9C_REMAINING_AUTHOR_RUN_050926/raw/exact7/exact7__official33_repaired71__D10000__f7__d0.npz,3bc0d9db24f82a6f649d573d1f51e5d9871d1d13064d893dabfe81f692cabc4a
exact7,exact7__official33_repaired71__D10000__f7__d1,official33_repaired71,4.7,WCL,2495,619.3819767746979,"{""D"": 10000, ""draw"": 1, ""f"": 7, ""kind"": ""fraction""}",results/archives/PAPERB_B9C_REMAINING_AUTHOR_RUN_050926.zip,PAPERB_B9C_REMAINING_AUTHOR_RUN_050926/raw/exact7/exact7__official33_repaired71__D10000__f7__d1.npz,13c2398edadbceaca44b758545847502457d77797f726be0382fd21e1fbbbc4b
exact7,exact7__official33_repaired71__D10000__f7__d1,official33_repaired71,4.7,ABS,2495,597.5982326712069,"{""D"": 10000, ""draw"": 1, ""f"": 7, ""kind"": ""fraction""}",results/archives/PAPERB_B9C_REMAINING_AUTHOR_RUN_050926.zip,PAPERB_B9C_REMAINING_AUTHOR_RUN_050926/raw/exact7/exact7__official33_repaired71__D10000__f7__d1.npz,13c2398edadbceaca44b758545847502457d77797f726be0382fd21e1fbbbc4b
exact7,exact7__official33_repaired71__D10000__f7__d1,official33_repaired71,4.7,DIFF,2495,829.5263975147442,"{""D"": 10000, ""draw"": 1, ""f"": 7, ""kind"": ""fraction""}",results/archives/PAPERB_B9C_REMAINING_AUTHOR_RUN_050926.zip,PAPERB_B9C_REMAINING_AUTHOR_RUN_050926/raw/exact7/exact7__official33_repaired71__D10000__f7__d1.npz,13c2398edadbceaca44b758545847502457d77797f726be0382fd21e1fbbbc4b
exact7,exact7__official33_repaired71__D10000__f7__d1,official33_repaired71,4.7,Min-Max,2495,563.8672299037978,"{""D"": 10000, ""draw"": 1, ""f"": 7, ""kind"": ""fraction""}",results/archives/PAPERB_B9C_REMAINING_AUTHOR_RUN_050926.zip,PAPERB_B9C_REMAINING_AUTHOR_RUN_050926/raw/exact7/exact7__official33_repaired71__D10000__f7__d1.npz,13c2398edadbceaca44b758545847502457d77797f726be0382fd21e1fbbbc4b
exact7,exact7__official33_repaired71__D10000__f7__d2,official33_repaired71,4.7,WCL,2495,663.8552952920791,"{""D"": 10000, ""draw"": 2, ""f"": 7, ""kind"": ""fraction""}",results/archives/PAPERB_B9C_REMAINING_AUTHOR_RUN_050926.zip,PAPERB_B9C_REMAINING_AUTHOR_RUN_050926/raw/exact7/exact7__official33_repaired71__D10000__f7__d2.npz,497b27acccb8422c3ee5a17e0292ff8e01db0258e6cdcd869fd2777eb1b368fe
exact7,exact7__official33_repaired71__D10000__f7__d2,official33_repaired71,4.7,ABS,2495,573.9117113622325,"{""D"": 10000, ""draw"": 2, ""f"": 7, ""kind"": ""fraction""}",results/archives/PAPERB_B9C_REMAINING_AUTHOR_RUN_050926.zip,PAPERB_B9C_REMAINING_AUTHOR_RUN_050926/raw/exact7/exact7__official33_repaired71__D10000__f7__d2.npz,497b27acccb8422c3ee5a17e0292ff8e01db0258e6cdcd869fd2777eb1b368fe
exact7,exact7__official33_repaired71__D10000__f7__d2,official33_repaired71,4.7,DIFF,2495,822.8909994963724,"{""D"": 10000, ""draw"": 2, ""f"": 7, ""kind"": ""fraction""}",results/archives/PAPERB_B9C_REMAINING_AUTHOR_RUN_050926.zip,PAPERB_B9C_REMAINING_AUTHOR_RUN_050926/raw/exact7/exact7__official33_repaired71__D10000__f7__d2.npz,497b27acccb8422c3ee5a17e0292ff8e01db0258e6cdcd869fd2777eb1b368fe
exact7,exact7__official33_repaired71__D10000__f7__d2,official33_repaired71,4.7,Min-Max,2495,521.9890954530545,"{""D"": 10000, ""draw"": 2, ""f"": 7, ""kind"": ""fraction""}",results/archives/PAPERB_B9C_REMAINING_AUTHOR_RUN_050926.zip,PAPERB_B9C_REMAINING_AUTHOR_RUN_050926/raw/exact7/exact7__official33_repaired71__D10000__f7__d2.npz,497b27acccb8422c3ee5a17e0292ff8e01db0258e6cdcd869fd2777eb1b368fe
exact7,exact7__official33_repaired71__D10000__f7__d3,official33_repaired71,4.7,WCL,2495,673.7987273826162,"{""D"": 10000, ""draw"": 3, ""f"": 7, ""kind"": ""fraction""}",results/archives/PAPERB_B9C_REMAINING_AUTHOR_RUN_050926.zip,PAPERB_B9C_REMAINING_AUTHOR_RUN_050926/raw/exact7/exact7__official33_repaired71__D10000__f7__d3.npz,eb75e12f3aaa819e09ebfdf9c437dac6910eed386779bccc724b7d4eaf9c4303
exact7,exact7__official33_repaired71__D10000__f7__d3,official33_repaired71,4.7,ABS,2495,643.490040177913,"{""D"": 10000, ""draw"": 3, ""f"": 7, ""kind"": ""fraction""}",results/archives/PAPERB_B9C_REMAINING_AUTHOR_RUN_050926.zip,PAPERB_B9C_REMAINING_AUTHOR_RUN_050926/raw/exact7/exact7__official33_repaired71__D10000__f7__d3.npz,eb75e12f3aaa819e09ebfdf9c437dac6910eed386779bccc724b7d4eaf9c4303
exact7,exact7__official33_repaired71__D10000__f7__d3,official33_repaired71,4.7,DIFF,2495,895.8167665788358,"{""D"": 10000, ""draw"": 3, ""f"": 7, ""kind"": ""fraction""}",results/archives/PAPERB_B9C_REMAINING_AUTHOR_RUN_050926.zip,PAPERB_B9C_REMAINING_AUTHOR_RUN_050926/raw/exact7/exact7__official33_repaired71__D10000__f7__d3.npz,eb75e12f3aaa819e09ebfdf9c437dac6910eed386779bccc724b7d4eaf9c4303
exact7,exact7__official33_repaired71__D10000__f7__d3,official33_repaired71,4.7,Min-Max,2495,703.456977758066,"{""D"": 10000, ""draw"": 3, ""f"": 7, ""kind"": ""fraction""}",results/archives/PAPERB_B9C_REMAINING_AUTHOR_RUN_050926.zip,PAPERB_B9C_REMAINING_AUTHOR_RUN_050926/raw/exact7/exact7__official33_repaired71__D10000__f7__d3.npz,eb75e12f3aaa819e09ebfdf9c437dac6910eed386779bccc724b7d4eaf9c4303
exact7,exact7__official33_repaired71__D10000__f7__d4,official33_repaired71,4.7,WCL,2495,755.4259439173869,"{""D"": 10000, ""draw"": 4, ""f"": 7, ""kind"": ""fraction""}",results/archives/PAPERB_B9C_REMAINING_AUTHOR_RUN_050926.zip,PAPERB_B9C_REMAINING_AUTHOR_RUN_050926/raw/exact7/exact7__official33_repaired71__D10000__f7__d4.npz,0cc2662c6e3584498b083515847184fc721896b38ca144b2736b7b528263ff79
exact7,exact7__official33_repaired71__D10000__f7__d4,official33_repaired71,4.7,ABS,2495,558.0012821539141,"{""D"": 10000, ""draw"": 4, ""f"": 7, ""kind"": ""fraction""}",results/archives/PAPERB_B9C_REMAINING_AUTHOR_RUN_050926.zip,PAPERB_B9C_REMAINING_AUTHOR_RUN_050926/raw/exact7/exact7__official33_repaired71__D10000__f7__d4.npz,0cc2662c6e3584498b083515847184fc721896b38ca144b2736b7b528263ff79
exact7,exact7__official33_repaired71__D10000__f7__d4,official33_repaired71,4.7,DIFF,2495,747.224210161962,"{""D"": 10000, ""draw"": 4, ""f"": 7, ""kind"": ""fraction""}",results/archives/PAPERB_B9C_REMAINING_AUTHOR_RUN_050926.zip,PAPERB_B9C_REMAINING_AUTHOR_RUN_050926/raw/exact7/exact7__official33_repaired71__D10000__f7__d4.npz,0cc2662c6e3584498b083515847184fc721896b38ca144b2736b7b528263ff79
exact7,exact7__official33_repaired71__D10000__f7__d4,official33_repaired71,4.7,Min-Max,2495,637.2965088624985,"{""D"": 10000, ""draw"": 4, ""f"": 7, ""kind"": ""fraction""}",results/archives/PAPERB_B9C_REMAINING_AUTHOR_RUN_050926.zip,PAPERB_B9C_REMAINING_AUTHOR_RUN_050926/raw/exact7/exact7__official33_repaired71__D10000__f7__d4.npz,0cc2662c6e3584498b083515847184fc721896b38ca144b2736b7b528263ff79
exact7,exact7__official33_repaired71__D10000__f7__d5,official33_repaired71,4.7,WCL,2495,660.0473483619244,"{""D"": 10000, ""draw"": 5, ""f"": 7, ""kind"": ""fraction""}",results/archives/PAPERB_B9C_REMAINING_AUTHOR_RUN_050926.zip,PAPERB_B9C_REMAINING_AUTHOR_RUN_050926/raw/exact7/exact7__official33_repaired71__D10000__f7__d5.npz,11105ec9c8e90731ce85f23eae66f348c8de5c43a20d813049cb88edb4a4d2da
exact7,exact7__official33_repaired71__D10000__f7__d5,official33_repaired71,4.7,ABS,2495,593.2561002036035,"{""D"": 10000, ""draw"": 5, ""f"": 7, ""kind"": ""fraction""}",results/archives/PAPERB_B9C_REMAINING_AUTHOR_RUN_050926.zip,PAPERB_B9C_REMAINING_AUTHOR_RUN_050926/raw/exact7/exact7__official33_repaired71__D10000__f7__d5.npz,11105ec9c8e90731ce85f23eae66f348c8de5c43a20d813049cb88edb4a4d2da
exact7,exact7__official33_repaired71__D10000__f7__d5,official33_repaired71,4.7,DIFF,2495,784.9939281962954,"{""D"": 10000, ""draw"": 5, ""f"": 7, ""kind"": ""fraction""}",results/archives/PAPERB_B9C_REMAINING_AUTHOR_RUN_050926.zip,PAPERB_B9C_REMAINING_AUTHOR_RUN_050926/raw/exact7/exact7__official33_repaired71__D10000__f7__d5.npz,11105ec9c8e90731ce85f23eae66f348c8de5c43a20d813049cb88edb4a4d2da
exact7,exact7__official33_repaired71__D10000__f7__d5,official33_repaired71,4.7,Min-Max,2495,586.6802823959299,"{""D"": 10000, ""draw"": 5, ""f"": 7, ""kind"": ""fraction""}",results/archives/PAPERB_B9C_REMAINING_AUTHOR_RUN_050926.zip,PAPERB_B9C_REMAINING_AUTHOR_RUN_050926/raw/exact7/exact7__official33_repaired71__D10000__f7__d5.npz,11105ec9c8e90731ce85f23eae66f348c8de5c43a20d813049cb88edb4a4d2da
exact7,exact7__official33_repaired71__D10000__f7__d6,official33_repaired71,4.7,WCL,2495,748.8451885072365,"{""D"": 10000, ""draw"": 6, ""f"": 7, ""kind"": ""fraction""}",results/archives/PAPERB_B9C_REMAINING_AUTHOR_RUN_050926.zip,PAPERB_B9C_REMAINING_AUTHOR_RUN_050926/raw/exact7/exact7__official33_repaired71__D10000__f7__d6.npz,cda1f5adc68da444b8988a675c6fb5bd21948fcaffa23c1ad848852326abad77
exact7,exact7__official33_repaired71__D10000__f7__d6,official33_repaired71,4.7,ABS,2495,568.6521912420594,"{""D"": 10000, ""draw"": 6, ""f"": 7, ""kind"": ""fraction""}",results/archives/PAPERB_B9C_REMAINING_AUTHOR_RUN_050926.zip,PAPERB_B9C_REMAINING_AUTHOR_RUN_050926/raw/exact7/exact7__official33_repaired71__D10000__f7__d6.npz,cda1f5adc68da444b8988a675c6fb5bd21948fcaffa23c1ad848852326abad77
exact7,exact7__official33_repaired71__D10000__f7__d6,official33_repaired71,4.7,DIFF,2495,803.6390814684897,"{""D"": 10000, ""draw"": 6, ""f"": 7, ""kind"": ""fraction""}",results/archives/PAPERB_B9C_REMAINING_AUTHOR_RUN_050926.zip,PAPERB_B9C_REMAINING_AUTHOR_RUN_050926/raw/exact7/exact7__official33_repaired71__D10000__f7__d6.npz,cda1f5adc68da444b8988a675c6fb5bd21948fcaffa23c1ad848852326abad77
exact7,exact7__official33_repaired71__D10000__f7__d6,official33_repaired71,4.7,Min-Max,2495,570.0868241094756,"{""D"": 10000, ""draw"": 6, ""f"": 7, ""kind"": ""fraction""}",results/archives/PAPERB_B9C_REMAINING_AUTHOR_RUN_050926.zip,PAPERB_B9C_REMAINING_AUTHOR_RUN_050926/raw/exact7/exact7__official33_repaired71__D10000__f7__d6.npz,cda1f5adc68da444b8988a675c6fb5bd21948fcaffa23c1ad848852326abad77
exact7,exact7__official33_repaired71__D10000__f7__d7,official33_repaired71,4.7,WCL,2495,758.7681417829467,"{""D"": 10000, ""draw"": 7, ""f"": 7, ""kind"": ""fraction""}",results/archives/PAPERB_B9C_REMAINING_AUTHOR_RUN_050926.zip,PAPERB_B9C_REMAINING_AUTHOR_RUN_050926/raw/exact7/exact7__official33_repaired71__D10000__f7__d7.npz,dcbcf5b80b9dafc476c36a919b14675cf687e35062a3e6bb1c4d62fafa810f08
exact7,exact7__official33_repaired71__D10000__f7__d7,official33_repaired71,4.7,ABS,2495,641.3796406570565,"{""D"": 10000, ""draw"": 7, ""f"": 7, ""kind"": ""fraction""}",results/archives/PAPERB_B9C_REMAINING_AUTHOR_RUN_050926.zip,PAPERB_B9C_REMAINING_AUTHOR_RUN_050926/raw/exact7/exact7__official33_repaired71__D10000__f7__d7.npz,dcbcf5b80b9dafc476c36a919b14675cf687e35062a3e6bb1c4d62fafa810f08
exact7,exact7__official33_repaired71__D10000__f7__d7,official33_repaired71,4.7,DIFF,2495,949.7703509381037,"{""D"": 10000, ""draw"": 7, ""f"": 7, ""kind"": ""fraction""}",results/archives/PAPERB_B9C_REMAINING_AUTHOR_RUN_050926.zip,PAPERB_B9C_REMAINING_AUTHOR_RUN_050926/raw/exact7/exact7__official33_repaired71__D10000__f7__d7.npz,dcbcf5b80b9dafc476c36a919b14675cf687e35062a3e6bb1c4d62fafa810f08
exact7,exact7__official33_repaired71__D10000__f7__d7,official33_repaired71,4.7,Min-Max,2495,822.1295615282183,"{""D"": 10000, ""draw"": 7, ""f"": 7, ""kind"": ""fraction""}",results/archives/PAPERB_B9C_REMAINING_AUTHOR_RUN_050926.zip,PAPERB_B9C_REMAINING_AUTHOR_RUN_050926/raw/exact7/exact7__official33_repaired71__D10000__f7__d7.npz,dcbcf5b80b9dafc476c36a919b14675cf687e35062a3e6bb1c4d62fafa810f08
exact7,exact7__recovered27_common__reference,recovered27_common,4.7,WCL,2498,593.2183143536402,"{""kind"": ""reference""}",results/archives/PAPERB_B9C_REMAINING_AUTHOR_RUN_050926.zip,PAPERB_B9C_REMAINING_AUTHOR_RUN_050926/raw/exact7/exact7__recovered27_common__reference.npz,4b200cf90a96cc448df6706fb5b1ccf61909d87a308f24789463bf579e7fa4ad
exact7,exact7__recovered27_common__reference,recovered27_common,4.7,ABS,2498,639.9899678146855,"{""kind"": ""reference""}",results/archives/PAPERB_B9C_REMAINING_AUTHOR_RUN_050926.zip,PAPERB_B9C_REMAINING_AUTHOR_RUN_050926/raw/exact7/exact7__recovered27_common__reference.npz,4b200cf90a96cc448df6706fb5b1ccf61909d87a308f24789463bf579e7fa4ad
exact7,exact7__recovered27_common__reference,recovered27_common,4.7,DIFF,2498,989.6227832833138,"{""kind"": ""reference""}",results/archives/PAPERB_B9C_REMAINING_AUTHOR_RUN_050926.zip,PAPERB_B9C_REMAINING_AUTHOR_RUN_050926/raw/exact7/exact7__recovered27_common__reference.npz,4b200cf90a96cc448df6706fb5b1ccf61909d87a308f24789463bf579e7fa4ad
exact7,exact7__recovered27_common__reference,recovered27_common,4.7,Min-Max,2498,469.8231520356294,"{""kind"": ""reference""}",results/archives/PAPERB_B9C_REMAINING_AUTHOR_RUN_050926.zip,PAPERB_B9C_REMAINING_AUTHOR_RUN_050926/raw/exact7/exact7__recovered27_common__reference.npz,4b200cf90a96cc448df6706fb5b1ccf61909d87a308f24789463bf579e7fa4ad
exact7,exact7__recovered27_common__D1000__f7__d0,recovered27_common,4.7,WCL,2498,797.6132571410601,"{""D"": 1000, ""draw"": 0, ""f"": 7, ""kind"": ""fraction""}",results/archives/PAPERB_B9C_REMAINING_AUTHOR_RUN_050926.zip,PAPERB_B9C_REMAINING_AUTHOR_RUN_050926/raw/exact7/exact7__recovered27_common__D1000__f7__d0.npz,37fb363e590ed3a21e0f8675168d0f631b669506bf376ff04d318aa152c03f56
exact7,exact7__recovered27_common__D1000__f7__d0,recovered27_common,4.7,ABS,2498,692.7157307254295,"{""D"": 1000, ""draw"": 0, ""f"": 7, ""kind"": ""fraction""}",results/archives/PAPERB_B9C_REMAINING_AUTHOR_RUN_050926.zip,PAPERB_B9C_REMAINING_AUTHOR_RUN_050926/raw/exact7/exact7__recovered27_common__D1000__f7__d0.npz,37fb363e590ed3a21e0f8675168d0f631b669506bf376ff04d318aa152c03f56
exact7,exact7__recovered27_common__D1000__f7__d0,recovered27_common,4.7,DIFF,2498,1584.759168312391,"{""D"": 1000, ""draw"": 0, ""f"": 7, ""kind"": ""fraction""}",results/archives/PAPERB_B9C_REMAINING_AUTHOR_RUN_050926.zip,PAPERB_B9C_REMAINING_AUTHOR_RUN_050926/raw/exact7/exact7__recovered27_common__D1000__f7__d0.npz,37fb363e590ed3a21e0f8675168d0f631b669506bf376ff04d318aa152c03f56
exact7,exact7__recovered27_common__D1000__f7__d0,recovered27_common,4.7,Min-Max,2498,573.4440671385541,"{""D"": 1000, ""draw"": 0, ""f"": 7, ""kind"": ""fraction""}",results/archives/PAPERB_B9C_REMAINING_AUTHOR_RUN_050926.zip,PAPERB_B9C_REMAINING_AUTHOR_RUN_050926/raw/exact7/exact7__recovered27_common__D1000__f7__d0.npz,37fb363e590ed3a21e0f8675168d0f631b669506bf376ff04d318aa152c03f56
exact7,exact7__recovered27_common__D1000__f7__d1,recovered27_common,4.7,WCL,2498,600.4445582495141,"{""D"": 1000, ""draw"": 1, ""f"": 7, ""kind"": ""fraction""}",results/archives/PAPERB_B9C_REMAINING_AUTHOR_RUN_050926.zip,PAPERB_B9C_REMAINING_AUTHOR_RUN_050926/raw/exact7/exact7__recovered27_common__D1000__f7__d1.npz,66fb2b46f87455d77b2f565984a37d5c1aefa3b7afc22a9addffe6eba9cd292e
exact7,exact7__recovered27_common__D1000__f7__d1,recovered27_common,4.7,ABS,2498,805.5571267047771,"{""D"": 1000, ""draw"": 1, ""f"": 7, ""kind"": ""fraction""}",results/archives/PAPERB_B9C_REMAINING_AUTHOR_RUN_050926.zip,PAPERB_B9C_REMAINING_AUTHOR_RUN_050926/raw/exact7/exact7__recovered27_common__D1000__f7__d1.npz,66fb2b46f87455d77b2f565984a37d5c1aefa3b7afc22a9addffe6eba9cd292e
exact7,exact7__recovered27_common__D1000__f7__d1,recovered27_common,4.7,DIFF,2498,1164.8291079502021,"{""D"": 1000, ""draw"": 1, ""f"": 7, ""kind"": ""fraction""}",results/archives/PAPERB_B9C_REMAINING_AUTHOR_RUN_050926.zip,PAPERB_B9C_REMAINING_AUTHOR_RUN_050926/raw/exact7/exact7__recovered27_common__D1000__f7__d1.npz,66fb2b46f87455d77b2f565984a37d5c1aefa3b7afc22a9addffe6eba9cd292e
exact7,exact7__recovered27_common__D1000__f7__d1,recovered27_common,4.7,Min-Max,2498,514.4512439837608,"{""D"": 1000, ""draw"": 1, ""f"": 7, ""kind"": ""fraction""}",results/archives/PAPERB_B9C_REMAINING_AUTHOR_RUN_050926.zip,PAPERB_B9C_REMAINING_AUTHOR_RUN_050926/raw/exact7/exact7__recovered27_common__D1000__f7__d1.npz,66fb2b46f87455d77b2f565984a37d5c1aefa3b7afc22a9addffe6eba9cd292e
exact7,exact7__recovered27_common__D1000__f7__d2,recovered27_common,4.7,WCL,2498,630.9785426413157,"{""D"": 1000, ""draw"": 2, ""f"": 7, ""kind"": ""fraction""}",results/archives/PAPERB_B9C_REMAINING_AUTHOR_RUN_050926.zip,PAPERB_B9C_REMAINING_AUTHOR_RUN_050926/raw/exact7/exact7__recovered27_common__D1000__f7__d2.npz,3f765b8888a4b2411bc562451dceb7a4cc2b3150c4e39539edbc4fe9abfdfcb9
exact7,exact7__recovered27_common__D1000__f7__d2,recovered27_common,4.7,ABS,2498,664.396011754572,"{""D"": 1000, ""draw"": 2, ""f"": 7, ""kind"": ""fraction""}",results/archives/PAPERB_B9C_REMAINING_AUTHOR_RUN_050926.zip,PAPERB_B9C_REMAINING_AUTHOR_RUN_050926/raw/exact7/exact7__recovered27_common__D1000__f7__d2.npz,3f765b8888a4b2411bc562451dceb7a4cc2b3150c4e39539edbc4fe9abfdfcb9
exact7,exact7__recovered27_common__D1000__f7__d2,recovered27_common,4.7,DIFF,2498,1012.9470058463082,"{""D"": 1000, ""draw"": 2, ""f"": 7, ""kind"": ""fraction""}",results/archives/PAPERB_B9C_REMAINING_AUTHOR_RUN_050926.zip,PAPERB_B9C_REMAINING_AUTHOR_RUN_050926/raw/exact7/exact7__recovered27_common__D1000__f7__d2.npz,3f765b8888a4b2411bc562451dceb7a4cc2b3150c4e39539edbc4fe9abfdfcb9
exact7,exact7__recovered27_common__D1000__f7__d2,recovered27_common,4.7,Min-Max,2498,495.3507899537309,"{""D"": 1000, ""draw"": 2, ""f"": 7, ""kind"": ""fraction""}",results/archives/PAPERB_B9C_REMAINING_AUTHOR_RUN_050926.zip,PAPERB_B9C_REMAINING_AUTHOR_RUN_050926/raw/exact7/exact7__recovered27_common__D1000__f7__d2.npz,3f765b8888a4b2411bc562451dceb7a4cc2b3150c4e39539edbc4fe9abfdfcb9
exact7,exact7__recovered27_common__D1000__f7__d3,recovered27_common,4.7,WCL,2498,591.0681741266084,"{""D"": 1000, ""draw"": 3, ""f"": 7, ""kind"": ""fraction""}",results/archives/PAPERB_B9C_REMAINING_AUTHOR_RUN_050926.zip,PAPERB_B9C_REMAINING_AUTHOR_RUN_050926/raw/exact7/exact7__recovered27_common__D1000__f7__d3.npz,94f851ec7790721559a89dfc5c512ec238c060c401ac3b32faa642693bfeff4c
exact7,exact7__recovered27_common__D1000__f7__d3,recovered27_common,4.7,ABS,2498,718.6433036287267,"{""D"": 1000, ""draw"": 3, ""f"": 7, ""kind"": ""fraction""}",results/archives/PAPERB_B9C_REMAINING_AUTHOR_RUN_050926.zip,PAPERB_B9C_REMAINING_AUTHOR_RUN_050926/raw/exact7/exact7__recovered27_common__D1000__f7__d3.npz,94f851ec7790721559a89dfc5c512ec238c060c401ac3b32faa642693bfeff4c
exact7,exact7__recovered27_common__D1000__f7__d3,recovered27_common,4.7,DIFF,2498,1040.9916717034616,"{""D"": 1000, ""draw"": 3, ""f"": 7, ""kind"": ""fraction""}",results/archives/PAPERB_B9C_REMAINING_AUTHOR_RUN_050926.zip,PAPERB_B9C_REMAINING_AUTHOR_RUN_050926/raw/exact7/exact7__recovered27_common__D1000__f7__d3.npz,94f851ec7790721559a89dfc5c512ec238c060c401ac3b32faa642693bfeff4c
exact7,exact7__recovered27_common__D1000__f7__d3,recovered27_common,4.7,Min-Max,2498,447.2620236572552,"{""D"": 1000, ""draw"": 3, ""f"": 7, ""kind"": ""fraction""}",results/archives/PAPERB_B9C_REMAINING_AUTHOR_RUN_050926.zip,PAPERB_B9C_REMAINING_AUTHOR_RUN_050926/raw/exact7/exact7__recovered27_common__D1000__f7__d3.npz,94f851ec7790721559a89dfc5c512ec238c060c401ac3b32faa642693bfeff4c
exact7,exact7__recovered27_common__D1000__f7__d4,recovered27_common,4.7,WCL,2498,808.9310532057416,"{""D"": 1000, ""draw"": 4, ""f"": 7, ""kind"": ""fraction""}",results/archives/PAPERB_B9C_REMAINING_AUTHOR_RUN_050926.zip,PAPERB_B9C_REMAINING_AUTHOR_RUN_050926/raw/exact7/exact7__recovered27_common__D1000__f7__d4.npz,144d3e2e4c79bb0b8e8acb612652e1c2f6607429e7a6deb0648a36fbf346bb91
exact7,exact7__recovered27_common__D1000__f7__d4,recovered27_common,4.7,ABS,2498,789.845673742843,"{""D"": 1000, ""draw"": 4, ""f"": 7, ""kind"": ""fraction""}",results/archives/PAPERB_B9C_REMAINING_AUTHOR_RUN_050926.zip,PAPERB_B9C_REMAINING_AUTHOR_RUN_050926/raw/exact7/exact7__recovered27_common__D1000__f7__d4.npz,144d3e2e4c79bb0b8e8acb612652e1c2f6607429e7a6deb0648a36fbf346bb91
exact7,exact7__recovered27_common__D1000__f7__d4,recovered27_common,4.7,DIFF,2498,1288.0780816787126,"{""D"": 1000, ""draw"": 4, ""f"": 7, ""kind"": ""fraction""}",results/archives/PAPERB_B9C_REMAINING_AUTHOR_RUN_050926.zip,PAPERB_B9C_REMAINING_AUTHOR_RUN_050926/raw/exact7/exact7__recovered27_common__D1000__f7__d4.npz,144d3e2e4c79bb0b8e8acb612652e1c2f6607429e7a6deb0648a36fbf346bb91
exact7,exact7__recovered27_common__D1000__f7__d4,recovered27_common,4.7,Min-Max,2498,673.0366302024922,"{""D"": 1000, ""draw"": 4, ""f"": 7, ""kind"": ""fraction""}",results/archives/PAPERB_B9C_REMAINING_AUTHOR_RUN_050926.zip,PAPERB_B9C_REMAINING_AUTHOR_RUN_050926/raw/exact7/exact7__recovered27_common__D1000__f7__d4.npz,144d3e2e4c79bb0b8e8acb612652e1c2f6607429e7a6deb0648a36fbf346bb91
exact7,exact7__recovered27_common__D1000__f7__d5,recovered27_common,4.7,WCL,2498,625.3314468515266,"{""D"": 1000, ""draw"": 5, ""f"": 7, ""kind"": ""fraction""}",results/archives/PAPERB_B9C_REMAINING_AUTHOR_RUN_050926.zip,PAPERB_B9C_REMAINING_AUTHOR_RUN_050926/raw/exact7/exact7__recovered27_common__D1000__f7__d5.npz,355f9d14b5672221ac35dccee30844fb8686189dd7f441b9c4ab455a366bdff6
exact7,exact7__recovered27_common__D1000__f7__d5,recovered27_common,4.7,ABS,2498,635.127923030702,"{""D"": 1000, ""draw"": 5, ""f"": 7, ""kind"": ""fraction""}",results/archives/PAPERB_B9C_REMAINING_AUTHOR_RUN_050926.zip,PAPERB_B9C_REMAINING_AUTHOR_RUN_050926/raw/exact7/exact7__recovered27_common__D1000__f7__d5.npz,355f9d14b5672221ac35dccee30844fb8686189dd7f441b9c4ab455a366bdff6
exact7,exact7__recovered27_common__D1000__f7__d5,recovered27_common,4.7,DIFF,2498,932.3652626742762,"{""D"": 1000, ""draw"": 5, ""f"": 7, ""kind"": ""fraction""}",results/archives/PAPERB_B9C_REMAINING_AUTHOR_RUN_050926.zip,PAPERB_B9C_REMAINING_AUTHOR_RUN_050926/raw/exact7/exact7__recovered27_common__D1000__f7__d5.npz,355f9d14b5672221ac35dccee30844fb8686189dd7f441b9c4ab455a366bdff6
exact7,exact7__recovered27_common__D1000__f7__d5,recovered27_common,4.7,Min-Max,2498,482.2603277345548,"{""D"": 1000, ""draw"": 5, ""f"": 7, ""kind"": ""fraction""}",results/archives/PAPERB_B9C_REMAINING_AUTHOR_RUN_050926.zip,PAPERB_B9C_REMAINING_AUTHOR_RUN_050926/raw/exact7/exact7__recovered27_common__D1000__f7__d5.npz,355f9d14b5672221ac35dccee30844fb8686189dd7f441b9c4ab455a366bdff6
exact7,exact7__recovered27_common__D1000__f7__d6,recovered27_common,4.7,WCL,2498,595.9802547984527,"{""D"": 1000, ""draw"": 6, ""f"": 7, ""kind"": ""fraction""}",results/archives/PAPERB_B9C_REMAINING_AUTHOR_RUN_050926.zip,PAPERB_B9C_REMAINING_AUTHOR_RUN_050926/raw/exact7/exact7__recovered27_common__D1000__f7__d6.npz,69b24b47433f17729bfc976858a5dd85c2cd7f5612dbe355d7bdf238909116f2
exact7,exact7__recovered27_common__D1000__f7__d6,recovered27_common,4.7,ABS,2498,812.3795216315539,"{""D"": 1000, ""draw"": 6, ""f"": 7, ""kind"": ""fraction""}",results/archives/PAPERB_B9C_REMAINING_AUTHOR_RUN_050926.zip,PAPERB_B9C_REMAINING_AUTHOR_RUN_050926/raw/exact7/exact7__recovered27_common__D1000__f7__d6.npz,69b24b47433f17729bfc976858a5dd85c2cd7f5612dbe355d7bdf238909116f2
exact7,exact7__recovered27_common__D1000__f7__d6,recovered27_common,4.7,DIFF,2498,1051.2123010775017,"{""D"": 1000, ""draw"": 6, ""f"": 7, ""kind"": ""fraction""}",results/archives/PAPERB_B9C_REMAINING_AUTHOR_RUN_050926.zip,PAPERB_B9C_REMAINING_AUTHOR_RUN_050926/raw/exact7/exact7__recovered27_common__D1000__f7__d6.npz,69b24b47433f17729bfc976858a5dd85c2cd7f5612dbe355d7bdf238909116f2
exact7,exact7__recovered27_common__D1000__f7__d6,recovered27_common,4.7,Min-Max,2498,588.2526857792608,"{""D"": 1000, ""draw"": 6, ""f"": 7, ""kind"": ""fraction""}",results/archives/PAPERB_B9C_REMAINING_AUTHOR_RUN_050926.zip,PAPERB_B9C_REMAINING_AUTHOR_RUN_050926/raw/exact7/exact7__recovered27_common__D1000__f7__d6.npz,69b24b47433f17729bfc976858a5dd85c2cd7f5612dbe355d7bdf238909116f2
exact7,exact7__recovered27_common__D1000__f7__d7,recovered27_common,4.7,WCL,2498,587.3579112944899,"{""D"": 1000, ""draw"": 7, ""f"": 7, ""kind"": ""fraction""}",results/archives/PAPERB_B9C_REMAINING_AUTHOR_RUN_050926.zip,PAPERB_B9C_REMAINING_AUTHOR_RUN_050926/raw/exact7/exact7__recovered27_common__D1000__f7__d7.npz,151799f80c23db75b4db34524d2441cd30bd34aa0a17df0bb47692d7165a9668
exact7,exact7__recovered27_common__D1000__f7__d7,recovered27_common,4.7,ABS,2498,629.6865396318736,"{""D"": 1000, ""draw"": 7, ""f"": 7, ""kind"": ""fraction""}",results/archives/PAPERB_B9C_REMAINING_AUTHOR_RUN_050926.zip,PAPERB_B9C_REMAINING_AUTHOR_RUN_050926/raw/exact7/exact7__recovered27_common__D1000__f7__d7.npz,151799f80c23db75b4db34524d2441cd30bd34aa0a17df0bb47692d7165a9668
exact7,exact7__recovered27_common__D1000__f7__d7,recovered27_common,4.7,DIFF,2498,1058.1909412959021,"{""D"": 1000, ""draw"": 7, ""f"": 7, ""kind"": ""fraction""}",results/archives/PAPERB_B9C_REMAINING_AUTHOR_RUN_050926.zip,PAPERB_B9C_REMAINING_AUTHOR_RUN_050926/raw/exact7/exact7__recovered27_common__D1000__f7__d7.npz,151799f80c23db75b4db34524d2441cd30bd34aa0a17df0bb47692d7165a9668
exact7,exact7__recovered27_common__D1000__f7__d7,recovered27_common,4.7,Min-Max,2498,470.18558962127133,"{""D"": 1000, ""draw"": 7, ""f"": 7, ""kind"": ""fraction""}",results/archives/PAPERB_B9C_REMAINING_AUTHOR_RUN_050926.zip,PAPERB_B9C_REMAINING_AUTHOR_RUN_050926/raw/exact7/exact7__recovered27_common__D1000__f7__d7.npz,151799f80c23db75b4db34524d2441cd30bd34aa0a17df0bb47692d7165a9668
exact7,exact7__recovered27_common__D10000__f7__d0,recovered27_common,4.7,WCL,2498,895.9912120673489,"{""D"": 10000, ""draw"": 0, ""f"": 7, ""kind"": ""fraction""}",results/archives/PAPERB_B9C_REMAINING_AUTHOR_RUN_050926.zip,PAPERB_B9C_REMAINING_AUTHOR_RUN_050926/raw/exact7/exact7__recovered27_common__D10000__f7__d0.npz,28d81395b03980f42be9157f7fffee6ec1e0c923165bb66979a46429ccc20c3c
exact7,exact7__recovered27_common__D10000__f7__d0,recovered27_common,4.7,ABS,2498,762.5266824370967,"{""D"": 10000, ""draw"": 0, ""f"": 7, ""kind"": ""fraction""}",results/archives/PAPERB_B9C_REMAINING_AUTHOR_RUN_050926.zip,PAPERB_B9C_REMAINING_AUTHOR_RUN_050926/raw/exact7/exact7__recovered27_common__D10000__f7__d0.npz,28d81395b03980f42be9157f7fffee6ec1e0c923165bb66979a46429ccc20c3c
exact7,exact7__recovered27_common__D10000__f7__d0,recovered27_common,4.7,DIFF,2498,1103.4425384034766,"{""D"": 10000, ""draw"": 0, ""f"": 7, ""kind"": ""fraction""}",results/archives/PAPERB_B9C_REMAINING_AUTHOR_RUN_050926.zip,PAPERB_B9C_REMAINING_AUTHOR_RUN_050926/raw/exact7/exact7__recovered27_common__D10000__f7__d0.npz,28d81395b03980f42be9157f7fffee6ec1e0c923165bb66979a46429ccc20c3c
exact7,exact7__recovered27_common__D10000__f7__d0,recovered27_common,4.7,Min-Max,2498,741.3362743570306,"{""D"": 10000, ""draw"": 0, ""f"": 7, ""kind"": ""fraction""}",results/archives/PAPERB_B9C_REMAINING_AUTHOR_RUN_050926.zip,PAPERB_B9C_REMAINING_AUTHOR_RUN_050926/raw/exact7/exact7__recovered27_common__D10000__f7__d0.npz,28d81395b03980f42be9157f7fffee6ec1e0c923165bb66979a46429ccc20c3c
exact7,exact7__recovered27_common__D10000__f7__d1,recovered27_common,4.7,WCL,2498,739.6532699418225,"{""D"": 10000, ""draw"": 1, ""f"": 7, ""kind"": ""fraction""}",results/archives/PAPERB_B9C_REMAINING_AUTHOR_RUN_050926.zip,PAPERB_B9C_REMAINING_AUTHOR_RUN_050926/raw/exact7/exact7__recovered27_common__D10000__f7__d1.npz,5232fea2706f6049a4df556a3c18088abc783cfc7c2aef8f0ae44aae116f4078
exact7,exact7__recovered27_common__D10000__f7__d1,recovered27_common,4.7,ABS,2498,759.8225784642246,"{""D"": 10000, ""draw"": 1, ""f"": 7, ""kind"": ""fraction""}",results/archives/PAPERB_B9C_REMAINING_AUTHOR_RUN_050926.zip,PAPERB_B9C_REMAINING_AUTHOR_RUN_050926/raw/exact7/exact7__recovered27_common__D10000__f7__d1.npz,5232fea2706f6049a4df556a3c18088abc783cfc7c2aef8f0ae44aae116f4078
exact7,exact7__recovered27_common__D10000__f7__d1,recovered27_common,4.7,DIFF,2498,960.0296274257751,"{""D"": 10000, ""draw"": 1, ""f"": 7, ""kind"": ""fraction""}",results/archives/PAPERB_B9C_REMAINING_AUTHOR_RUN_050926.zip,PAPERB_B9C_REMAINING_AUTHOR_RUN_050926/raw/exact7/exact7__recovered27_common__D10000__f7__d1.npz,5232fea2706f6049a4df556a3c18088abc783cfc7c2aef8f0ae44aae116f4078
exact7,exact7__recovered27_common__D10000__f7__d1,recovered27_common,4.7,Min-Max,2498,751.2777223978528,"{""D"": 10000, ""draw"": 1, ""f"": 7, ""kind"": ""fraction""}",results/archives/PAPERB_B9C_REMAINING_AUTHOR_RUN_050926.zip,PAPERB_B9C_REMAINING_AUTHOR_RUN_050926/raw/exact7/exact7__recovered27_common__D10000__f7__d1.npz,5232fea2706f6049a4df556a3c18088abc783cfc7c2aef8f0ae44aae116f4078
exact7,exact7__recovered27_common__D10000__f7__d2,recovered27_common,4.7,WCL,2498,637.7642564205458,"{""D"": 10000, ""draw"": 2, ""f"": 7, ""kind"": ""fraction""}",results/archives/PAPERB_B9C_REMAINING_AUTHOR_RUN_050926.zip,PAPERB_B9C_REMAINING_AUTHOR_RUN_050926/raw/exact7/exact7__recovered27_common__D10000__f7__d2.npz,97cedbc390cf349d00f9e86df4f7ff3835b39f95ebe1927fb17ef410c8ad4552
exact7,exact7__recovered27_common__D10000__f7__d2,recovered27_common,4.7,ABS,2498,751.0005974148617,"{""D"": 10000, ""draw"": 2, ""f"": 7, ""kind"": ""fraction""}",results/archives/PAPERB_B9C_REMAINING_AUTHOR_RUN_050926.zip,PAPERB_B9C_REMAINING_AUTHOR_RUN_050926/raw/exact7/exact7__recovered27_common__D10000__f7__d2.npz,97cedbc390cf349d00f9e86df4f7ff3835b39f95ebe1927fb17ef410c8ad4552
exact7,exact7__recovered27_common__D10000__f7__d2,recovered27_common,4.7,DIFF,2498,959.5795217199282,"{""D"": 10000, ""draw"": 2, ""f"": 7, ""kind"": ""fraction""}",results/archives/PAPERB_B9C_REMAINING_AUTHOR_RUN_050926.zip,PAPERB_B9C_REMAINING_AUTHOR_RUN_050926/raw/exact7/exact7__recovered27_common__D10000__f7__d2.npz,97cedbc390cf349d00f9e86df4f7ff3835b39f95ebe1927fb17ef410c8ad4552
exact7,exact7__recovered27_common__D10000__f7__d2,recovered27_common,4.7,Min-Max,2498,642.0338591453103,"{""D"": 10000, ""draw"": 2, ""f"": 7, ""kind"": ""fraction""}",results/archives/PAPERB_B9C_REMAINING_AUTHOR_RUN_050926.zip,PAPERB_B9C_REMAINING_AUTHOR_RUN_050926/raw/exact7/exact7__recovered27_common__D10000__f7__d2.npz,97cedbc390cf349d00f9e86df4f7ff3835b39f95ebe1927fb17ef410c8ad4552
exact7,exact7__recovered27_common__D10000__f7__d3,recovered27_common,4.7,WCL,2498,598.4417908135731,"{""D"": 10000, ""draw"": 3, ""f"": 7, ""kind"": ""fraction""}",results/archives/PAPERB_B9C_REMAINING_AUTHOR_RUN_050926.zip,PAPERB_B9C_REMAINING_AUTHOR_RUN_050926/raw/exact7/exact7__recovered27_common__D10000__f7__d3.npz,6faaf5e9980e4281cb6bea4d657f640df9ae5a1f47fe0208a62ba9b300cb82eb
exact7,exact7__recovered27_common__D10000__f7__d3,recovered27_common,4.7,ABS,2498,761.0946126080368,"{""D"": 10000, ""draw"": 3, ""f"": 7, ""kind"": ""fraction""}",results/archives/PAPERB_B9C_REMAINING_AUTHOR_RUN_050926.zip,PAPERB_B9C_REMAINING_AUTHOR_RUN_050926/raw/exact7/exact7__recovered27_common__D10000__f7__d3.npz,6faaf5e9980e4281cb6bea4d657f640df9ae5a1f47fe0208a62ba9b300cb82eb
exact7,exact7__recovered27_common__D10000__f7__d3,recovered27_common,4.7,DIFF,2498,961.254688607323,"{""D"": 10000, ""draw"": 3, ""f"": 7, ""kind"": ""fraction""}",results/archives/PAPERB_B9C_REMAINING_AUTHOR_RUN_050926.zip,PAPERB_B9C_REMAINING_AUTHOR_RUN_050926/raw/exact7/exact7__recovered27_common__D10000__f7__d3.npz,6faaf5e9980e4281cb6bea4d657f640df9ae5a1f47fe0208a62ba9b300cb82eb
exact7,exact7__recovered27_common__D10000__f7__d3,recovered27_common,4.7,Min-Max,2498,613.3332349742891,"{""D"": 10000, ""draw"": 3, ""f"": 7, ""kind"": ""fraction""}",results/archives/PAPERB_B9C_REMAINING_AUTHOR_RUN_050926.zip,PAPERB_B9C_REMAINING_AUTHOR_RUN_050926/raw/exact7/exact7__recovered27_common__D10000__f7__d3.npz,6faaf5e9980e4281cb6bea4d657f640df9ae5a1f47fe0208a62ba9b300cb82eb
exact7,exact7__recovered27_common__D10000__f7__d4,recovered27_common,4.7,WCL,2498,1437.8986637229473,"{""D"": 10000, ""draw"": 4, ""f"": 7, ""kind"": ""fraction""}",results/archives/PAPERB_B9C_REMAINING_AUTHOR_RUN_050926.zip,PAPERB_B9C_REMAINING_AUTHOR_RUN_050926/raw/exact7/exact7__recovered27_common__D10000__f7__d4.npz,1bbbe17d87c7adf275bf08936019d60bb188393c1c831daef63c9c12e9478d78
exact7,exact7__recovered27_common__D10000__f7__d4,recovered27_common,4.7,ABS,2498,923.132131181666,"{""D"": 10000, ""draw"": 4, ""f"": 7, ""kind"": ""fraction""}",results/archives/PAPERB_B9C_REMAINING_AUTHOR_RUN_050926.zip,PAPERB_B9C_REMAINING_AUTHOR_RUN_050926/raw/exact7/exact7__recovered27_common__D10000__f7__d4.npz,1bbbe17d87c7adf275bf08936019d60bb188393c1c831daef63c9c12e9478d78
exact7,exact7__recovered27_common__D10000__f7__d4,recovered27_common,4.7,DIFF,2498,1262.743032815443,"{""D"": 10000, ""draw"": 4, ""f"": 7, ""kind"": ""fraction""}",results/archives/PAPERB_B9C_REMAINING_AUTHOR_RUN_050926.zip,PAPERB_B9C_REMAINING_AUTHOR_RUN_050926/raw/exact7/exact7__recovered27_common__D10000__f7__d4.npz,1bbbe17d87c7adf275bf08936019d60bb188393c1c831daef63c9c12e9478d78
exact7,exact7__recovered27_common__D10000__f7__d4,recovered27_common,4.7,Min-Max,2498,1178.992444402685,"{""D"": 10000, ""draw"": 4, ""f"": 7, ""kind"": ""fraction""}",results/archives/PAPERB_B9C_REMAINING_AUTHOR_RUN_050926.zip,PAPERB_B9C_REMAINING_AUTHOR_RUN_050926/raw/exact7/exact7__recovered27_common__D10000__f7__d4.npz,1bbbe17d87c7adf275bf08936019d60bb188393c1c831daef63c9c12e9478d78
exact7,exact7__recovered27_common__D10000__f7__d5,recovered27_common,4.7,WCL,2498,682.4078100631007,"{""D"": 10000, ""draw"": 5, ""f"": 7, ""kind"": ""fraction""}",results/archives/PAPERB_B9C_REMAINING_AUTHOR_RUN_050926.zip,PAPERB_B9C_REMAINING_AUTHOR_RUN_050926/raw/exact7/exact7__recovered27_common__D10000__f7__d5.npz,76eb3ccc43479466b01821cba603db580087febb7f2ace6dfdec23917a64ecca
exact7,exact7__recovered27_common__D10000__f7__d5,recovered27_common,4.7,ABS,2498,653.7859433410342,"{""D"": 10000, ""draw"": 5, ""f"": 7, ""kind"": ""fraction""}",results/archives/PAPERB_B9C_REMAINING_AUTHOR_RUN_050926.zip,PAPERB_B9C_REMAINING_AUTHOR_RUN_050926/raw/exact7/exact7__recovered27_common__D10000__f7__d5.npz,76eb3ccc43479466b01821cba603db580087febb7f2ace6dfdec23917a64ecca
exact7,exact7__recovered27_common__D10000__f7__d5,recovered27_common,4.7,DIFF,2498,833.8352022938504,"{""D"": 10000, ""draw"": 5, ""f"": 7, ""kind"": ""fraction""}",results/archives/PAPERB_B9C_REMAINING_AUTHOR_RUN_050926.zip,PAPERB_B9C_REMAINING_AUTHOR_RUN_050926/raw/exact7/exact7__recovered27_common__D10000__f7__d5.npz,76eb3ccc43479466b01821cba603db580087febb7f2ace6dfdec23917a64ecca
exact7,exact7__recovered27_common__D10000__f7__d5,recovered27_common,4.7,Min-Max,2498,800.9303355294088,"{""D"": 10000, ""draw"": 5, ""f"": 7, ""kind"": ""fraction""}",results/archives/PAPERB_B9C_REMAINING_AUTHOR_RUN_050926.zip,PAPERB_B9C_REMAINING_AUTHOR_RUN_050926/raw/exact7/exact7__recovered27_common__D10000__f7__d5.npz,76eb3ccc43479466b01821cba603db580087febb7f2ace6dfdec23917a64ecca
exact7,exact7__recovered27_common__D10000__f7__d6,recovered27_common,4.7,WCL,2498,1071.771970636326,"{""D"": 10000, ""draw"": 6, ""f"": 7, ""kind"": ""fraction""}",results/archives/PAPERB_B9C_REMAINING_AUTHOR_RUN_050926.zip,PAPERB_B9C_REMAINING_AUTHOR_RUN_050926/raw/exact7/exact7__recovered27_common__D10000__f7__d6.npz,8a360d185c1f21216dacaaab02e4477601df5dbe9750691b0737c4eb817b6c58
exact7,exact7__recovered27_common__D10000__f7__d6,recovered27_common,4.7,ABS,2498,860.5113163030879,"{""D"": 10000, ""draw"": 6, ""f"": 7, ""kind"": ""fraction""}",results/archives/PAPERB_B9C_REMAINING_AUTHOR_RUN_050926.zip,PAPERB_B9C_REMAINING_AUTHOR_RUN_050926/raw/exact7/exact7__recovered27_common__D10000__f7__d6.npz,8a360d185c1f21216dacaaab02e4477601df5dbe9750691b0737c4eb817b6c58
exact7,exact7__recovered27_common__D10000__f7__d6,recovered27_common,4.7,DIFF,2498,1210.282488429198,"{""D"": 10000, ""draw"": 6, ""f"": 7, ""kind"": ""fraction""}",results/archives/PAPERB_B9C_REMAINING_AUTHOR_RUN_050926.zip,PAPERB_B9C_REMAINING_AUTHOR_RUN_050926/raw/exact7/exact7__recovered27_common__D10000__f7__d6.npz,8a360d185c1f21216dacaaab02e4477601df5dbe9750691b0737c4eb817b6c58
exact7,exact7__recovered27_common__D10000__f7__d6,recovered27_common,4.7,Min-Max,2498,833.8158825958443,"{""D"": 10000, ""draw"": 6, ""f"": 7, ""kind"": ""fraction""}",results/archives/PAPERB_B9C_REMAINING_AUTHOR_RUN_050926.zip,PAPERB_B9C_REMAINING_AUTHOR_RUN_050926/raw/exact7/exact7__recovered27_common__D10000__f7__d6.npz,8a360d185c1f21216dacaaab02e4477601df5dbe9750691b0737c4eb817b6c58
exact7,exact7__recovered27_common__D10000__f7__d7,recovered27_common,4.7,WCL,2498,600.032539790096,"{""D"": 10000, ""draw"": 7, ""f"": 7, ""kind"": ""fraction""}",results/archives/PAPERB_B9C_REMAINING_AUTHOR_RUN_050926.zip,PAPERB_B9C_REMAINING_AUTHOR_RUN_050926/raw/exact7/exact7__recovered27_common__D10000__f7__d7.npz,979bb7d6743cc763084c3843ea3c8f469d845435c48ea954048a0665b824dbab
exact7,exact7__recovered27_common__D10000__f7__d7,recovered27_common,4.7,ABS,2498,644.700228873887,"{""D"": 10000, ""draw"": 7, ""f"": 7, ""kind"": ""fraction""}",results/archives/PAPERB_B9C_REMAINING_AUTHOR_RUN_050926.zip,PAPERB_B9C_REMAINING_AUTHOR_RUN_050926/raw/exact7/exact7__recovered27_common__D10000__f7__d7.npz,979bb7d6743cc763084c3843ea3c8f469d845435c48ea954048a0665b824dbab
exact7,exact7__recovered27_common__D10000__f7__d7,recovered27_common,4.7,DIFF,2498,826.1586227709336,"{""D"": 10000, ""draw"": 7, ""f"": 7, ""kind"": ""fraction""}",results/archives/PAPERB_B9C_REMAINING_AUTHOR_RUN_050926.zip,PAPERB_B9C_REMAINING_AUTHOR_RUN_050926/raw/exact7/exact7__recovered27_common__D10000__f7__d7.npz,979bb7d6743cc763084c3843ea3c8f469d845435c48ea954048a0665b824dbab
exact7,exact7__recovered27_common__D10000__f7__d7,recovered27_common,4.7,Min-Max,2498,510.4660356416167,"{""D"": 10000, ""draw"": 7, ""f"": 7, ""kind"": ""fraction""}",results/archives/PAPERB_B9C_REMAINING_AUTHOR_RUN_050926.zip,PAPERB_B9C_REMAINING_AUTHOR_RUN_050926/raw/exact7/exact7__recovered27_common__D10000__f7__d7.npz,979bb7d6743cc763084c3843ea3c8f469d845435c48ea954048a0665b824dbab
exact7,exact7__official27_common__reference,official27_common,4.7,WCL,2498,550.147955381421,"{""kind"": ""reference""}",results/archives/PAPERB_B9C_REMAINING_AUTHOR_RUN_050926.zip,PAPERB_B9C_REMAINING_AUTHOR_RUN_050926/raw/exact7/exact7__official27_common__reference.npz,cca860026c86dcd4108a2e89c02436f54d2c4879eba2326988a28a873aaa0bab
exact7,exact7__official27_common__reference,official27_common,4.7,ABS,2498,560.2566653454028,"{""kind"": ""reference""}",results/archives/PAPERB_B9C_REMAINING_AUTHOR_RUN_050926.zip,PAPERB_B9C_REMAINING_AUTHOR_RUN_050926/raw/exact7/exact7__official27_common__reference.npz,cca860026c86dcd4108a2e89c02436f54d2c4879eba2326988a28a873aaa0bab
exact7,exact7__official27_common__reference,official27_common,4.7,DIFF,2498,1104.02759665123,"{""kind"": ""reference""}",results/archives/PAPERB_B9C_REMAINING_AUTHOR_RUN_050926.zip,PAPERB_B9C_REMAINING_AUTHOR_RUN_050926/raw/exact7/exact7__official27_common__reference.npz,cca860026c86dcd4108a2e89c02436f54d2c4879eba2326988a28a873aaa0bab
exact7,exact7__official27_common__reference,official27_common,4.7,Min-Max,2498,442.6550881089566,"{""kind"": ""reference""}",results/archives/PAPERB_B9C_REMAINING_AUTHOR_RUN_050926.zip,PAPERB_B9C_REMAINING_AUTHOR_RUN_050926/raw/exact7/exact7__official27_common__reference.npz,cca860026c86dcd4108a2e89c02436f54d2c4879eba2326988a28a873aaa0bab
exact7,exact7__official27_common__D1000__f7__d0,official27_common,4.7,WCL,2498,659.2592412894418,"{""D"": 1000, ""draw"": 0, ""f"": 7, ""kind"": ""fraction""}",results/archives/PAPERB_B9C_REMAINING_AUTHOR_RUN_050926.zip,PAPERB_B9C_REMAINING_AUTHOR_RUN_050926/raw/exact7/exact7__official27_common__D1000__f7__d0.npz,cbb86bd23e5738cec4c6e0f0ba95d94e6d91e0c04bb5158e53e64a6c89e2dcc9
exact7,exact7__official27_common__D1000__f7__d0,official27_common,4.7,ABS,2498,575.3676677226879,"{""D"": 1000, ""draw"": 0, ""f"": 7, ""kind"": ""fraction""}",results/archives/PAPERB_B9C_REMAINING_AUTHOR_RUN_050926.zip,PAPERB_B9C_REMAINING_AUTHOR_RUN_050926/raw/exact7/exact7__official27_common__D1000__f7__d0.npz,cbb86bd23e5738cec4c6e0f0ba95d94e6d91e0c04bb5158e53e64a6c89e2dcc9
exact7,exact7__official27_common__D1000__f7__d0,official27_common,4.7,DIFF,2498,1615.2685788049143,"{""D"": 1000, ""draw"": 0, ""f"": 7, ""kind"": ""fraction""}",results/archives/PAPERB_B9C_REMAINING_AUTHOR_RUN_050926.zip,PAPERB_B9C_REMAINING_AUTHOR_RUN_050926/raw/exact7/exact7__official27_common__D1000__f7__d0.npz,cbb86bd23e5738cec4c6e0f0ba95d94e6d91e0c04bb5158e53e64a6c89e2dcc9
exact7,exact7__official27_common__D1000__f7__d0,official27_common,4.7,Min-Max,2498,517.5335381882483,"{""D"": 1000, ""draw"": 0, ""f"": 7, ""kind"": ""fraction""}",results/archives/PAPERB_B9C_REMAINING_AUTHOR_RUN_050926.zip,PAPERB_B9C_REMAINING_AUTHOR_RUN_050926/raw/exact7/exact7__official27_common__D1000__f7__d0.npz,cbb86bd23e5738cec4c6e0f0ba95d94e6d91e0c04bb5158e53e64a6c89e2dcc9
exact7,exact7__official27_common__D1000__f7__d1,official27_common,4.7,WCL,2498,573.4103309215336,"{""D"": 1000, ""draw"": 1, ""f"": 7, ""kind"": ""fraction""}",results/archives/PAPERB_B9C_REMAINING_AUTHOR_RUN_050926.zip,PAPERB_B9C_REMAINING_AUTHOR_RUN_050926/raw/exact7/exact7__official27_common__D1000__f7__d1.npz,3b4837617f274e61f1a9f9a354a31864b9930dc17e02eb6676aa6543fa5f669e
exact7,exact7__official27_common__D1000__f7__d1,official27_common,4.7,ABS,2498,616.117767735426,"{""D"": 1000, ""draw"": 1, ""f"": 7, ""kind"": ""fraction""}",results/archives/PAPERB_B9C_REMAINING_AUTHOR_RUN_050926.zip,PAPERB_B9C_REMAINING_AUTHOR_RUN_050926/raw/exact7/exact7__official27_common__D1000__f7__d1.npz,3b4837617f274e61f1a9f9a354a31864b9930dc17e02eb6676aa6543fa5f669e
exact7,exact7__official27_common__D1000__f7__d1,official27_common,4.7,DIFF,2498,1161.8069044484182,"{""D"": 1000, ""draw"": 1, ""f"": 7, ""kind"": ""fraction""}",results/archives/PAPERB_B9C_REMAINING_AUTHOR_RUN_050926.zip,PAPERB_B9C_REMAINING_AUTHOR_RUN_050926/raw/exact7/exact7__official27_common__D1000__f7__d1.npz,3b4837617f274e61f1a9f9a354a31864b9930dc17e02eb6676aa6543fa5f669e
exact7,exact7__official27_common__D1000__f7__d1,official27_common,4.7,Min-Max,2498,463.5980457762089,"{""D"": 1000, ""draw"": 1, ""f"": 7, ""kind"": ""fraction""}",results/archives/PAPERB_B9C_REMAINING_AUTHOR_RUN_050926.zip,PAPERB_B9C_REMAINING_AUTHOR_RUN_050926/raw/exact7/exact7__official27_common__D1000__f7__d1.npz,3b4837617f274e61f1a9f9a354a31864b9930dc17e02eb6676aa6543fa5f669e
exact7,exact7__official27_common__D1000__f7__d2,official27_common,4.7,WCL,2498,639.531477858118,"{""D"": 1000, ""draw"": 2, ""f"": 7, ""kind"": ""fraction""}",results/archives/PAPERB_B9C_REMAINING_AUTHOR_RUN_050926.zip,PAPERB_B9C_REMAINING_AUTHOR_RUN_050926/raw/exact7/exact7__official27_common__D1000__f7__d2.npz,427764ab4f02a97d7cd96fa241997cbe0272b507a431feef96d2a653a681de8f
exact7,exact7__official27_common__D1000__f7__d2,official27_common,4.7,ABS,2498,590.177024614609,"{""D"": 1000, ""draw"": 2, ""f"": 7, ""kind"": ""fraction""}",results/archives/PAPERB_B9C_REMAINING_AUTHOR_RUN_050926.zip,PAPERB_B9C_REMAINING_AUTHOR_RUN_050926/raw/exact7/exact7__official27_common__D1000__f7__d2.npz,427764ab4f02a97d7cd96fa241997cbe0272b507a431feef96d2a653a681de8f
exact7,exact7__official27_common__D1000__f7__d2,official27_common,4.7,DIFF,2498,1206.8750654296477,"{""D"": 1000, ""draw"": 2, ""f"": 7, ""kind"": ""fraction""}",results/archives/PAPERB_B9C_REMAINING_AUTHOR_RUN_050926.zip,PAPERB_B9C_REMAINING_AUTHOR_RUN_050926/raw/exact7/exact7__official27_common__D1000__f7__d2.npz,427764ab4f02a97d7cd96fa241997cbe0272b507a431feef96d2a653a681de8f
exact7,exact7__official27_common__D1000__f7__d2,official27_common,4.7,Min-Max,2498,483.9649458698701,"{""D"": 1000, ""draw"": 2, ""f"": 7, ""kind"": ""fraction""}",results/archives/PAPERB_B9C_REMAINING_AUTHOR_RUN_050926.zip,PAPERB_B9C_REMAINING_AUTHOR_RUN_050926/raw/exact7/exact7__official27_common__D1000__f7__d2.npz,427764ab4f02a97d7cd96fa241997cbe0272b507a431feef96d2a653a681de8f
exact7,exact7__official27_common__D1000__f7__d3,official27_common,4.7,WCL,2498,530.4441267031675,"{""D"": 1000, ""draw"": 3, ""f"": 7, ""kind"": ""fraction""}",results/archives/PAPERB_B9C_REMAINING_AUTHOR_RUN_050926.zip,PAPERB_B9C_REMAINING_AUTHOR_RUN_050926/raw/exact7/exact7__official27_common__D1000__f7__d3.npz,eb18e5cebc7ca590e92e433c52d45b9f042d75d75a76691cd6f2745e9150f28f
exact7,exact7__official27_common__D1000__f7__d3,official27_common,4.7,ABS,2498,574.7900484537188,"{""D"": 1000, ""draw"": 3, ""f"": 7, ""kind"": ""fraction""}",results/archives/PAPERB_B9C_REMAINING_AUTHOR_RUN_050926.zip,PAPERB_B9C_REMAINING_AUTHOR_RUN_050926/raw/exact7/exact7__official27_common__D1000__f7__d3.npz,eb18e5cebc7ca590e92e433c52d45b9f042d75d75a76691cd6f2745e9150f28f
exact7,exact7__official27_common__D1000__f7__d3,official27_common,4.7,DIFF,2498,1169.3409822907436,"{""D"": 1000, ""draw"": 3, ""f"": 7, ""kind"": ""fraction""}",results/archives/PAPERB_B9C_REMAINING_AUTHOR_RUN_050926.zip,PAPERB_B9C_REMAINING_AUTHOR_RUN_050926/raw/exact7/exact7__official27_common__D1000__f7__d3.npz,eb18e5cebc7ca590e92e433c52d45b9f042d75d75a76691cd6f2745e9150f28f
exact7,exact7__official27_common__D1000__f7__d3,official27_common,4.7,Min-Max,2498,410.2734616745407,"{""D"": 1000, ""draw"": 3, ""f"": 7, ""kind"": ""fraction""}",results/archives/PAPERB_B9C_REMAINING_AUTHOR_RUN_050926.zip,PAPERB_B9C_REMAINING_AUTHOR_RUN_050926/raw/exact7/exact7__official27_common__D1000__f7__d3.npz,eb18e5cebc7ca590e92e433c52d45b9f042d75d75a76691cd6f2745e9150f28f
exact7,exact7__official27_common__D1000__f7__d4,official27_common,4.7,WCL,2498,615.7973224065945,"{""D"": 1000, ""draw"": 4, ""f"": 7, ""kind"": ""fraction""}",results/archives/PAPERB_B9C_REMAINING_AUTHOR_RUN_050926.zip,PAPERB_B9C_REMAINING_AUTHOR_RUN_050926/raw/exact7/exact7__official27_common__D1000__f7__d4.npz,f5ed346d7fa870685296b6dfac46cb4b1e756e1990e1fdebdb5b7b58a1b15456
exact7,exact7__official27_common__D1000__f7__d4,official27_common,4.7,ABS,2498,625.9217502142376,"{""D"": 1000, ""draw"": 4, ""f"": 7, ""kind"": ""fraction""}",results/archives/PAPERB_B9C_REMAINING_AUTHOR_RUN_050926.zip,PAPERB_B9C_REMAINING_AUTHOR_RUN_050926/raw/exact7/exact7__official27_common__D1000__f7__d4.npz,f5ed346d7fa870685296b6dfac46cb4b1e756e1990e1fdebdb5b7b58a1b15456
exact7,exact7__official27_common__D1000__f7__d4,official27_common,4.7,DIFF,2498,1399.9614536268073,"{""D"": 1000, ""draw"": 4, ""f"": 7, ""kind"": ""fraction""}",results/archives/PAPERB_B9C_REMAINING_AUTHOR_RUN_050926.zip,PAPERB_B9C_REMAINING_AUTHOR_RUN_050926/raw/exact7/exact7__official27_common__D1000__f7__d4.npz,f5ed346d7fa870685296b6dfac46cb4b1e756e1990e1fdebdb5b7b58a1b15456
exact7,exact7__official27_common__D1000__f7__d4,official27_common,4.7,Min-Max,2498,497.123767903366,"{""D"": 1000, ""draw"": 4, ""f"": 7, ""kind"": ""fraction""}",results/archives/PAPERB_B9C_REMAINING_AUTHOR_RUN_050926.zip,PAPERB_B9C_REMAINING_AUTHOR_RUN_050926/raw/exact7/exact7__official27_common__D1000__f7__d4.npz,f5ed346d7fa870685296b6dfac46cb4b1e756e1990e1fdebdb5b7b58a1b15456
exact7,exact7__official27_common__D1000__f7__d5,official27_common,4.7,WCL,2498,560.4958262392614,"{""D"": 1000, ""draw"": 5, ""f"": 7, ""kind"": ""fraction""}",results/archives/PAPERB_B9C_REMAINING_AUTHOR_RUN_050926.zip,PAPERB_B9C_REMAINING_AUTHOR_RUN_050926/raw/exact7/exact7__official27_common__D1000__f7__d5.npz,53864137fdfc955b545c7a7c9e5760b745b563170be41aab71e86069c055efca
exact7,exact7__official27_common__D1000__f7__d5,official27_common,4.7,ABS,2498,559.696026144539,"{""D"": 1000, ""draw"": 5, ""f"": 7, ""kind"": ""fraction""}",results/archives/PAPERB_B9C_REMAINING_AUTHOR_RUN_050926.zip,PAPERB_B9C_REMAINING_AUTHOR_RUN_050926/raw/exact7/exact7__official27_common__D1000__f7__d5.npz,53864137fdfc955b545c7a7c9e5760b745b563170be41aab71e86069c055efca
exact7,exact7__official27_common__D1000__f7__d5,official27_common,4.7,DIFF,2498,989.2993379261252,"{""D"": 1000, ""draw"": 5, ""f"": 7, ""kind"": ""fraction""}",results/archives/PAPERB_B9C_REMAINING_AUTHOR_RUN_050926.zip,PAPERB_B9C_REMAINING_AUTHOR_RUN_050926/raw/exact7/exact7__official27_common__D1000__f7__d5.npz,53864137fdfc955b545c7a7c9e5760b745b563170be41aab71e86069c055efca
exact7,exact7__official27_common__D1000__f7__d5,official27_common,4.7,Min-Max,2498,448.82308541744624,"{""D"": 1000, ""draw"": 5, ""f"": 7, ""kind"": ""fraction""}",results/archives/PAPERB_B9C_REMAINING_AUTHOR_RUN_050926.zip,PAPERB_B9C_REMAINING_AUTHOR_RUN_050926/raw/exact7/exact7__official27_common__D1000__f7__d5.npz,53864137fdfc955b545c7a7c9e5760b745b563170be41aab71e86069c055efca
exact7,exact7__official27_common__D1000__f7__d6,official27_common,4.7,WCL,2498,612.5681325941483,"{""D"": 1000, ""draw"": 6, ""f"": 7, ""kind"": ""fraction""}",results/archives/PAPERB_B9C_REMAINING_AUTHOR_RUN_050926.zip,PAPERB_B9C_REMAINING_AUTHOR_RUN_050926/raw/exact7/exact7__official27_common__D1000__f7__d6.npz,32f18fd3086aa368e04ec14439e82e19cd5e252b1e07c6f88edcd4dc21d4847f
exact7,exact7__official27_common__D1000__f7__d6,official27_common,4.7,ABS,2498,643.5552612739564,"{""D"": 1000, ""draw"": 6, ""f"": 7, ""kind"": ""fraction""}",results/archives/PAPERB_B9C_REMAINING_AUTHOR_RUN_050926.zip,PAPERB_B9C_REMAINING_AUTHOR_RUN_050926/raw/exact7/exact7__official27_common__D1000__f7__d6.npz,32f18fd3086aa368e04ec14439e82e19cd5e252b1e07c6f88edcd4dc21d4847f
exact7,exact7__official27_common__D1000__f7__d6,official27_common,4.7,DIFF,2498,1211.5166300160176,"{""D"": 1000, ""draw"": 6, ""f"": 7, ""kind"": ""fraction""}",results/archives/PAPERB_B9C_REMAINING_AUTHOR_RUN_050926.zip,PAPERB_B9C_REMAINING_AUTHOR_RUN_050926/raw/exact7/exact7__official27_common__D1000__f7__d6.npz,32f18fd3086aa368e04ec14439e82e19cd5e252b1e07c6f88edcd4dc21d4847f
exact7,exact7__official27_common__D1000__f7__d6,official27_common,4.7,Min-Max,2498,473.7216769922161,"{""D"": 1000, ""draw"": 6, ""f"": 7, ""kind"": ""fraction""}",results/archives/PAPERB_B9C_REMAINING_AUTHOR_RUN_050926.zip,PAPERB_B9C_REMAINING_AUTHOR_RUN_050926/raw/exact7/exact7__official27_common__D1000__f7__d6.npz,32f18fd3086aa368e04ec14439e82e19cd5e252b1e07c6f88edcd4dc21d4847f
exact7,exact7__official27_common__D1000__f7__d7,official27_common,4.7,WCL,2498,536.4035389849118,"{""D"": 1000, ""draw"": 7, ""f"": 7, ""kind"": ""fraction""}",results/archives/PAPERB_B9C_REMAINING_AUTHOR_RUN_050926.zip,PAPERB_B9C_REMAINING_AUTHOR_RUN_050926/raw/exact7/exact7__official27_common__D1000__f7__d7.npz,374a13e70606644c9627c0eaf7ecf4f59174bb85c18c065b2dd15ffa3427afac
exact7,exact7__official27_common__D1000__f7__d7,official27_common,4.7,ABS,2498,527.748521470651,"{""D"": 1000, ""draw"": 7, ""f"": 7, ""kind"": ""fraction""}",results/archives/PAPERB_B9C_REMAINING_AUTHOR_RUN_050926.zip,PAPERB_B9C_REMAINING_AUTHOR_RUN_050926/raw/exact7/exact7__official27_common__D1000__f7__d7.npz,374a13e70606644c9627c0eaf7ecf4f59174bb85c18c065b2dd15ffa3427afac
exact7,exact7__official27_common__D1000__f7__d7,official27_common,4.7,DIFF,2498,1124.4080156786285,"{""D"": 1000, ""draw"": 7, ""f"": 7, ""kind"": ""fraction""}",results/archives/PAPERB_B9C_REMAINING_AUTHOR_RUN_050926.zip,PAPERB_B9C_REMAINING_AUTHOR_RUN_050926/raw/exact7/exact7__official27_common__D1000__f7__d7.npz,374a13e70606644c9627c0eaf7ecf4f59174bb85c18c065b2dd15ffa3427afac
exact7,exact7__official27_common__D1000__f7__d7,official27_common,4.7,Min-Max,2498,438.08062021206285,"{""D"": 1000, ""draw"": 7, ""f"": 7, ""kind"": ""fraction""}",results/archives/PAPERB_B9C_REMAINING_AUTHOR_RUN_050926.zip,PAPERB_B9C_REMAINING_AUTHOR_RUN_050926/raw/exact7/exact7__official27_common__D1000__f7__d7.npz,374a13e70606644c9627c0eaf7ecf4f59174bb85c18c065b2dd15ffa3427afac
exact7,exact7__official27_common__D10000__f7__d0,official27_common,4.7,WCL,2498,699.099721434136,"{""D"": 10000, ""draw"": 0, ""f"": 7, ""kind"": ""fraction""}",results/archives/PAPERB_B9C_REMAINING_AUTHOR_RUN_050926.zip,PAPERB_B9C_REMAINING_AUTHOR_RUN_050926/raw/exact7/exact7__official27_common__D10000__f7__d0.npz,afd224f5f0ff7fc7815c251f22026f1c24ab8ebf69d6a9aceca4018791907e39
exact7,exact7__official27_common__D10000__f7__d0,official27_common,4.7,ABS,2498,623.5754915747939,"{""D"": 10000, ""draw"": 0, ""f"": 7, ""kind"": ""fraction""}",results/archives/PAPERB_B9C_REMAINING_AUTHOR_RUN_050926.zip,PAPERB_B9C_REMAINING_AUTHOR_RUN_050926/raw/exact7/exact7__official27_common__D10000__f7__d0.npz,afd224f5f0ff7fc7815c251f22026f1c24ab8ebf69d6a9aceca4018791907e39
exact7,exact7__official27_common__D10000__f7__d0,official27_common,4.7,DIFF,2498,953.6529156071749,"{""D"": 10000, ""draw"": 0, ""f"": 7, ""kind"": ""fraction""}",results/archives/PAPERB_B9C_REMAINING_AUTHOR_RUN_050926.zip,PAPERB_B9C_REMAINING_AUTHOR_RUN_050926/raw/exact7/exact7__official27_common__D10000__f7__d0.npz,afd224f5f0ff7fc7815c251f22026f1c24ab8ebf69d6a9aceca4018791907e39
exact7,exact7__official27_common__D10000__f7__d0,official27_common,4.7,Min-Max,2498,668.1945681856024,"{""D"": 10000, ""draw"": 0, ""f"": 7, ""kind"": ""fraction""}",results/archives/PAPERB_B9C_REMAINING_AUTHOR_RUN_050926.zip,PAPERB_B9C_REMAINING_AUTHOR_RUN_050926/raw/exact7/exact7__official27_common__D10000__f7__d0.npz,afd224f5f0ff7fc7815c251f22026f1c24ab8ebf69d6a9aceca4018791907e39
exact7,exact7__official27_common__D10000__f7__d1,official27_common,4.7,WCL,2498,582.5885676997019,"{""D"": 10000, ""draw"": 1, ""f"": 7, ""kind"": ""fraction""}",results/archives/PAPERB_B9C_REMAINING_AUTHOR_RUN_050926.zip,PAPERB_B9C_REMAINING_AUTHOR_RUN_050926/raw/exact7/exact7__official27_common__D10000__f7__d1.npz,e3aedbe17f335a3ed0bb49cdb277c198e71b24ecef5688441f000191db8341d4
exact7,exact7__official27_common__D10000__f7__d1,official27_common,4.7,ABS,2498,593.7829764654757,"{""D"": 10000, ""draw"": 1, ""f"": 7, ""kind"": ""fraction""}",results/archives/PAPERB_B9C_REMAINING_AUTHOR_RUN_050926.zip,PAPERB_B9C_REMAINING_AUTHOR_RUN_050926/raw/exact7/exact7__official27_common__D10000__f7__d1.npz,e3aedbe17f335a3ed0bb49cdb277c198e71b24ecef5688441f000191db8341d4
exact7,exact7__official27_common__D10000__f7__d1,official27_common,4.7,DIFF,2498,773.7010051966063,"{""D"": 10000, ""draw"": 1, ""f"": 7, ""kind"": ""fraction""}",results/archives/PAPERB_B9C_REMAINING_AUTHOR_RUN_050926.zip,PAPERB_B9C_REMAINING_AUTHOR_RUN_050926/raw/exact7/exact7__official27_common__D10000__f7__d1.npz,e3aedbe17f335a3ed0bb49cdb277c198e71b24ecef5688441f000191db8341d4
exact7,exact7__official27_common__D10000__f7__d1,official27_common,4.7,Min-Max,2498,627.337275914389,"{""D"": 10000, ""draw"": 1, ""f"": 7, ""kind"": ""fraction""}",results/archives/PAPERB_B9C_REMAINING_AUTHOR_RUN_050926.zip,PAPERB_B9C_REMAINING_AUTHOR_RUN_050926/raw/exact7/exact7__official27_common__D10000__f7__d1.npz,e3aedbe17f335a3ed0bb49cdb277c198e71b24ecef5688441f000191db8341d4
exact7,exact7__official27_common__D10000__f7__d2,official27_common,4.7,WCL,2498,644.9848402146488,"{""D"": 10000, ""draw"": 2, ""f"": 7, ""kind"": ""fraction""}",results/archives/PAPERB_B9C_REMAINING_AUTHOR_RUN_050926.zip,PAPERB_B9C_REMAINING_AUTHOR_RUN_050926/raw/exact7/exact7__official27_common__D10000__f7__d2.npz,fbc382205e7ed8852b862d5bc401edfe88031f3a208dda1f50ed8ac0de22b326
exact7,exact7__official27_common__D10000__f7__d2,official27_common,4.7,ABS,2498,646.00703550636,"{""D"": 10000, ""draw"": 2, ""f"": 7, ""kind"": ""fraction""}",results/archives/PAPERB_B9C_REMAINING_AUTHOR_RUN_050926.zip,PAPERB_B9C_REMAINING_AUTHOR_RUN_050926/raw/exact7/exact7__official27_common__D10000__f7__d2.npz,fbc382205e7ed8852b862d5bc401edfe88031f3a208dda1f50ed8ac0de22b326
exact7,exact7__official27_common__D10000__f7__d2,official27_common,4.7,DIFF,2498,845.6490335877681,"{""D"": 10000, ""draw"": 2, ""f"": 7, ""kind"": ""fraction""}",results/archives/PAPERB_B9C_REMAINING_AUTHOR_RUN_050926.zip,PAPERB_B9C_REMAINING_AUTHOR_RUN_050926/raw/exact7/exact7__official27_common__D10000__f7__d2.npz,fbc382205e7ed8852b862d5bc401edfe88031f3a208dda1f50ed8ac0de22b326
exact7,exact7__official27_common__D10000__f7__d2,official27_common,4.7,Min-Max,2498,648.7524606968948,"{""D"": 10000, ""draw"": 2, ""f"": 7, ""kind"": ""fraction""}",results/archives/PAPERB_B9C_REMAINING_AUTHOR_RUN_050926.zip,PAPERB_B9C_REMAINING_AUTHOR_RUN_050926/raw/exact7/exact7__official27_common__D10000__f7__d2.npz,fbc382205e7ed8852b862d5bc401edfe88031f3a208dda1f50ed8ac0de22b326
exact7,exact7__official27_common__D10000__f7__d3,official27_common,4.7,WCL,2498,546.6753385433319,"{""D"": 10000, ""draw"": 3, ""f"": 7, ""kind"": ""fraction""}",results/archives/PAPERB_B9C_REMAINING_AUTHOR_RUN_050926.zip,PAPERB_B9C_REMAINING_AUTHOR_RUN_050926/raw/exact7/exact7__official27_common__D10000__f7__d3.npz,1af39eb9da4071d068122ad9ecca60217b0350cc412c2e5c81999805f91e1b61
exact7,exact7__official27_common__D10000__f7__d3,official27_common,4.7,ABS,2498,598.5047686924811,"{""D"": 10000, ""draw"": 3, ""f"": 7, ""kind"": ""fraction""}",results/archives/PAPERB_B9C_REMAINING_AUTHOR_RUN_050926.zip,PAPERB_B9C_REMAINING_AUTHOR_RUN_050926/raw/exact7/exact7__official27_common__D10000__f7__d3.npz,1af39eb9da4071d068122ad9ecca60217b0350cc412c2e5c81999805f91e1b61
exact7,exact7__official27_common__D10000__f7__d3,official27_common,4.7,DIFF,2498,780.5995286552542,"{""D"": 10000, ""draw"": 3, ""f"": 7, ""kind"": ""fraction""}",results/archives/PAPERB_B9C_REMAINING_AUTHOR_RUN_050926.zip,PAPERB_B9C_REMAINING_AUTHOR_RUN_050926/raw/exact7/exact7__official27_common__D10000__f7__d3.npz,1af39eb9da4071d068122ad9ecca60217b0350cc412c2e5c81999805f91e1b61
exact7,exact7__official27_common__D10000__f7__d3,official27_common,4.7,Min-Max,2498,575.3443804245221,"{""D"": 10000, ""draw"": 3, ""f"": 7, ""kind"": ""fraction""}",results/archives/PAPERB_B9C_REMAINING_AUTHOR_RUN_050926.zip,PAPERB_B9C_REMAINING_AUTHOR_RUN_050926/raw/exact7/exact7__official27_common__D10000__f7__d3.npz,1af39eb9da4071d068122ad9ecca60217b0350cc412c2e5c81999805f91e1b61
exact7,exact7__official27_common__D10000__f7__d4,official27_common,4.7,WCL,2498,646.9137799878295,"{""D"": 10000, ""draw"": 4, ""f"": 7, ""kind"": ""fraction""}",results/archives/PAPERB_B9C_REMAINING_AUTHOR_RUN_050926.zip,PAPERB_B9C_REMAINING_AUTHOR_RUN_050926/raw/exact7/exact7__official27_common__D10000__f7__d4.npz,b321412e97d2b7cb0cdd4712d2be71c5a693bb1c49d7c245ae9bec0bff768415
exact7,exact7__official27_common__D10000__f7__d4,official27_common,4.7,ABS,2498,741.4772265865327,"{""D"": 10000, ""draw"": 4, ""f"": 7, ""kind"": ""fraction""}",results/archives/PAPERB_B9C_REMAINING_AUTHOR_RUN_050926.zip,PAPERB_B9C_REMAINING_AUTHOR_RUN_050926/raw/exact7/exact7__official27_common__D10000__f7__d4.npz,b321412e97d2b7cb0cdd4712d2be71c5a693bb1c49d7c245ae9bec0bff768415
exact7,exact7__official27_common__D10000__f7__d4,official27_common,4.7,DIFF,2498,982.874829428755,"{""D"": 10000, ""draw"": 4, ""f"": 7, ""kind"": ""fraction""}",results/archives/PAPERB_B9C_REMAINING_AUTHOR_RUN_050926.zip,PAPERB_B9C_REMAINING_AUTHOR_RUN_050926/raw/exact7/exact7__official27_common__D10000__f7__d4.npz,b321412e97d2b7cb0cdd4712d2be71c5a693bb1c49d7c245ae9bec0bff768415
exact7,exact7__official27_common__D10000__f7__d4,official27_common,4.7,Min-Max,2498,691.0862418461882,"{""D"": 10000, ""draw"": 4, ""f"": 7, ""kind"": ""fraction""}",results/archives/PAPERB_B9C_REMAINING_AUTHOR_RUN_050926.zip,PAPERB_B9C_REMAINING_AUTHOR_RUN_050926/raw/exact7/exact7__official27_common__D10000__f7__d4.npz,b321412e97d2b7cb0cdd4712d2be71c5a693bb1c49d7c245ae9bec0bff768415
exact7,exact7__official27_common__D10000__f7__d5,official27_common,4.7,WCL,2498,605.6618086260402,"{""D"": 10000, ""draw"": 5, ""f"": 7, ""kind"": ""fraction""}",results/archives/PAPERB_B9C_REMAINING_AUTHOR_RUN_050926.zip,PAPERB_B9C_REMAINING_AUTHOR_RUN_050926/raw/exact7/exact7__official27_common__D10000__f7__d5.npz,e77ae4ff4356faf184b2cf3db9077a7b29c04e1d4cd1c414247bba0faa368652
exact7,exact7__official27_common__D10000__f7__d5,official27_common,4.7,ABS,2498,560.5029077829261,"{""D"": 10000, ""draw"": 5, ""f"": 7, ""kind"": ""fraction""}",results/archives/PAPERB_B9C_REMAINING_AUTHOR_RUN_050926.zip,PAPERB_B9C_REMAINING_AUTHOR_RUN_050926/raw/exact7/exact7__official27_common__D10000__f7__d5.npz,e77ae4ff4356faf184b2cf3db9077a7b29c04e1d4cd1c414247bba0faa368652
exact7,exact7__official27_common__D10000__f7__d5,official27_common,4.7,DIFF,2498,748.6205280706195,"{""D"": 10000, ""draw"": 5, ""f"": 7, ""kind"": ""fraction""}",results/archives/PAPERB_B9C_REMAINING_AUTHOR_RUN_050926.zip,PAPERB_B9C_REMAINING_AUTHOR_RUN_050926/raw/exact7/exact7__official27_common__D10000__f7__d5.npz,e77ae4ff4356faf184b2cf3db9077a7b29c04e1d4cd1c414247bba0faa368652
exact7,exact7__official27_common__D10000__f7__d5,official27_common,4.7,Min-Max,2498,776.6306013472314,"{""D"": 10000, ""draw"": 5, ""f"": 7, ""kind"": ""fraction""}",results/archives/PAPERB_B9C_REMAINING_AUTHOR_RUN_050926.zip,PAPERB_B9C_REMAINING_AUTHOR_RUN_050926/raw/exact7/exact7__official27_common__D10000__f7__d5.npz,e77ae4ff4356faf184b2cf3db9077a7b29c04e1d4cd1c414247bba0faa368652
exact7,exact7__official27_common__D10000__f7__d6,official27_common,4.7,WCL,2498,604.909568590437,"{""D"": 10000, ""draw"": 6, ""f"": 7, ""kind"": ""fraction""}",results/archives/PAPERB_B9C_REMAINING_AUTHOR_RUN_050926.zip,PAPERB_B9C_REMAINING_AUTHOR_RUN_050926/raw/exact7/exact7__official27_common__D10000__f7__d6.npz,12dad880932f17dae1f8f94e0bbd3b9468c9cea4e21a958a4822fe7bdf2b7b01
exact7,exact7__official27_common__D10000__f7__d6,official27_common,4.7,ABS,2498,697.2297192237962,"{""D"": 10000, ""draw"": 6, ""f"": 7, ""kind"": ""fraction""}",results/archives/PAPERB_B9C_REMAINING_AUTHOR_RUN_050926.zip,PAPERB_B9C_REMAINING_AUTHOR_RUN_050926/raw/exact7/exact7__official27_common__D10000__f7__d6.npz,12dad880932f17dae1f8f94e0bbd3b9468c9cea4e21a958a4822fe7bdf2b7b01
exact7,exact7__official27_common__D10000__f7__d6,official27_common,4.7,DIFF,2498,922.0510363164808,"{""D"": 10000, ""draw"": 6, ""f"": 7, ""kind"": ""fraction""}",results/archives/PAPERB_B9C_REMAINING_AUTHOR_RUN_050926.zip,PAPERB_B9C_REMAINING_AUTHOR_RUN_050926/raw/exact7/exact7__official27_common__D10000__f7__d6.npz,12dad880932f17dae1f8f94e0bbd3b9468c9cea4e21a958a4822fe7bdf2b7b01
exact7,exact7__official27_common__D10000__f7__d6,official27_common,4.7,Min-Max,2498,571.293001619543,"{""D"": 10000, ""draw"": 6, ""f"": 7, ""kind"": ""fraction""}",results/archives/PAPERB_B9C_REMAINING_AUTHOR_RUN_050926.zip,PAPERB_B9C_REMAINING_AUTHOR_RUN_050926/raw/exact7/exact7__official27_common__D10000__f7__d6.npz,12dad880932f17dae1f8f94e0bbd3b9468c9cea4e21a958a4822fe7bdf2b7b01
exact7,exact7__official27_common__D10000__f7__d7,official27_common,4.7,WCL,2498,568.6667173669384,"{""D"": 10000, ""draw"": 7, ""f"": 7, ""kind"": ""fraction""}",results/archives/PAPERB_B9C_REMAINING_AUTHOR_RUN_050926.zip,PAPERB_B9C_REMAINING_AUTHOR_RUN_050926/raw/exact7/exact7__official27_common__D10000__f7__d7.npz,a5fb2083cf78afed19fc1667b174885b008957153be090b88993a3df7371250c
exact7,exact7__official27_common__D10000__f7__d7,official27_common,4.7,ABS,2498,583.0374668679233,"{""D"": 10000, ""draw"": 7, ""f"": 7, ""kind"": ""fraction""}",results/archives/PAPERB_B9C_REMAINING_AUTHOR_RUN_050926.zip,PAPERB_B9C_REMAINING_AUTHOR_RUN_050926/raw/exact7/exact7__official27_common__D10000__f7__d7.npz,a5fb2083cf78afed19fc1667b174885b008957153be090b88993a3df7371250c
exact7,exact7__official27_common__D10000__f7__d7,official27_common,4.7,DIFF,2498,775.8350334525076,"{""D"": 10000, ""draw"": 7, ""f"": 7, ""kind"": ""fraction""}",results/archives/PAPERB_B9C_REMAINING_AUTHOR_RUN_050926.zip,PAPERB_B9C_REMAINING_AUTHOR_RUN_050926/raw/exact7/exact7__official27_common__D10000__f7__d7.npz,a5fb2083cf78afed19fc1667b174885b008957153be090b88993a3df7371250c
exact7,exact7__official27_common__D10000__f7__d7,official27_common,4.7,Min-Max,2498,519.6774284042153,"{""D"": 10000, ""draw"": 7, ""f"": 7, ""kind"": ""fraction""}",results/archives/PAPERB_B9C_REMAINING_AUTHOR_RUN_050926.zip,PAPERB_B9C_REMAINING_AUTHOR_RUN_050926/raw/exact7/exact7__official27_common__D10000__f7__d7.npz,a5fb2083cf78afed19fc1667b174885b008957153be090b88993a3df7371250c
exact7,exact7__recovered26_common_minus71__reference,recovered26_common_minus71,4.7,WCL,2494,613.7384027086815,"{""kind"": ""reference""}",results/archives/PAPERB_B9C_REMAINING_AUTHOR_RUN_050926.zip,PAPERB_B9C_REMAINING_AUTHOR_RUN_050926/raw/exact7/exact7__recovered26_common_minus71__reference.npz,b59961941ae0f618ff09f0658c10808fabf0fbafeead5fdfd96f5455ba8d046b
exact7,exact7__recovered26_common_minus71__reference,recovered26_common_minus71,4.7,ABS,2494,644.4770106056751,"{""kind"": ""reference""}",results/archives/PAPERB_B9C_REMAINING_AUTHOR_RUN_050926.zip,PAPERB_B9C_REMAINING_AUTHOR_RUN_050926/raw/exact7/exact7__recovered26_common_minus71__reference.npz,b59961941ae0f618ff09f0658c10808fabf0fbafeead5fdfd96f5455ba8d046b
exact7,exact7__recovered26_common_minus71__reference,recovered26_common_minus71,4.7,DIFF,2494,1001.075109489035,"{""kind"": ""reference""}",results/archives/PAPERB_B9C_REMAINING_AUTHOR_RUN_050926.zip,PAPERB_B9C_REMAINING_AUTHOR_RUN_050926/raw/exact7/exact7__recovered26_common_minus71__reference.npz,b59961941ae0f618ff09f0658c10808fabf0fbafeead5fdfd96f5455ba8d046b
exact7,exact7__recovered26_common_minus71__reference,recovered26_common_minus71,4.7,Min-Max,2494,509.6405932843563,"{""kind"": ""reference""}",results/archives/PAPERB_B9C_REMAINING_AUTHOR_RUN_050926.zip,PAPERB_B9C_REMAINING_AUTHOR_RUN_050926/raw/exact7/exact7__recovered26_common_minus71__reference.npz,b59961941ae0f618ff09f0658c10808fabf0fbafeead5fdfd96f5455ba8d046b
exact7,exact7__recovered26_common_minus71__D1000__f7__d0,recovered26_common_minus71,4.7,WCL,2494,811.2344396251826,"{""D"": 1000, ""draw"": 0, ""f"": 7, ""kind"": ""fraction""}",results/archives/PAPERB_B9C_REMAINING_AUTHOR_RUN_050926.zip,PAPERB_B9C_REMAINING_AUTHOR_RUN_050926/raw/exact7/exact7__recovered26_common_minus71__D1000__f7__d0.npz,647a2b6c81c4432d4f155fd3647f28c8e086382f804e400898ab1d5a761e9ce0
exact7,exact7__recovered26_common_minus71__D1000__f7__d0,recovered26_common_minus71,4.7,ABS,2494,688.3284762642131,"{""D"": 1000, ""draw"": 0, ""f"": 7, ""kind"": ""fraction""}",results/archives/PAPERB_B9C_REMAINING_AUTHOR_RUN_050926.zip,PAPERB_B9C_REMAINING_AUTHOR_RUN_050926/raw/exact7/exact7__recovered26_common_minus71__D1000__f7__d0.npz,647a2b6c81c4432d4f155fd3647f28c8e086382f804e400898ab1d5a761e9ce0
exact7,exact7__recovered26_common_minus71__D1000__f7__d0,recovered26_common_minus71,4.7,DIFF,2494,1554.0537348577263,"{""D"": 1000, ""draw"": 0, ""f"": 7, ""kind"": ""fraction""}",results/archives/PAPERB_B9C_REMAINING_AUTHOR_RUN_050926.zip,PAPERB_B9C_REMAINING_AUTHOR_RUN_050926/raw/exact7/exact7__recovered26_common_minus71__D1000__f7__d0.npz,647a2b6c81c4432d4f155fd3647f28c8e086382f804e400898ab1d5a761e9ce0
exact7,exact7__recovered26_common_minus71__D1000__f7__d0,recovered26_common_minus71,4.7,Min-Max,2494,609.5811261845733,"{""D"": 1000, ""draw"": 0, ""f"": 7, ""kind"": ""fraction""}",results/archives/PAPERB_B9C_REMAINING_AUTHOR_RUN_050926.zip,PAPERB_B9C_REMAINING_AUTHOR_RUN_050926/raw/exact7/exact7__recovered26_common_minus71__D1000__f7__d0.npz,647a2b6c81c4432d4f155fd3647f28c8e086382f804e400898ab1d5a761e9ce0
exact7,exact7__recovered26_common_minus71__D1000__f7__d1,recovered26_common_minus71,4.7,WCL,2494,867.1889360160708,"{""D"": 1000, ""draw"": 1, ""f"": 7, ""kind"": ""fraction""}",results/archives/PAPERB_B9C_REMAINING_AUTHOR_RUN_050926.zip,PAPERB_B9C_REMAINING_AUTHOR_RUN_050926/raw/exact7/exact7__recovered26_common_minus71__D1000__f7__d1.npz,3d4fe32290563a03253fcf84e8c4cffad2ee50d15414398f22cb1bd69f8f661e
exact7,exact7__recovered26_common_minus71__D1000__f7__d1,recovered26_common_minus71,4.7,ABS,2494,712.6584717405118,"{""D"": 1000, ""draw"": 1, ""f"": 7, ""kind"": ""fraction""}",results/archives/PAPERB_B9C_REMAINING_AUTHOR_RUN_050926.zip,PAPERB_B9C_REMAINING_AUTHOR_RUN_050926/raw/exact7/exact7__recovered26_common_minus71__D1000__f7__d1.npz,3d4fe32290563a03253fcf84e8c4cffad2ee50d15414398f22cb1bd69f8f661e
exact7,exact7__recovered26_common_minus71__D1000__f7__d1,recovered26_common_minus71,4.7,DIFF,2494,1023.1824188236686,"{""D"": 1000, ""draw"": 1, ""f"": 7, ""kind"": ""fraction""}",results/archives/PAPERB_B9C_REMAINING_AUTHOR_RUN_050926.zip,PAPERB_B9C_REMAINING_AUTHOR_RUN_050926/raw/exact7/exact7__recovered26_common_minus71__D1000__f7__d1.npz,3d4fe32290563a03253fcf84e8c4cffad2ee50d15414398f22cb1bd69f8f661e
exact7,exact7__recovered26_common_minus71__D1000__f7__d1,recovered26_common_minus71,4.7,Min-Max,2494,599.9923054480159,"{""D"": 1000, ""draw"": 1, ""f"": 7, ""kind"": ""fraction""}",results/archives/PAPERB_B9C_REMAINING_AUTHOR_RUN_050926.zip,PAPERB_B9C_REMAINING_AUTHOR_RUN_050926/raw/exact7/exact7__recovered26_common_minus71__D1000__f7__d1.npz,3d4fe32290563a03253fcf84e8c4cffad2ee50d15414398f22cb1bd69f8f661e
exact7,exact7__recovered26_common_minus71__D1000__f7__d2,recovered26_common_minus71,4.7,WCL,2494,646.6764145388922,"{""D"": 1000, ""draw"": 2, ""f"": 7, ""kind"": ""fraction""}",results/archives/PAPERB_B9C_REMAINING_AUTHOR_RUN_050926.zip,PAPERB_B9C_REMAINING_AUTHOR_RUN_050926/raw/exact7/exact7__recovered26_common_minus71__D1000__f7__d2.npz,29ba989c72c7d821f5bf0233fc94dbb60fbb63813eb817195c1e95f82cd321c2
exact7,exact7__recovered26_common_minus71__D1000__f7__d2,recovered26_common_minus71,4.7,ABS,2494,672.2765688712198,"{""D"": 1000, ""draw"": 2, ""f"": 7, ""kind"": ""fraction""}",results/archives/PAPERB_B9C_REMAINING_AUTHOR_RUN_050926.zip,PAPERB_B9C_REMAINING_AUTHOR_RUN_050926/raw/exact7/exact7__recovered26_common_minus71__D1000__f7__d2.npz,29ba989c72c7d821f5bf0233fc94dbb60fbb63813eb817195c1e95f82cd321c2
exact7,exact7__recovered26_common_minus71__D1000__f7__d2,recovered26_common_minus71,4.7,DIFF,2494,1054.3424380942702,"{""D"": 1000, ""draw"": 2, ""f"": 7, ""kind"": ""fraction""}",results/archives/PAPERB_B9C_REMAINING_AUTHOR_RUN_050926.zip,PAPERB_B9C_REMAINING_AUTHOR_RUN_050926/raw/exact7/exact7__recovered26_common_minus71__D1000__f7__d2.npz,29ba989c72c7d821f5bf0233fc94dbb60fbb63813eb817195c1e95f82cd321c2
exact7,exact7__recovered26_common_minus71__D1000__f7__d2,recovered26_common_minus71,4.7,Min-Max,2494,533.6390288525104,"{""D"": 1000, ""draw"": 2, ""f"": 7, ""kind"": ""fraction""}",results/archives/PAPERB_B9C_REMAINING_AUTHOR_RUN_050926.zip,PAPERB_B9C_REMAINING_AUTHOR_RUN_050926/raw/exact7/exact7__recovered26_common_minus71__D1000__f7__d2.npz,29ba989c72c7d821f5bf0233fc94dbb60fbb63813eb817195c1e95f82cd321c2
exact7,exact7__recovered26_common_minus71__D1000__f7__d3,recovered26_common_minus71,4.7,WCL,2494,653.9897078382025,"{""D"": 1000, ""draw"": 3, ""f"": 7, ""kind"": ""fraction""}",results/archives/PAPERB_B9C_REMAINING_AUTHOR_RUN_050926.zip,PAPERB_B9C_REMAINING_AUTHOR_RUN_050926/raw/exact7/exact7__recovered26_common_minus71__D1000__f7__d3.npz,21f3a64d0587ababe5bf6ed1258d4b5d6b555854b411996f9163d0f203777efd
exact7,exact7__recovered26_common_minus71__D1000__f7__d3,recovered26_common_minus71,4.7,ABS,2494,731.8684837111978,"{""D"": 1000, ""draw"": 3, ""f"": 7, ""kind"": ""fraction""}",results/archives/PAPERB_B9C_REMAINING_AUTHOR_RUN_050926.zip,PAPERB_B9C_REMAINING_AUTHOR_RUN_050926/raw/exact7/exact7__recovered26_common_minus71__D1000__f7__d3.npz,21f3a64d0587ababe5bf6ed1258d4b5d6b555854b411996f9163d0f203777efd
exact7,exact7__recovered26_common_minus71__D1000__f7__d3,recovered26_common_minus71,4.7,DIFF,2494,1004.0546782749177,"{""D"": 1000, ""draw"": 3, ""f"": 7, ""kind"": ""fraction""}",results/archives/PAPERB_B9C_REMAINING_AUTHOR_RUN_050926.zip,PAPERB_B9C_REMAINING_AUTHOR_RUN_050926/raw/exact7/exact7__recovered26_common_minus71__D1000__f7__d3.npz,21f3a64d0587ababe5bf6ed1258d4b5d6b555854b411996f9163d0f203777efd
exact7,exact7__recovered26_common_minus71__D1000__f7__d3,recovered26_common_minus71,4.7,Min-Max,2494,543.3812525904918,"{""D"": 1000, ""draw"": 3, ""f"": 7, ""kind"": ""fraction""}",results/archives/PAPERB_B9C_REMAINING_AUTHOR_RUN_050926.zip,PAPERB_B9C_REMAINING_AUTHOR_RUN_050926/raw/exact7/exact7__recovered26_common_minus71__D1000__f7__d3.npz,21f3a64d0587ababe5bf6ed1258d4b5d6b555854b411996f9163d0f203777efd
exact7,exact7__recovered26_common_minus71__D1000__f7__d4,recovered26_common_minus71,4.7,WCL,2494,813.2197854348947,"{""D"": 1000, ""draw"": 4, ""f"": 7, ""kind"": ""fraction""}",results/archives/PAPERB_B9C_REMAINING_AUTHOR_RUN_050926.zip,PAPERB_B9C_REMAINING_AUTHOR_RUN_050926/raw/exact7/exact7__recovered26_common_minus71__D1000__f7__d4.npz,72ed3733ff5eaf793b789d8e27480d007f4349e9ba892091879d8cb682048dd0
exact7,exact7__recovered26_common_minus71__D1000__f7__d4,recovered26_common_minus71,4.7,ABS,2494,773.4984677223658,"{""D"": 1000, ""draw"": 4, ""f"": 7, ""kind"": ""fraction""}",results/archives/PAPERB_B9C_REMAINING_AUTHOR_RUN_050926.zip,PAPERB_B9C_REMAINING_AUTHOR_RUN_050926/raw/exact7/exact7__recovered26_common_minus71__D1000__f7__d4.npz,72ed3733ff5eaf793b789d8e27480d007f4349e9ba892091879d8cb682048dd0
exact7,exact7__recovered26_common_minus71__D1000__f7__d4,recovered26_common_minus71,4.7,DIFF,2494,1296.385732934275,"{""D"": 1000, ""draw"": 4, ""f"": 7, ""kind"": ""fraction""}",results/archives/PAPERB_B9C_REMAINING_AUTHOR_RUN_050926.zip,PAPERB_B9C_REMAINING_AUTHOR_RUN_050926/raw/exact7/exact7__recovered26_common_minus71__D1000__f7__d4.npz,72ed3733ff5eaf793b789d8e27480d007f4349e9ba892091879d8cb682048dd0
exact7,exact7__recovered26_common_minus71__D1000__f7__d4,recovered26_common_minus71,4.7,Min-Max,2494,688.4825472801759,"{""D"": 1000, ""draw"": 4, ""f"": 7, ""kind"": ""fraction""}",results/archives/PAPERB_B9C_REMAINING_AUTHOR_RUN_050926.zip,PAPERB_B9C_REMAINING_AUTHOR_RUN_050926/raw/exact7/exact7__recovered26_common_minus71__D1000__f7__d4.npz,72ed3733ff5eaf793b789d8e27480d007f4349e9ba892091879d8cb682048dd0
exact7,exact7__recovered26_common_minus71__D1000__f7__d5,recovered26_common_minus71,4.7,WCL,2494,645.7077724705874,"{""D"": 1000, ""draw"": 5, ""f"": 7, ""kind"": ""fraction""}",results/archives/PAPERB_B9C_REMAINING_AUTHOR_RUN_050926.zip,PAPERB_B9C_REMAINING_AUTHOR_RUN_050926/raw/exact7/exact7__recovered26_common_minus71__D1000__f7__d5.npz,f0164816a7d1fd4a5b8c779677b1e687fdd3c2698f566984dc6a1892e3dc1300
exact7,exact7__recovered26_common_minus71__D1000__f7__d5,recovered26_common_minus71,4.7,ABS,2494,624.76013241398,"{""D"": 1000, ""draw"": 5, ""f"": 7, ""kind"": ""fraction""}",results/archives/PAPERB_B9C_REMAINING_AUTHOR_RUN_050926.zip,PAPERB_B9C_REMAINING_AUTHOR_RUN_050926/raw/exact7/exact7__recovered26_common_minus71__D1000__f7__d5.npz,f0164816a7d1fd4a5b8c779677b1e687fdd3c2698f566984dc6a1892e3dc1300
exact7,exact7__recovered26_common_minus71__D1000__f7__d5,recovered26_common_minus71,4.7,DIFF,2494,947.1270886145667,"{""D"": 1000, ""draw"": 5, ""f"": 7, ""kind"": ""fraction""}",results/archives/PAPERB_B9C_REMAINING_AUTHOR_RUN_050926.zip,PAPERB_B9C_REMAINING_AUTHOR_RUN_050926/raw/exact7/exact7__recovered26_common_minus71__D1000__f7__d5.npz,f0164816a7d1fd4a5b8c779677b1e687fdd3c2698f566984dc6a1892e3dc1300
exact7,exact7__recovered26_common_minus71__D1000__f7__d5,recovered26_common_minus71,4.7,Min-Max,2494,533.9951613803282,"{""D"": 1000, ""draw"": 5, ""f"": 7, ""kind"": ""fraction""}",results/archives/PAPERB_B9C_REMAINING_AUTHOR_RUN_050926.zip,PAPERB_B9C_REMAINING_AUTHOR_RUN_050926/raw/exact7/exact7__recovered26_common_minus71__D1000__f7__d5.npz,f0164816a7d1fd4a5b8c779677b1e687fdd3c2698f566984dc6a1892e3dc1300
exact7,exact7__recovered26_common_minus71__D1000__f7__d6,recovered26_common_minus71,4.7,WCL,2494,619.4964067873798,"{""D"": 1000, ""draw"": 6, ""f"": 7, ""kind"": ""fraction""}",results/archives/PAPERB_B9C_REMAINING_AUTHOR_RUN_050926.zip,PAPERB_B9C_REMAINING_AUTHOR_RUN_050926/raw/exact7/exact7__recovered26_common_minus71__D1000__f7__d6.npz,bbb5a8c7bd875e69086d5fcb51fc41ea0b6e3065967f90d33a9475a465e94ccf
exact7,exact7__recovered26_common_minus71__D1000__f7__d6,recovered26_common_minus71,4.7,ABS,2494,779.5586099337067,"{""D"": 1000, ""draw"": 6, ""f"": 7, ""kind"": ""fraction""}",results/archives/PAPERB_B9C_REMAINING_AUTHOR_RUN_050926.zip,PAPERB_B9C_REMAINING_AUTHOR_RUN_050926/raw/exact7/exact7__recovered26_common_minus71__D1000__f7__d6.npz,bbb5a8c7bd875e69086d5fcb51fc41ea0b6e3065967f90d33a9475a465e94ccf
exact7,exact7__recovered26_common_minus71__D1000__f7__d6,recovered26_common_minus71,4.7,DIFF,2494,1045.198450565281,"{""D"": 1000, ""draw"": 6, ""f"": 7, ""kind"": ""fraction""}",results/archives/PAPERB_B9C_REMAINING_AUTHOR_RUN_050926.zip,PAPERB_B9C_REMAINING_AUTHOR_RUN_050926/raw/exact7/exact7__recovered26_common_minus71__D1000__f7__d6.npz,bbb5a8c7bd875e69086d5fcb51fc41ea0b6e3065967f90d33a9475a465e94ccf
exact7,exact7__recovered26_common_minus71__D1000__f7__d6,recovered26_common_minus71,4.7,Min-Max,2494,627.5643649141748,"{""D"": 1000, ""draw"": 6, ""f"": 7, ""kind"": ""fraction""}",results/archives/PAPERB_B9C_REMAINING_AUTHOR_RUN_050926.zip,PAPERB_B9C_REMAINING_AUTHOR_RUN_050926/raw/exact7/exact7__recovered26_common_minus71__D1000__f7__d6.npz,bbb5a8c7bd875e69086d5fcb51fc41ea0b6e3065967f90d33a9475a465e94ccf
exact7,exact7__recovered26_common_minus71__D1000__f7__d7,recovered26_common_minus71,4.7,WCL,2494,613.7384027086815,"{""D"": 1000, ""draw"": 7, ""f"": 7, ""kind"": ""fraction""}",results/archives/PAPERB_B9C_REMAINING_AUTHOR_RUN_050926.zip,PAPERB_B9C_REMAINING_AUTHOR_RUN_050926/raw/exact7/exact7__recovered26_common_minus71__D1000__f7__d7.npz,e5e970913faf9ac2ab5567251b6294e4d65c78488ff31f0b5d7a4824397cde0f
exact7,exact7__recovered26_common_minus71__D1000__f7__d7,recovered26_common_minus71,4.7,ABS,2494,637.8561274748795,"{""D"": 1000, ""draw"": 7, ""f"": 7, ""kind"": ""fraction""}",results/archives/PAPERB_B9C_REMAINING_AUTHOR_RUN_050926.zip,PAPERB_B9C_REMAINING_AUTHOR_RUN_050926/raw/exact7/exact7__recovered26_common_minus71__D1000__f7__d7.npz,e5e970913faf9ac2ab5567251b6294e4d65c78488ff31f0b5d7a4824397cde0f
exact7,exact7__recovered26_common_minus71__D1000__f7__d7,recovered26_common_minus71,4.7,DIFF,2494,1074.219998304554,"{""D"": 1000, ""draw"": 7, ""f"": 7, ""kind"": ""fraction""}",results/archives/PAPERB_B9C_REMAINING_AUTHOR_RUN_050926.zip,PAPERB_B9C_REMAINING_AUTHOR_RUN_050926/raw/exact7/exact7__recovered26_common_minus71__D1000__f7__d7.npz,e5e970913faf9ac2ab5567251b6294e4d65c78488ff31f0b5d7a4824397cde0f
exact7,exact7__recovered26_common_minus71__D1000__f7__d7,recovered26_common_minus71,4.7,Min-Max,2494,505.1581293520102,"{""D"": 1000, ""draw"": 7, ""f"": 7, ""kind"": ""fraction""}",results/archives/PAPERB_B9C_REMAINING_AUTHOR_RUN_050926.zip,PAPERB_B9C_REMAINING_AUTHOR_RUN_050926/raw/exact7/exact7__recovered26_common_minus71__D1000__f7__d7.npz,e5e970913faf9ac2ab5567251b6294e4d65c78488ff31f0b5d7a4824397cde0f
exact7,exact7__recovered26_common_minus71__D10000__f7__d0,recovered26_common_minus71,4.7,WCL,2494,896.9221472947595,"{""D"": 10000, ""draw"": 0, ""f"": 7, ""kind"": ""fraction""}",results/archives/PAPERB_B9C_REMAINING_AUTHOR_RUN_050926.zip,PAPERB_B9C_REMAINING_AUTHOR_RUN_050926/raw/exact7/exact7__recovered26_common_minus71__D10000__f7__d0.npz,5c6e4441b649db1c23544feeb9bae7180d799f3454cb0522a4f91248d22493fc
exact7,exact7__recovered26_common_minus71__D10000__f7__d0,recovered26_common_minus71,4.7,ABS,2494,771.7581337845546,"{""D"": 10000, ""draw"": 0, ""f"": 7, ""kind"": ""fraction""}",results/archives/PAPERB_B9C_REMAINING_AUTHOR_RUN_050926.zip,PAPERB_B9C_REMAINING_AUTHOR_RUN_050926/raw/exact7/exact7__recovered26_common_minus71__D10000__f7__d0.npz,5c6e4441b649db1c23544feeb9bae7180d799f3454cb0522a4f91248d22493fc
exact7,exact7__recovered26_common_minus71__D10000__f7__d0,recovered26_common_minus71,4.7,DIFF,2494,1059.660009839139,"{""D"": 10000, ""draw"": 0, ""f"": 7, ""kind"": ""fraction""}",results/archives/PAPERB_B9C_REMAINING_AUTHOR_RUN_050926.zip,PAPERB_B9C_REMAINING_AUTHOR_RUN_050926/raw/exact7/exact7__recovered26_common_minus71__D10000__f7__d0.npz,5c6e4441b649db1c23544feeb9bae7180d799f3454cb0522a4f91248d22493fc
exact7,exact7__recovered26_common_minus71__D10000__f7__d0,recovered26_common_minus71,4.7,Min-Max,2494,765.0335454634846,"{""D"": 10000, ""draw"": 0, ""f"": 7, ""kind"": ""fraction""}",results/archives/PAPERB_B9C_REMAINING_AUTHOR_RUN_050926.zip,PAPERB_B9C_REMAINING_AUTHOR_RUN_050926/raw/exact7/exact7__recovered26_common_minus71__D10000__f7__d0.npz,5c6e4441b649db1c23544feeb9bae7180d799f3454cb0522a4f91248d22493fc
exact7,exact7__recovered26_common_minus71__D10000__f7__d1,recovered26_common_minus71,4.7,WCL,2494,801.7611714700552,"{""D"": 10000, ""draw"": 1, ""f"": 7, ""kind"": ""fraction""}",results/archives/PAPERB_B9C_REMAINING_AUTHOR_RUN_050926.zip,PAPERB_B9C_REMAINING_AUTHOR_RUN_050926/raw/exact7/exact7__recovered26_common_minus71__D10000__f7__d1.npz,9b95c066f2bb35f64586ef6247b18b06bc6d2a22898fe2e19b7dcdb8c3020961
exact7,exact7__recovered26_common_minus71__D10000__f7__d1,recovered26_common_minus71,4.7,ABS,2494,735.735615396545,"{""D"": 10000, ""draw"": 1, ""f"": 7, ""kind"": ""fraction""}",results/archives/PAPERB_B9C_REMAINING_AUTHOR_RUN_050926.zip,PAPERB_B9C_REMAINING_AUTHOR_RUN_050926/raw/exact7/exact7__recovered26_common_minus71__D10000__f7__d1.npz,9b95c066f2bb35f64586ef6247b18b06bc6d2a22898fe2e19b7dcdb8c3020961
exact7,exact7__recovered26_common_minus71__D10000__f7__d1,recovered26_common_minus71,4.7,DIFF,2494,959.3522148695091,"{""D"": 10000, ""draw"": 1, ""f"": 7, ""kind"": ""fraction""}",results/archives/PAPERB_B9C_REMAINING_AUTHOR_RUN_050926.zip,PAPERB_B9C_REMAINING_AUTHOR_RUN_050926/raw/exact7/exact7__recovered26_common_minus71__D10000__f7__d1.npz,9b95c066f2bb35f64586ef6247b18b06bc6d2a22898fe2e19b7dcdb8c3020961
exact7,exact7__recovered26_common_minus71__D10000__f7__d1,recovered26_common_minus71,4.7,Min-Max,2494,649.9168433398406,"{""D"": 10000, ""draw"": 1, ""f"": 7, ""kind"": ""fraction""}",results/archives/PAPERB_B9C_REMAINING_AUTHOR_RUN_050926.zip,PAPERB_B9C_REMAINING_AUTHOR_RUN_050926/raw/exact7/exact7__recovered26_common_minus71__D10000__f7__d1.npz,9b95c066f2bb35f64586ef6247b18b06bc6d2a22898fe2e19b7dcdb8c3020961
exact7,exact7__recovered26_common_minus71__D10000__f7__d2,recovered26_common_minus71,4.7,WCL,2494,675.7803676739659,"{""D"": 10000, ""draw"": 2, ""f"": 7, ""kind"": ""fraction""}",results/archives/PAPERB_B9C_REMAINING_AUTHOR_RUN_050926.zip,PAPERB_B9C_REMAINING_AUTHOR_RUN_050926/raw/exact7/exact7__recovered26_common_minus71__D10000__f7__d2.npz,7ba11081638beb9c4447852feb2f0f0e3825c46e2ab90a0072dd3a1b092c336f
exact7,exact7__recovered26_common_minus71__D10000__f7__d2,recovered26_common_minus71,4.7,ABS,2494,730.8802342370434,"{""D"": 10000, ""draw"": 2, ""f"": 7, ""kind"": ""fraction""}",results/archives/PAPERB_B9C_REMAINING_AUTHOR_RUN_050926.zip,PAPERB_B9C_REMAINING_AUTHOR_RUN_050926/raw/exact7/exact7__recovered26_common_minus71__D10000__f7__d2.npz,7ba11081638beb9c4447852feb2f0f0e3825c46e2ab90a0072dd3a1b092c336f
exact7,exact7__recovered26_common_minus71__D10000__f7__d2,recovered26_common_minus71,4.7,DIFF,2494,965.5015644581812,"{""D"": 10000, ""draw"": 2, ""f"": 7, ""kind"": ""fraction""}",results/archives/PAPERB_B9C_REMAINING_AUTHOR_RUN_050926.zip,PAPERB_B9C_REMAINING_AUTHOR_RUN_050926/raw/exact7/exact7__recovered26_common_minus71__D10000__f7__d2.npz,7ba11081638beb9c4447852feb2f0f0e3825c46e2ab90a0072dd3a1b092c336f
exact7,exact7__recovered26_common_minus71__D10000__f7__d2,recovered26_common_minus71,4.7,Min-Max,2494,664.5481561029383,"{""D"": 10000, ""draw"": 2, ""f"": 7, ""kind"": ""fraction""}",results/archives/PAPERB_B9C_REMAINING_AUTHOR_RUN_050926.zip,PAPERB_B9C_REMAINING_AUTHOR_RUN_050926/raw/exact7/exact7__recovered26_common_minus71__D10000__f7__d2.npz,7ba11081638beb9c4447852feb2f0f0e3825c46e2ab90a0072dd3a1b092c336f
exact7,exact7__recovered26_common_minus71__D10000__f7__d3,recovered26_common_minus71,4.7,WCL,2494,667.4343217909263,"{""D"": 10000, ""draw"": 3, ""f"": 7, ""kind"": ""fraction""}",results/archives/PAPERB_B9C_REMAINING_AUTHOR_RUN_050926.zip,PAPERB_B9C_REMAINING_AUTHOR_RUN_050926/raw/exact7/exact7__recovered26_common_minus71__D10000__f7__d3.npz,35688a57970fc95b7fed10a73e796ed5effae2a33a3781dedb55c75284fdb0cd
exact7,exact7__recovered26_common_minus71__D10000__f7__d3,recovered26_common_minus71,4.7,ABS,2494,674.4455513665052,"{""D"": 10000, ""draw"": 3, ""f"": 7, ""kind"": ""fraction""}",results/archives/PAPERB_B9C_REMAINING_AUTHOR_RUN_050926.zip,PAPERB_B9C_REMAINING_AUTHOR_RUN_050926/raw/exact7/exact7__recovered26_common_minus71__D10000__f7__d3.npz,35688a57970fc95b7fed10a73e796ed5effae2a33a3781dedb55c75284fdb0cd
exact7,exact7__recovered26_common_minus71__D10000__f7__d3,recovered26_common_minus71,4.7,DIFF,2494,872.9865414802066,"{""D"": 10000, ""draw"": 3, ""f"": 7, ""kind"": ""fraction""}",results/archives/PAPERB_B9C_REMAINING_AUTHOR_RUN_050926.zip,PAPERB_B9C_REMAINING_AUTHOR_RUN_050926/raw/exact7/exact7__recovered26_common_minus71__D10000__f7__d3.npz,35688a57970fc95b7fed10a73e796ed5effae2a33a3781dedb55c75284fdb0cd
exact7,exact7__recovered26_common_minus71__D10000__f7__d3,recovered26_common_minus71,4.7,Min-Max,2494,715.4282287719091,"{""D"": 10000, ""draw"": 3, ""f"": 7, ""kind"": ""fraction""}",results/archives/PAPERB_B9C_REMAINING_AUTHOR_RUN_050926.zip,PAPERB_B9C_REMAINING_AUTHOR_RUN_050926/raw/exact7/exact7__recovered26_common_minus71__D10000__f7__d3.npz,35688a57970fc95b7fed10a73e796ed5effae2a33a3781dedb55c75284fdb0cd
exact7,exact7__recovered26_common_minus71__D10000__f7__d4,recovered26_common_minus71,4.7,WCL,2494,1407.8206169887235,"{""D"": 10000, ""draw"": 4, ""f"": 7, ""kind"": ""fraction""}",results/archives/PAPERB_B9C_REMAINING_AUTHOR_RUN_050926.zip,PAPERB_B9C_REMAINING_AUTHOR_RUN_050926/raw/exact7/exact7__recovered26_common_minus71__D10000__f7__d4.npz,229391b1ef2fab9984b61a2332f5f74a2ea8b4de504017cd53b69099a4fff04f
exact7,exact7__recovered26_common_minus71__D10000__f7__d4,recovered26_common_minus71,4.7,ABS,2494,912.2731298343867,"{""D"": 10000, ""draw"": 4, ""f"": 7, ""kind"": ""fraction""}",results/archives/PAPERB_B9C_REMAINING_AUTHOR_RUN_050926.zip,PAPERB_B9C_REMAINING_AUTHOR_RUN_050926/raw/exact7/exact7__recovered26_common_minus71__D10000__f7__d4.npz,229391b1ef2fab9984b61a2332f5f74a2ea8b4de504017cd53b69099a4fff04f
exact7,exact7__recovered26_common_minus71__D10000__f7__d4,recovered26_common_minus71,4.7,DIFF,2494,1297.321041333707,"{""D"": 10000, ""draw"": 4, ""f"": 7, ""kind"": ""fraction""}",results/archives/PAPERB_B9C_REMAINING_AUTHOR_RUN_050926.zip,PAPERB_B9C_REMAINING_AUTHOR_RUN_050926/raw/exact7/exact7__recovered26_common_minus71__D10000__f7__d4.npz,229391b1ef2fab9984b61a2332f5f74a2ea8b4de504017cd53b69099a4fff04f
exact7,exact7__recovered26_common_minus71__D10000__f7__d4,recovered26_common_minus71,4.7,Min-Max,2494,1175.3639580998633,"{""D"": 10000, ""draw"": 4, ""f"": 7, ""kind"": ""fraction""}",results/archives/PAPERB_B9C_REMAINING_AUTHOR_RUN_050926.zip,PAPERB_B9C_REMAINING_AUTHOR_RUN_050926/raw/exact7/exact7__recovered26_common_minus71__D10000__f7__d4.npz,229391b1ef2fab9984b61a2332f5f74a2ea8b4de504017cd53b69099a4fff04f
exact7,exact7__recovered26_common_minus71__D10000__f7__d5,recovered26_common_minus71,4.7,WCL,2494,728.231296379706,"{""D"": 10000, ""draw"": 5, ""f"": 7, ""kind"": ""fraction""}",results/archives/PAPERB_B9C_REMAINING_AUTHOR_RUN_050926.zip,PAPERB_B9C_REMAINING_AUTHOR_RUN_050926/raw/exact7/exact7__recovered26_common_minus71__D10000__f7__d5.npz,27806dc506449fc7e3633793ebaaa3506bb4661dcb5111d104693355c6797532
exact7,exact7__recovered26_common_minus71__D10000__f7__d5,recovered26_common_minus71,4.7,ABS,2494,647.1873386667316,"{""D"": 10000, ""draw"": 5, ""f"": 7, ""kind"": ""fraction""}",results/archives/PAPERB_B9C_REMAINING_AUTHOR_RUN_050926.zip,PAPERB_B9C_REMAINING_AUTHOR_RUN_050926/raw/exact7/exact7__recovered26_common_minus71__D10000__f7__d5.npz,27806dc506449fc7e3633793ebaaa3506bb4661dcb5111d104693355c6797532
exact7,exact7__recovered26_common_minus71__D10000__f7__d5,recovered26_common_minus71,4.7,DIFF,2494,856.4713808167301,"{""D"": 10000, ""draw"": 5, ""f"": 7, ""kind"": ""fraction""}",results/archives/PAPERB_B9C_REMAINING_AUTHOR_RUN_050926.zip,PAPERB_B9C_REMAINING_AUTHOR_RUN_050926/raw/exact7/exact7__recovered26_common_minus71__D10000__f7__d5.npz,27806dc506449fc7e3633793ebaaa3506bb4661dcb5111d104693355c6797532
exact7,exact7__recovered26_common_minus71__D10000__f7__d5,recovered26_common_minus71,4.7,Min-Max,2494,808.1418486095728,"{""D"": 10000, ""draw"": 5, ""f"": 7, ""kind"": ""fraction""}",results/archives/PAPERB_B9C_REMAINING_AUTHOR_RUN_050926.zip,PAPERB_B9C_REMAINING_AUTHOR_RUN_050926/raw/exact7/exact7__recovered26_common_minus71__D10000__f7__d5.npz,27806dc506449fc7e3633793ebaaa3506bb4661dcb5111d104693355c6797532
exact7,exact7__recovered26_common_minus71__D10000__f7__d6,recovered26_common_minus71,4.7,WCL,2494,1059.6855864521108,"{""D"": 10000, ""draw"": 6, ""f"": 7, ""kind"": ""fraction""}",results/archives/PAPERB_B9C_REMAINING_AUTHOR_RUN_050926.zip,PAPERB_B9C_REMAINING_AUTHOR_RUN_050926/raw/exact7/exact7__recovered26_common_minus71__D10000__f7__d6.npz,ad2b77a178621e8d8a850568fb114e8f9b6e84e513cac8902fb3b63ebbd9f683
exact7,exact7__recovered26_common_minus71__D10000__f7__d6,recovered26_common_minus71,4.7,ABS,2494,845.1908778899021,"{""D"": 10000, ""draw"": 6, ""f"": 7, ""kind"": ""fraction""}",results/archives/PAPERB_B9C_REMAINING_AUTHOR_RUN_050926.zip,PAPERB_B9C_REMAINING_AUTHOR_RUN_050926/raw/exact7/exact7__recovered26_common_minus71__D10000__f7__d6.npz,ad2b77a178621e8d8a850568fb114e8f9b6e84e513cac8902fb3b63ebbd9f683
exact7,exact7__recovered26_common_minus71__D10000__f7__d6,recovered26_common_minus71,4.7,DIFF,2494,1218.9502453487326,"{""D"": 10000, ""draw"": 6, ""f"": 7, ""kind"": ""fraction""}",results/archives/PAPERB_B9C_REMAINING_AUTHOR_RUN_050926.zip,PAPERB_B9C_REMAINING_AUTHOR_RUN_050926/raw/exact7/exact7__recovered26_common_minus71__D10000__f7__d6.npz,ad2b77a178621e8d8a850568fb114e8f9b6e84e513cac8902fb3b63ebbd9f683
exact7,exact7__recovered26_common_minus71__D10000__f7__d6,recovered26_common_minus71,4.7,Min-Max,2494,842.0086635438747,"{""D"": 10000, ""draw"": 6, ""f"": 7, ""kind"": ""fraction""}",results/archives/PAPERB_B9C_REMAINING_AUTHOR_RUN_050926.zip,PAPERB_B9C_REMAINING_AUTHOR_RUN_050926/raw/exact7/exact7__recovered26_common_minus71__D10000__f7__d6.npz,ad2b77a178621e8d8a850568fb114e8f9b6e84e513cac8902fb3b63ebbd9f683
exact7,exact7__recovered26_common_minus71__D10000__f7__d7,recovered26_common_minus71,4.7,WCL,2494,633.1915431607384,"{""D"": 10000, ""draw"": 7, ""f"": 7, ""kind"": ""fraction""}",results/archives/PAPERB_B9C_REMAINING_AUTHOR_RUN_050926.zip,PAPERB_B9C_REMAINING_AUTHOR_RUN_050926/raw/exact7/exact7__recovered26_common_minus71__D10000__f7__d7.npz,424efb7c7db0ad15fd247d7ba6ece2ffc00e1ab8f5ccc890e26fef9a288ea423
exact7,exact7__recovered26_common_minus71__D10000__f7__d7,recovered26_common_minus71,4.7,ABS,2494,653.3134128955862,"{""D"": 10000, ""draw"": 7, ""f"": 7, ""kind"": ""fraction""}",results/archives/PAPERB_B9C_REMAINING_AUTHOR_RUN_050926.zip,PAPERB_B9C_REMAINING_AUTHOR_RUN_050926/raw/exact7/exact7__recovered26_common_minus71__D10000__f7__d7.npz,424efb7c7db0ad15fd247d7ba6ece2ffc00e1ab8f5ccc890e26fef9a288ea423
exact7,exact7__recovered26_common_minus71__D10000__f7__d7,recovered26_common_minus71,4.7,DIFF,2494,814.9607295009489,"{""D"": 10000, ""draw"": 7, ""f"": 7, ""kind"": ""fraction""}",results/archives/PAPERB_B9C_REMAINING_AUTHOR_RUN_050926.zip,PAPERB_B9C_REMAINING_AUTHOR_RUN_050926/raw/exact7/exact7__recovered26_common_minus71__D10000__f7__d7.npz,424efb7c7db0ad15fd247d7ba6ece2ffc00e1ab8f5ccc890e26fef9a288ea423
exact7,exact7__recovered26_common_minus71__D10000__f7__d7,recovered26_common_minus71,4.7,Min-Max,2494,559.0012148593146,"{""D"": 10000, ""draw"": 7, ""f"": 7, ""kind"": ""fraction""}",results/archives/PAPERB_B9C_REMAINING_AUTHOR_RUN_050926.zip,PAPERB_B9C_REMAINING_AUTHOR_RUN_050926/raw/exact7/exact7__recovered26_common_minus71__D10000__f7__d7.npz,424efb7c7db0ad15fd247d7ba6ece2ffc00e1ab8f5ccc890e26fef9a288ea423
exact7,exact7__official26_common_minus71__reference,official26_common_minus71,4.7,WCL,2494,577.0037145005424,"{""kind"": ""reference""}",results/archives/PAPERB_B9C_REMAINING_AUTHOR_RUN_050926.zip,PAPERB_B9C_REMAINING_AUTHOR_RUN_050926/raw/exact7/exact7__official26_common_minus71__reference.npz,52c7f2cc597706d3401e21d418852a061141f845e5196984e165d53660adbe86
exact7,exact7__official26_common_minus71__reference,official26_common_minus71,4.7,ABS,2494,549.1908372931518,"{""kind"": ""reference""}",results/archives/PAPERB_B9C_REMAINING_AUTHOR_RUN_050926.zip,PAPERB_B9C_REMAINING_AUTHOR_RUN_050926/raw/exact7/exact7__official26_common_minus71__reference.npz,52c7f2cc597706d3401e21d418852a061141f845e5196984e165d53660adbe86
exact7,exact7__official26_common_minus71__reference,official26_common_minus71,4.7,DIFF,2494,1048.1528987926704,"{""kind"": ""reference""}",results/archives/PAPERB_B9C_REMAINING_AUTHOR_RUN_050926.zip,PAPERB_B9C_REMAINING_AUTHOR_RUN_050926/raw/exact7/exact7__official26_common_minus71__reference.npz,52c7f2cc597706d3401e21d418852a061141f845e5196984e165d53660adbe86
exact7,exact7__official26_common_minus71__reference,official26_common_minus71,4.7,Min-Max,2494,480.5742969155297,"{""kind"": ""reference""}",results/archives/PAPERB_B9C_REMAINING_AUTHOR_RUN_050926.zip,PAPERB_B9C_REMAINING_AUTHOR_RUN_050926/raw/exact7/exact7__official26_common_minus71__reference.npz,52c7f2cc597706d3401e21d418852a061141f845e5196984e165d53660adbe86
exact7,exact7__official26_common_minus71__D1000__f7__d0,official26_common_minus71,4.7,WCL,2494,681.7740199176031,"{""D"": 1000, ""draw"": 0, ""f"": 7, ""kind"": ""fraction""}",results/archives/PAPERB_B9C_REMAINING_AUTHOR_RUN_050926.zip,PAPERB_B9C_REMAINING_AUTHOR_RUN_050926/raw/exact7/exact7__official26_common_minus71__D1000__f7__d0.npz,109d7a07a661a752f45f00277fd89d0901627c3393cf2c94cd88a92dc4bfa269
exact7,exact7__official26_common_minus71__D1000__f7__d0,official26_common_minus71,4.7,ABS,2494,571.8779346933533,"{""D"": 1000, ""draw"": 0, ""f"": 7, ""kind"": ""fraction""}",results/archives/PAPERB_B9C_REMAINING_AUTHOR_RUN_050926.zip,PAPERB_B9C_REMAINING_AUTHOR_RUN_050926/raw/exact7/exact7__official26_common_minus71__D1000__f7__d0.npz,109d7a07a661a752f45f00277fd89d0901627c3393cf2c94cd88a92dc4bfa269
exact7,exact7__official26_common_minus71__D1000__f7__d0,official26_common_minus71,4.7,DIFF,2494,1573.6964394346849,"{""D"": 1000, ""draw"": 0, ""f"": 7, ""kind"": ""fraction""}",results/archives/PAPERB_B9C_REMAINING_AUTHOR_RUN_050926.zip,PAPERB_B9C_REMAINING_AUTHOR_RUN_050926/raw/exact7/exact7__official26_common_minus71__D1000__f7__d0.npz,109d7a07a661a752f45f00277fd89d0901627c3393cf2c94cd88a92dc4bfa269
exact7,exact7__official26_common_minus71__D1000__f7__d0,official26_common_minus71,4.7,Min-Max,2494,544.2437222087538,"{""D"": 1000, ""draw"": 0, ""f"": 7, ""kind"": ""fraction""}",results/archives/PAPERB_B9C_REMAINING_AUTHOR_RUN_050926.zip,PAPERB_B9C_REMAINING_AUTHOR_RUN_050926/raw/exact7/exact7__official26_common_minus71__D1000__f7__d0.npz,109d7a07a661a752f45f00277fd89d0901627c3393cf2c94cd88a92dc4bfa269
exact7,exact7__official26_common_minus71__D1000__f7__d1,official26_common_minus71,4.7,WCL,2494,815.5284373388916,"{""D"": 1000, ""draw"": 1, ""f"": 7, ""kind"": ""fraction""}",results/archives/PAPERB_B9C_REMAINING_AUTHOR_RUN_050926.zip,PAPERB_B9C_REMAINING_AUTHOR_RUN_050926/raw/exact7/exact7__official26_common_minus71__D1000__f7__d1.npz,ef8310f6cddb0c9e468aac87253e4b22076c40b56efde9dce8de75db352020ab
exact7,exact7__official26_common_minus71__D1000__f7__d1,official26_common_minus71,4.7,ABS,2494,651.8411341935836,"{""D"": 1000, ""draw"": 1, ""f"": 7, ""kind"": ""fraction""}",results/archives/PAPERB_B9C_REMAINING_AUTHOR_RUN_050926.zip,PAPERB_B9C_REMAINING_AUTHOR_RUN_050926/raw/exact7/exact7__official26_common_minus71__D1000__f7__d1.npz,ef8310f6cddb0c9e468aac87253e4b22076c40b56efde9dce8de75db352020ab
exact7,exact7__official26_common_minus71__D1000__f7__d1,official26_common_minus71,4.7,DIFF,2494,1275.1689869544111,"{""D"": 1000, ""draw"": 1, ""f"": 7, ""kind"": ""fraction""}",results/archives/PAPERB_B9C_REMAINING_AUTHOR_RUN_050926.zip,PAPERB_B9C_REMAINING_AUTHOR_RUN_050926/raw/exact7/exact7__official26_common_minus71__D1000__f7__d1.npz,ef8310f6cddb0c9e468aac87253e4b22076c40b56efde9dce8de75db352020ab
exact7,exact7__official26_common_minus71__D1000__f7__d1,official26_common_minus71,4.7,Min-Max,2494,583.3627338122346,"{""D"": 1000, ""draw"": 1, ""f"": 7, ""kind"": ""fraction""}",results/archives/PAPERB_B9C_REMAINING_AUTHOR_RUN_050926.zip,PAPERB_B9C_REMAINING_AUTHOR_RUN_050926/raw/exact7/exact7__official26_common_minus71__D1000__f7__d1.npz,ef8310f6cddb0c9e468aac87253e4b22076c40b56efde9dce8de75db352020ab
exact7,exact7__official26_common_minus71__D1000__f7__d2,official26_common_minus71,4.7,WCL,2494,673.6334233345729,"{""D"": 1000, ""draw"": 2, ""f"": 7, ""kind"": ""fraction""}",results/archives/PAPERB_B9C_REMAINING_AUTHOR_RUN_050926.zip,PAPERB_B9C_REMAINING_AUTHOR_RUN_050926/raw/exact7/exact7__official26_common_minus71__D1000__f7__d2.npz,8cf0bafe27d976d87cba6407ac7628fca6743a554fd18e948cbcca3d18d29fbb
exact7,exact7__official26_common_minus71__D1000__f7__d2,official26_common_minus71,4.7,ABS,2494,598.9613683755172,"{""D"": 1000, ""draw"": 2, ""f"": 7, ""kind"": ""fraction""}",results/archives/PAPERB_B9C_REMAINING_AUTHOR_RUN_050926.zip,PAPERB_B9C_REMAINING_AUTHOR_RUN_050926/raw/exact7/exact7__official26_common_minus71__D1000__f7__d2.npz,8cf0bafe27d976d87cba6407ac7628fca6743a554fd18e948cbcca3d18d29fbb
exact7,exact7__official26_common_minus71__D1000__f7__d2,official26_common_minus71,4.7,DIFF,2494,1235.9543109128786,"{""D"": 1000, ""draw"": 2, ""f"": 7, ""kind"": ""fraction""}",results/archives/PAPERB_B9C_REMAINING_AUTHOR_RUN_050926.zip,PAPERB_B9C_REMAINING_AUTHOR_RUN_050926/raw/exact7/exact7__official26_common_minus71__D1000__f7__d2.npz,8cf0bafe27d976d87cba6407ac7628fca6743a554fd18e948cbcca3d18d29fbb
exact7,exact7__official26_common_minus71__D1000__f7__d2,official26_common_minus71,4.7,Min-Max,2494,521.5077064710804,"{""D"": 1000, ""draw"": 2, ""f"": 7, ""kind"": ""fraction""}",results/archives/PAPERB_B9C_REMAINING_AUTHOR_RUN_050926.zip,PAPERB_B9C_REMAINING_AUTHOR_RUN_050926/raw/exact7/exact7__official26_common_minus71__D1000__f7__d2.npz,8cf0bafe27d976d87cba6407ac7628fca6743a554fd18e948cbcca3d18d29fbb
exact7,exact7__official26_common_minus71__D1000__f7__d3,official26_common_minus71,4.7,WCL,2494,614.4699740047505,"{""D"": 1000, ""draw"": 3, ""f"": 7, ""kind"": ""fraction""}",results/archives/PAPERB_B9C_REMAINING_AUTHOR_RUN_050926.zip,PAPERB_B9C_REMAINING_AUTHOR_RUN_050926/raw/exact7/exact7__official26_common_minus71__D1000__f7__d3.npz,8d9cef995cde5430d43509d6f494377e1985ce84a403e4b109fb75919a95d492
exact7,exact7__official26_common_minus71__D1000__f7__d3,official26_common_minus71,4.7,ABS,2494,604.0417496485762,"{""D"": 1000, ""draw"": 3, ""f"": 7, ""kind"": ""fraction""}",results/archives/PAPERB_B9C_REMAINING_AUTHOR_RUN_050926.zip,PAPERB_B9C_REMAINING_AUTHOR_RUN_050926/raw/exact7/exact7__official26_common_minus71__D1000__f7__d3.npz,8d9cef995cde5430d43509d6f494377e1985ce84a403e4b109fb75919a95d492
exact7,exact7__official26_common_minus71__D1000__f7__d3,official26_common_minus71,4.7,DIFF,2494,1075.0069779752803,"{""D"": 1000, ""draw"": 3, ""f"": 7, ""kind"": ""fraction""}",results/archives/PAPERB_B9C_REMAINING_AUTHOR_RUN_050926.zip,PAPERB_B9C_REMAINING_AUTHOR_RUN_050926/raw/exact7/exact7__official26_common_minus71__D1000__f7__d3.npz,8d9cef995cde5430d43509d6f494377e1985ce84a403e4b109fb75919a95d492
exact7,exact7__official26_common_minus71__D1000__f7__d3,official26_common_minus71,4.7,Min-Max,2494,513.0677613284438,"{""D"": 1000, ""draw"": 3, ""f"": 7, ""kind"": ""fraction""}",results/archives/PAPERB_B9C_REMAINING_AUTHOR_RUN_050926.zip,PAPERB_B9C_REMAINING_AUTHOR_RUN_050926/raw/exact7/exact7__official26_common_minus71__D1000__f7__d3.npz,8d9cef995cde5430d43509d6f494377e1985ce84a403e4b109fb75919a95d492
exact7,exact7__official26_common_minus71__D1000__f7__d4,official26_common_minus71,4.7,WCL,2494,653.6633000780389,"{""D"": 1000, ""draw"": 4, ""f"": 7, ""kind"": ""fraction""}",results/archives/PAPERB_B9C_REMAINING_AUTHOR_RUN_050926.zip,PAPERB_B9C_REMAINING_AUTHOR_RUN_050926/raw/exact7/exact7__official26_common_minus71__D1000__f7__d4.npz,64a73402067da4d177588ae0eec97dca45719d277dae0807b33f3c53a756fbbf
exact7,exact7__official26_common_minus71__D1000__f7__d4,official26_common_minus71,4.7,ABS,2494,643.8103081432903,"{""D"": 1000, ""draw"": 4, ""f"": 7, ""kind"": ""fraction""}",results/archives/PAPERB_B9C_REMAINING_AUTHOR_RUN_050926.zip,PAPERB_B9C_REMAINING_AUTHOR_RUN_050926/raw/exact7/exact7__official26_common_minus71__D1000__f7__d4.npz,64a73402067da4d177588ae0eec97dca45719d277dae0807b33f3c53a756fbbf
exact7,exact7__official26_common_minus71__D1000__f7__d4,official26_common_minus71,4.7,DIFF,2494,1345.764974173799,"{""D"": 1000, ""draw"": 4, ""f"": 7, ""kind"": ""fraction""}",results/archives/PAPERB_B9C_REMAINING_AUTHOR_RUN_050926.zip,PAPERB_B9C_REMAINING_AUTHOR_RUN_050926/raw/exact7/exact7__official26_common_minus71__D1000__f7__d4.npz,64a73402067da4d177588ae0eec97dca45719d277dae0807b33f3c53a756fbbf
exact7,exact7__official26_common_minus71__D1000__f7__d4,official26_common_minus71,4.7,Min-Max,2494,526.3777295663062,"{""D"": 1000, ""draw"": 4, ""f"": 7, ""kind"": ""fraction""}",results/archives/PAPERB_B9C_REMAINING_AUTHOR_RUN_050926.zip,PAPERB_B9C_REMAINING_AUTHOR_RUN_050926/raw/exact7/exact7__official26_common_minus71__D1000__f7__d4.npz,64a73402067da4d177588ae0eec97dca45719d277dae0807b33f3c53a756fbbf
exact7,exact7__official26_common_minus71__D1000__f7__d5,official26_common_minus71,4.7,WCL,2494,585.2709011858285,"{""D"": 1000, ""draw"": 5, ""f"": 7, ""kind"": ""fraction""}",results/archives/PAPERB_B9C_REMAINING_AUTHOR_RUN_050926.zip,PAPERB_B9C_REMAINING_AUTHOR_RUN_050926/raw/exact7/exact7__official26_common_minus71__D1000__f7__d5.npz,542afb11472089c1a4aef274cae1be68f187b63e1d8a845ab2f78cd3a42bed6b
exact7,exact7__official26_common_minus71__D1000__f7__d5,official26_common_minus71,4.7,ABS,2494,539.1643169739989,"{""D"": 1000, ""draw"": 5, ""f"": 7, ""kind"": ""fraction""}",results/archives/PAPERB_B9C_REMAINING_AUTHOR_RUN_050926.zip,PAPERB_B9C_REMAINING_AUTHOR_RUN_050926/raw/exact7/exact7__official26_common_minus71__D1000__f7__d5.npz,542afb11472089c1a4aef274cae1be68f187b63e1d8a845ab2f78cd3a42bed6b
exact7,exact7__official26_common_minus71__D1000__f7__d5,official26_common_minus71,4.7,DIFF,2494,1028.5141271590928,"{""D"": 1000, ""draw"": 5, ""f"": 7, ""kind"": ""fraction""}",results/archives/PAPERB_B9C_REMAINING_AUTHOR_RUN_050926.zip,PAPERB_B9C_REMAINING_AUTHOR_RUN_050926/raw/exact7/exact7__official26_common_minus71__D1000__f7__d5.npz,542afb11472089c1a4aef274cae1be68f187b63e1d8a845ab2f78cd3a42bed6b
exact7,exact7__official26_common_minus71__D1000__f7__d5,official26_common_minus71,4.7,Min-Max,2494,487.57869852320016,"{""D"": 1000, ""draw"": 5, ""f"": 7, ""kind"": ""fraction""}",results/archives/PAPERB_B9C_REMAINING_AUTHOR_RUN_050926.zip,PAPERB_B9C_REMAINING_AUTHOR_RUN_050926/raw/exact7/exact7__official26_common_minus71__D1000__f7__d5.npz,542afb11472089c1a4aef274cae1be68f187b63e1d8a845ab2f78cd3a42bed6b
exact7,exact7__official26_common_minus71__D1000__f7__d6,official26_common_minus71,4.7,WCL,2494,644.227219929478,"{""D"": 1000, ""draw"": 6, ""f"": 7, ""kind"": ""fraction""}",results/archives/PAPERB_B9C_REMAINING_AUTHOR_RUN_050926.zip,PAPERB_B9C_REMAINING_AUTHOR_RUN_050926/raw/exact7/exact7__official26_common_minus71__D1000__f7__d6.npz,02cc38fed26620088b75be62ae3d49615829a90e3dde8bbcc156c6857ba90141
exact7,exact7__official26_common_minus71__D1000__f7__d6,official26_common_minus71,4.7,ABS,2494,634.7356829786456,"{""D"": 1000, ""draw"": 6, ""f"": 7, ""kind"": ""fraction""}",results/archives/PAPERB_B9C_REMAINING_AUTHOR_RUN_050926.zip,PAPERB_B9C_REMAINING_AUTHOR_RUN_050926/raw/exact7/exact7__official26_common_minus71__D1000__f7__d6.npz,02cc38fed26620088b75be62ae3d49615829a90e3dde8bbcc156c6857ba90141
exact7,exact7__official26_common_minus71__D1000__f7__d6,official26_common_minus71,4.7,DIFF,2494,1272.030994872206,"{""D"": 1000, ""draw"": 6, ""f"": 7, ""kind"": ""fraction""}",results/archives/PAPERB_B9C_REMAINING_AUTHOR_RUN_050926.zip,PAPERB_B9C_REMAINING_AUTHOR_RUN_050926/raw/exact7/exact7__official26_common_minus71__D1000__f7__d6.npz,02cc38fed26620088b75be62ae3d49615829a90e3dde8bbcc156c6857ba90141
exact7,exact7__official26_common_minus71__D1000__f7__d6,official26_common_minus71,4.7,Min-Max,2494,515.0694845251851,"{""D"": 1000, ""draw"": 6, ""f"": 7, ""kind"": ""fraction""}",results/archives/PAPERB_B9C_REMAINING_AUTHOR_RUN_050926.zip,PAPERB_B9C_REMAINING_AUTHOR_RUN_050926/raw/exact7/exact7__official26_common_minus71__D1000__f7__d6.npz,02cc38fed26620088b75be62ae3d49615829a90e3dde8bbcc156c6857ba90141
exact7,exact7__official26_common_minus71__D1000__f7__d7,official26_common_minus71,4.7,WCL,2494,567.4988382255332,"{""D"": 1000, ""draw"": 7, ""f"": 7, ""kind"": ""fraction""}",results/archives/PAPERB_B9C_REMAINING_AUTHOR_RUN_050926.zip,PAPERB_B9C_REMAINING_AUTHOR_RUN_050926/raw/exact7/exact7__official26_common_minus71__D1000__f7__d7.npz,d9ce2aa6fea001febe3cad145bd9435b4bd98d984455b1ca14c800a8b920119c
exact7,exact7__official26_common_minus71__D1000__f7__d7,official26_common_minus71,4.7,ABS,2494,519.6476715956996,"{""D"": 1000, ""draw"": 7, ""f"": 7, ""kind"": ""fraction""}",results/archives/PAPERB_B9C_REMAINING_AUTHOR_RUN_050926.zip,PAPERB_B9C_REMAINING_AUTHOR_RUN_050926/raw/exact7/exact7__official26_common_minus71__D1000__f7__d7.npz,d9ce2aa6fea001febe3cad145bd9435b4bd98d984455b1ca14c800a8b920119c
exact7,exact7__official26_common_minus71__D1000__f7__d7,official26_common_minus71,4.7,DIFF,2494,1061.6205537524554,"{""D"": 1000, ""draw"": 7, ""f"": 7, ""kind"": ""fraction""}",results/archives/PAPERB_B9C_REMAINING_AUTHOR_RUN_050926.zip,PAPERB_B9C_REMAINING_AUTHOR_RUN_050926/raw/exact7/exact7__official26_common_minus71__D1000__f7__d7.npz,d9ce2aa6fea001febe3cad145bd9435b4bd98d984455b1ca14c800a8b920119c
exact7,exact7__official26_common_minus71__D1000__f7__d7,official26_common_minus71,4.7,Min-Max,2494,473.4059618780433,"{""D"": 1000, ""draw"": 7, ""f"": 7, ""kind"": ""fraction""}",results/archives/PAPERB_B9C_REMAINING_AUTHOR_RUN_050926.zip,PAPERB_B9C_REMAINING_AUTHOR_RUN_050926/raw/exact7/exact7__official26_common_minus71__D1000__f7__d7.npz,d9ce2aa6fea001febe3cad145bd9435b4bd98d984455b1ca14c800a8b920119c
exact7,exact7__official26_common_minus71__D10000__f7__d0,official26_common_minus71,4.7,WCL,2494,729.2278459351355,"{""D"": 10000, ""draw"": 0, ""f"": 7, ""kind"": ""fraction""}",results/archives/PAPERB_B9C_REMAINING_AUTHOR_RUN_050926.zip,PAPERB_B9C_REMAINING_AUTHOR_RUN_050926/raw/exact7/exact7__official26_common_minus71__D10000__f7__d0.npz,b3a4344b2dd9c87f80cf2d514a5e0f487785574cc16bb20c86b6cb7622ed1f63
exact7,exact7__official26_common_minus71__D10000__f7__d0,official26_common_minus71,4.7,ABS,2494,620.2413457834834,"{""D"": 10000, ""draw"": 0, ""f"": 7, ""kind"": ""fraction""}",results/archives/PAPERB_B9C_REMAINING_AUTHOR_RUN_050926.zip,PAPERB_B9C_REMAINING_AUTHOR_RUN_050926/raw/exact7/exact7__official26_common_minus71__D10000__f7__d0.npz,b3a4344b2dd9c87f80cf2d514a5e0f487785574cc16bb20c86b6cb7622ed1f63
exact7,exact7__official26_common_minus71__D10000__f7__d0,official26_common_minus71,4.7,DIFF,2494,949.12172770978,"{""D"": 10000, ""draw"": 0, ""f"": 7, ""kind"": ""fraction""}",results/archives/PAPERB_B9C_REMAINING_AUTHOR_RUN_050926.zip,PAPERB_B9C_REMAINING_AUTHOR_RUN_050926/raw/exact7/exact7__official26_common_minus71__D10000__f7__d0.npz,b3a4344b2dd9c87f80cf2d514a5e0f487785574cc16bb20c86b6cb7622ed1f63
exact7,exact7__official26_common_minus71__D10000__f7__d0,official26_common_minus71,4.7,Min-Max,2494,692.4608023123087,"{""D"": 10000, ""draw"": 0, ""f"": 7, ""kind"": ""fraction""}",results/archives/PAPERB_B9C_REMAINING_AUTHOR_RUN_050926.zip,PAPERB_B9C_REMAINING_AUTHOR_RUN_050926/raw/exact7/exact7__official26_common_minus71__D10000__f7__d0.npz,b3a4344b2dd9c87f80cf2d514a5e0f487785574cc16bb20c86b6cb7622ed1f63
exact7,exact7__official26_common_minus71__D10000__f7__d1,official26_common_minus71,4.7,WCL,2494,618.6680280110209,"{""D"": 10000, ""draw"": 1, ""f"": 7, ""kind"": ""fraction""}",results/archives/PAPERB_B9C_REMAINING_AUTHOR_RUN_050926.zip,PAPERB_B9C_REMAINING_AUTHOR_RUN_050926/raw/exact7/exact7__official26_common_minus71__D10000__f7__d1.npz,4e62c9b15695d713f267f0e5cb5567e868448aeec0b82ac2e8fc2c9ef1e9ea5d
exact7,exact7__official26_common_minus71__D10000__f7__d1,official26_common_minus71,4.7,ABS,2494,574.9974287074035,"{""D"": 10000, ""draw"": 1, ""f"": 7, ""kind"": ""fraction""}",results/archives/PAPERB_B9C_REMAINING_AUTHOR_RUN_050926.zip,PAPERB_B9C_REMAINING_AUTHOR_RUN_050926/raw/exact7/exact7__official26_common_minus71__D10000__f7__d1.npz,4e62c9b15695d713f267f0e5cb5567e868448aeec0b82ac2e8fc2c9ef1e9ea5d
exact7,exact7__official26_common_minus71__D10000__f7__d1,official26_common_minus71,4.7,DIFF,2494,829.4263104676154,"{""D"": 10000, ""draw"": 1, ""f"": 7, ""kind"": ""fraction""}",results/archives/PAPERB_B9C_REMAINING_AUTHOR_RUN_050926.zip,PAPERB_B9C_REMAINING_AUTHOR_RUN_050926/raw/exact7/exact7__official26_common_minus71__D10000__f7__d1.npz,4e62c9b15695d713f267f0e5cb5567e868448aeec0b82ac2e8fc2c9ef1e9ea5d
exact7,exact7__official26_common_minus71__D10000__f7__d1,official26_common_minus71,4.7,Min-Max,2494,597.515581863204,"{""D"": 10000, ""draw"": 1, ""f"": 7, ""kind"": ""fraction""}",results/archives/PAPERB_B9C_REMAINING_AUTHOR_RUN_050926.zip,PAPERB_B9C_REMAINING_AUTHOR_RUN_050926/raw/exact7/exact7__official26_common_minus71__D10000__f7__d1.npz,4e62c9b15695d713f267f0e5cb5567e868448aeec0b82ac2e8fc2c9ef1e9ea5d
exact7,exact7__official26_common_minus71__D10000__f7__d2,official26_common_minus71,4.7,WCL,2494,680.9131084138688,"{""D"": 10000, ""draw"": 2, ""f"": 7, ""kind"": ""fraction""}",results/archives/PAPERB_B9C_REMAINING_AUTHOR_RUN_050926.zip,PAPERB_B9C_REMAINING_AUTHOR_RUN_050926/raw/exact7/exact7__official26_common_minus71__D10000__f7__d2.npz,be2a1b9aaa66c912a6c4d3284f9a130c3e50d1300b38b6d85b7c8c42ed74c301
exact7,exact7__official26_common_minus71__D10000__f7__d2,official26_common_minus71,4.7,ABS,2494,646.1458667459497,"{""D"": 10000, ""draw"": 2, ""f"": 7, ""kind"": ""fraction""}",results/archives/PAPERB_B9C_REMAINING_AUTHOR_RUN_050926.zip,PAPERB_B9C_REMAINING_AUTHOR_RUN_050926/raw/exact7/exact7__official26_common_minus71__D10000__f7__d2.npz,be2a1b9aaa66c912a6c4d3284f9a130c3e50d1300b38b6d85b7c8c42ed74c301
exact7,exact7__official26_common_minus71__D10000__f7__d2,official26_common_minus71,4.7,DIFF,2494,847.6629839588302,"{""D"": 10000, ""draw"": 2, ""f"": 7, ""kind"": ""fraction""}",results/archives/PAPERB_B9C_REMAINING_AUTHOR_RUN_050926.zip,PAPERB_B9C_REMAINING_AUTHOR_RUN_050926/raw/exact7/exact7__official26_common_minus71__D10000__f7__d2.npz,be2a1b9aaa66c912a6c4d3284f9a130c3e50d1300b38b6d85b7c8c42ed74c301
exact7,exact7__official26_common_minus71__D10000__f7__d2,official26_common_minus71,4.7,Min-Max,2494,660.4908894084979,"{""D"": 10000, ""draw"": 2, ""f"": 7, ""kind"": ""fraction""}",results/archives/PAPERB_B9C_REMAINING_AUTHOR_RUN_050926.zip,PAPERB_B9C_REMAINING_AUTHOR_RUN_050926/raw/exact7/exact7__official26_common_minus71__D10000__f7__d2.npz,be2a1b9aaa66c912a6c4d3284f9a130c3e50d1300b38b6d85b7c8c42ed74c301
exact7,exact7__official26_common_minus71__D10000__f7__d3,official26_common_minus71,4.7,WCL,2494,645.8513015615044,"{""D"": 10000, ""draw"": 3, ""f"": 7, ""kind"": ""fraction""}",results/archives/PAPERB_B9C_REMAINING_AUTHOR_RUN_050926.zip,PAPERB_B9C_REMAINING_AUTHOR_RUN_050926/raw/exact7/exact7__official26_common_minus71__D10000__f7__d3.npz,ece4698303609bc8c4ad9a287a626ce75fd94861fe1a90a6a6159f22553c33df
exact7,exact7__official26_common_minus71__D10000__f7__d3,official26_common_minus71,4.7,ABS,2494,599.7266327415039,"{""D"": 10000, ""draw"": 3, ""f"": 7, ""kind"": ""fraction""}",results/archives/PAPERB_B9C_REMAINING_AUTHOR_RUN_050926.zip,PAPERB_B9C_REMAINING_AUTHOR_RUN_050926/raw/exact7/exact7__official26_common_minus71__D10000__f7__d3.npz,ece4698303609bc8c4ad9a287a626ce75fd94861fe1a90a6a6159f22553c33df
exact7,exact7__official26_common_minus71__D10000__f7__d3,official26_common_minus71,4.7,DIFF,2494,806.5786124587997,"{""D"": 10000, ""draw"": 3, ""f"": 7, ""kind"": ""fraction""}",results/archives/PAPERB_B9C_REMAINING_AUTHOR_RUN_050926.zip,PAPERB_B9C_REMAINING_AUTHOR_RUN_050926/raw/exact7/exact7__official26_common_minus71__D10000__f7__d3.npz,ece4698303609bc8c4ad9a287a626ce75fd94861fe1a90a6a6159f22553c33df
exact7,exact7__official26_common_minus71__D10000__f7__d3,official26_common_minus71,4.7,Min-Max,2494,743.8461264366977,"{""D"": 10000, ""draw"": 3, ""f"": 7, ""kind"": ""fraction""}",results/archives/PAPERB_B9C_REMAINING_AUTHOR_RUN_050926.zip,PAPERB_B9C_REMAINING_AUTHOR_RUN_050926/raw/exact7/exact7__official26_common_minus71__D10000__f7__d3.npz,ece4698303609bc8c4ad9a287a626ce75fd94861fe1a90a6a6159f22553c33df
exact7,exact7__official26_common_minus71__D10000__f7__d4,official26_common_minus71,4.7,WCL,2494,709.5189354505034,"{""D"": 10000, ""draw"": 4, ""f"": 7, ""kind"": ""fraction""}",results/archives/PAPERB_B9C_REMAINING_AUTHOR_RUN_050926.zip,PAPERB_B9C_REMAINING_AUTHOR_RUN_050926/raw/exact7/exact7__official26_common_minus71__D10000__f7__d4.npz,8890e32b5fe3a7be11fb8988f393823b2a56957ec7b8a1b143e0da7025b06569
exact7,exact7__official26_common_minus71__D10000__f7__d4,official26_common_minus71,4.7,ABS,2494,741.5786950328422,"{""D"": 10000, ""draw"": 4, ""f"": 7, ""kind"": ""fraction""}",results/archives/PAPERB_B9C_REMAINING_AUTHOR_RUN_050926.zip,PAPERB_B9C_REMAINING_AUTHOR_RUN_050926/raw/exact7/exact7__official26_common_minus71__D10000__f7__d4.npz,8890e32b5fe3a7be11fb8988f393823b2a56957ec7b8a1b143e0da7025b06569
exact7,exact7__official26_common_minus71__D10000__f7__d4,official26_common_minus71,4.7,DIFF,2494,976.3144760688365,"{""D"": 10000, ""draw"": 4, ""f"": 7, ""kind"": ""fraction""}",results/archives/PAPERB_B9C_REMAINING_AUTHOR_RUN_050926.zip,PAPERB_B9C_REMAINING_AUTHOR_RUN_050926/raw/exact7/exact7__official26_common_minus71__D10000__f7__d4.npz,8890e32b5fe3a7be11fb8988f393823b2a56957ec7b8a1b143e0da7025b06569
exact7,exact7__official26_common_minus71__D10000__f7__d4,official26_common_minus71,4.7,Min-Max,2494,696.1417083492743,"{""D"": 10000, ""draw"": 4, ""f"": 7, ""kind"": ""fraction""}",results/archives/PAPERB_B9C_REMAINING_AUTHOR_RUN_050926.zip,PAPERB_B9C_REMAINING_AUTHOR_RUN_050926/raw/exact7/exact7__official26_common_minus71__D10000__f7__d4.npz,8890e32b5fe3a7be11fb8988f393823b2a56957ec7b8a1b143e0da7025b06569
exact7,exact7__official26_common_minus71__D10000__f7__d5,official26_common_minus71,4.7,WCL,2494,624.8922355174109,"{""D"": 10000, ""draw"": 5, ""f"": 7, ""kind"": ""fraction""}",results/archives/PAPERB_B9C_REMAINING_AUTHOR_RUN_050926.zip,PAPERB_B9C_REMAINING_AUTHOR_RUN_050926/raw/exact7/exact7__official26_common_minus71__D10000__f7__d5.npz,6f01498eba5c84dfdb4b92b4fe341acceceb1c3b22525df292788bb9757e2192
exact7,exact7__official26_common_minus71__D10000__f7__d5,official26_common_minus71,4.7,ABS,2494,560.8384497030411,"{""D"": 10000, ""draw"": 5, ""f"": 7, ""kind"": ""fraction""}",results/archives/PAPERB_B9C_REMAINING_AUTHOR_RUN_050926.zip,PAPERB_B9C_REMAINING_AUTHOR_RUN_050926/raw/exact7/exact7__official26_common_minus71__D10000__f7__d5.npz,6f01498eba5c84dfdb4b92b4fe341acceceb1c3b22525df292788bb9757e2192
exact7,exact7__official26_common_minus71__D10000__f7__d5,official26_common_minus71,4.7,DIFF,2494,734.9293709273186,"{""D"": 10000, ""draw"": 5, ""f"": 7, ""kind"": ""fraction""}",results/archives/PAPERB_B9C_REMAINING_AUTHOR_RUN_050926.zip,PAPERB_B9C_REMAINING_AUTHOR_RUN_050926/raw/exact7/exact7__official26_common_minus71__D10000__f7__d5.npz,6f01498eba5c84dfdb4b92b4fe341acceceb1c3b22525df292788bb9757e2192
exact7,exact7__official26_common_minus71__D10000__f7__d5,official26_common_minus71,4.7,Min-Max,2494,767.7008361403407,"{""D"": 10000, ""draw"": 5, ""f"": 7, ""kind"": ""fraction""}",results/archives/PAPERB_B9C_REMAINING_AUTHOR_RUN_050926.zip,PAPERB_B9C_REMAINING_AUTHOR_RUN_050926/raw/exact7/exact7__official26_common_minus71__D10000__f7__d5.npz,6f01498eba5c84dfdb4b92b4fe341acceceb1c3b22525df292788bb9757e2192
exact7,exact7__official26_common_minus71__D10000__f7__d6,official26_common_minus71,4.7,WCL,2494,627.7554531451951,"{""D"": 10000, ""draw"": 6, ""f"": 7, ""kind"": ""fraction""}",results/archives/PAPERB_B9C_REMAINING_AUTHOR_RUN_050926.zip,PAPERB_B9C_REMAINING_AUTHOR_RUN_050926/raw/exact7/exact7__official26_common_minus71__D10000__f7__d6.npz,66c9367edb66dad4b4ca7e80ae98727c35b91b64cb4dcf5fd129cf0d72c87ae9
exact7,exact7__official26_common_minus71__D10000__f7__d6,official26_common_minus71,4.7,ABS,2494,688.3608367129035,"{""D"": 10000, ""draw"": 6, ""f"": 7, ""kind"": ""fraction""}",results/archives/PAPERB_B9C_REMAINING_AUTHOR_RUN_050926.zip,PAPERB_B9C_REMAINING_AUTHOR_RUN_050926/raw/exact7/exact7__official26_common_minus71__D10000__f7__d6.npz,66c9367edb66dad4b4ca7e80ae98727c35b91b64cb4dcf5fd129cf0d72c87ae9
exact7,exact7__official26_common_minus71__D10000__f7__d6,official26_common_minus71,4.7,DIFF,2494,984.2417615296614,"{""D"": 10000, ""draw"": 6, ""f"": 7, ""kind"": ""fraction""}",results/archives/PAPERB_B9C_REMAINING_AUTHOR_RUN_050926.zip,PAPERB_B9C_REMAINING_AUTHOR_RUN_050926/raw/exact7/exact7__official26_common_minus71__D10000__f7__d6.npz,66c9367edb66dad4b4ca7e80ae98727c35b91b64cb4dcf5fd129cf0d72c87ae9
exact7,exact7__official26_common_minus71__D10000__f7__d6,official26_common_minus71,4.7,Min-Max,2494,579.5133947017115,"{""D"": 10000, ""draw"": 6, ""f"": 7, ""kind"": ""fraction""}",results/archives/PAPERB_B9C_REMAINING_AUTHOR_RUN_050926.zip,PAPERB_B9C_REMAINING_AUTHOR_RUN_050926/raw/exact7/exact7__official26_common_minus71__D10000__f7__d6.npz,66c9367edb66dad4b4ca7e80ae98727c35b91b64cb4dcf5fd129cf0d72c87ae9
exact7,exact7__official26_common_minus71__D10000__f7__d7,official26_common_minus71,4.7,WCL,2494,591.8883769135691,"{""D"": 10000, ""draw"": 7, ""f"": 7, ""kind"": ""fraction""}",results/archives/PAPERB_B9C_REMAINING_AUTHOR_RUN_050926.zip,PAPERB_B9C_REMAINING_AUTHOR_RUN_050926/raw/exact7/exact7__official26_common_minus71__D10000__f7__d7.npz,6ccc4027a648841911224e5488ff71018574a2641d4fc3d78229f9ff3a05cee4
exact7,exact7__official26_common_minus71__D10000__f7__d7,official26_common_minus71,4.7,ABS,2494,584.5404953671798,"{""D"": 10000, ""draw"": 7, ""f"": 7, ""kind"": ""fraction""}",results/archives/PAPERB_B9C_REMAINING_AUTHOR_RUN_050926.zip,PAPERB_B9C_REMAINING_AUTHOR_RUN_050926/raw/exact7/exact7__official26_common_minus71__D10000__f7__d7.npz,6ccc4027a648841911224e5488ff71018574a2641d4fc3d78229f9ff3a05cee4
exact7,exact7__official26_common_minus71__D10000__f7__d7,official26_common_minus71,4.7,DIFF,2494,751.9397655902509,"{""D"": 10000, ""draw"": 7, ""f"": 7, ""kind"": ""fraction""}",results/archives/PAPERB_B9C_REMAINING_AUTHOR_RUN_050926.zip,PAPERB_B9C_REMAINING_AUTHOR_RUN_050926/raw/exact7/exact7__official26_common_minus71__D10000__f7__d7.npz,6ccc4027a648841911224e5488ff71018574a2641d4fc3d78229f9ff3a05cee4
exact7,exact7__official26_common_minus71__D10000__f7__d7,official26_common_minus71,4.7,Min-Max,2494,567.1555571763853,"{""D"": 10000, ""draw"": 7, ""f"": 7, ""kind"": ""fraction""}",results/archives/PAPERB_B9C_REMAINING_AUTHOR_RUN_050926.zip,PAPERB_B9C_REMAINING_AUTHOR_RUN_050926/raw/exact7/exact7__official26_common_minus71__D10000__f7__d7.npz,6ccc4027a648841911224e5488ff71018574a2641d4fc3d78229f9ff3a05cee4
g5,g5__recovered29__n3p5__ref,recovered29,3.5,WCL,2498,584.3011457663958,"{""kind"": ""reference""}",results/archives/PAPERB_B9C_REMAINING_AUTHOR_RUN_050926.zip,PAPERB_B9C_REMAINING_AUTHOR_RUN_050926/raw/g5/g5__recovered29__n3p5__ref.npz,56ff74193e8b3ce3b4f8293d1d753e39abaa4594b4be05102816ca9883305559
g5,g5__recovered29__n3p5__ref,recovered29,3.5,ABS,2498,660.8163328599535,"{""kind"": ""reference""}",results/archives/PAPERB_B9C_REMAINING_AUTHOR_RUN_050926.zip,PAPERB_B9C_REMAINING_AUTHOR_RUN_050926/raw/g5/g5__recovered29__n3p5__ref.npz,56ff74193e8b3ce3b4f8293d1d753e39abaa4594b4be05102816ca9883305559
g5,g5__recovered29__n3p5__ref,recovered29,3.5,DIFF,2498,965.3007810524468,"{""kind"": ""reference""}",results/archives/PAPERB_B9C_REMAINING_AUTHOR_RUN_050926.zip,PAPERB_B9C_REMAINING_AUTHOR_RUN_050926/raw/g5/g5__recovered29__n3p5__ref.npz,56ff74193e8b3ce3b4f8293d1d753e39abaa4594b4be05102816ca9883305559
g5,g5__recovered29__n3p5__ref,recovered29,3.5,Min-Max,2498,489.8414146431944,"{""kind"": ""reference""}",results/archives/PAPERB_B9C_REMAINING_AUTHOR_RUN_050926.zip,PAPERB_B9C_REMAINING_AUTHOR_RUN_050926/raw/g5/g5__recovered29__n3p5__ref.npz,56ff74193e8b3ce3b4f8293d1d753e39abaa4594b4be05102816ca9883305559
g5,g5__recovered29__n3p5__one__d0,recovered29,3.5,WCL,2498,584.8520703455465,"{""D"": 10000, ""draw"": 0, ""f"": 1, ""kind"": ""fraction""}",results/archives/PAPERB_B9C_REMAINING_AUTHOR_RUN_050926.zip,PAPERB_B9C_REMAINING_AUTHOR_RUN_050926/raw/g5/g5__recovered29__n3p5__one__d0.npz,8186a2e1c7f97677ce5f3792d45c882572bdd81b5aa7be2fbde05617939393fe
g5,g5__recovered29__n3p5__one__d0,recovered29,3.5,ABS,2498,662.2525802449322,"{""D"": 10000, ""draw"": 0, ""f"": 1, ""kind"": ""fraction""}",results/archives/PAPERB_B9C_REMAINING_AUTHOR_RUN_050926.zip,PAPERB_B9C_REMAINING_AUTHOR_RUN_050926/raw/g5/g5__recovered29__n3p5__one__d0.npz,8186a2e1c7f97677ce5f3792d45c882572bdd81b5aa7be2fbde05617939393fe
g5,g5__recovered29__n3p5__one__d0,recovered29,3.5,DIFF,2498,976.4497788351072,"{""D"": 10000, ""draw"": 0, ""f"": 1, ""kind"": ""fraction""}",results/archives/PAPERB_B9C_REMAINING_AUTHOR_RUN_050926.zip,PAPERB_B9C_REMAINING_AUTHOR_RUN_050926/raw/g5/g5__recovered29__n3p5__one__d0.npz,8186a2e1c7f97677ce5f3792d45c882572bdd81b5aa7be2fbde05617939393fe
g5,g5__recovered29__n3p5__one__d0,recovered29,3.5,Min-Max,2498,489.8414146431944,"{""D"": 10000, ""draw"": 0, ""f"": 1, ""kind"": ""fraction""}",results/archives/PAPERB_B9C_REMAINING_AUTHOR_RUN_050926.zip,PAPERB_B9C_REMAINING_AUTHOR_RUN_050926/raw/g5/g5__recovered29__n3p5__one__d0.npz,8186a2e1c7f97677ce5f3792d45c882572bdd81b5aa7be2fbde05617939393fe
g5,g5__recovered29__n3p5__all__d0,recovered29,3.5,WCL,2498,4798.161152991143,"{""D"": 10000, ""draw"": 0, ""f"": 29, ""kind"": ""fraction""}",results/archives/PAPERB_B9C_REMAINING_AUTHOR_RUN_050926.zip,PAPERB_B9C_REMAINING_AUTHOR_RUN_050926/raw/g5/g5__recovered29__n3p5__all__d0.npz,f79ffed81c9bd2d3c22c1a2c9d3fa733ea2d319fa8ad2c3b514ce497e4ef6cdb
g5,g5__recovered29__n3p5__all__d0,recovered29,3.5,ABS,2498,3071.9747724964454,"{""D"": 10000, ""draw"": 0, ""f"": 29, ""kind"": ""fraction""}",results/archives/PAPERB_B9C_REMAINING_AUTHOR_RUN_050926.zip,PAPERB_B9C_REMAINING_AUTHOR_RUN_050926/raw/g5/g5__recovered29__n3p5__all__d0.npz,f79ffed81c9bd2d3c22c1a2c9d3fa733ea2d319fa8ad2c3b514ce497e4ef6cdb
g5,g5__recovered29__n3p5__all__d0,recovered29,3.5,DIFF,2498,3423.747271281034,"{""D"": 10000, ""draw"": 0, ""f"": 29, ""kind"": ""fraction""}",results/archives/PAPERB_B9C_REMAINING_AUTHOR_RUN_050926.zip,PAPERB_B9C_REMAINING_AUTHOR_RUN_050926/raw/g5/g5__recovered29__n3p5__all__d0.npz,f79ffed81c9bd2d3c22c1a2c9d3fa733ea2d319fa8ad2c3b514ce497e4ef6cdb
g5,g5__recovered29__n3p5__all__d0,recovered29,3.5,Min-Max,2498,2861.6335016323264,"{""D"": 10000, ""draw"": 0, ""f"": 29, ""kind"": ""fraction""}",results/archives/PAPERB_B9C_REMAINING_AUTHOR_RUN_050926.zip,PAPERB_B9C_REMAINING_AUTHOR_RUN_050926/raw/g5/g5__recovered29__n3p5__all__d0.npz,f79ffed81c9bd2d3c22c1a2c9d3fa733ea2d319fa8ad2c3b514ce497e4ef6cdb
g5,g5__recovered29__n3p5__top6__d0,recovered29,3.5,WCL,2498,861.4410859617992,"{""D"": 5000, ""draw"": 0, ""k"": 6, ""kind"": ""topk""}",results/archives/PAPERB_B9C_REMAINING_AUTHOR_RUN_050926.zip,PAPERB_B9C_REMAINING_AUTHOR_RUN_050926/raw/g5/g5__recovered29__n3p5__top6__d0.npz,57d18f21a1640c15cf82e1d5c5f389deeac6ce57fccd90498707a8728df5c203
g5,g5__recovered29__n3p5__top6__d0,recovered29,3.5,ABS,2498,1024.2308790048073,"{""D"": 5000, ""draw"": 0, ""k"": 6, ""kind"": ""topk""}",results/archives/PAPERB_B9C_REMAINING_AUTHOR_RUN_050926.zip,PAPERB_B9C_REMAINING_AUTHOR_RUN_050926/raw/g5/g5__recovered29__n3p5__top6__d0.npz,57d18f21a1640c15cf82e1d5c5f389deeac6ce57fccd90498707a8728df5c203
g5,g5__recovered29__n3p5__top6__d0,recovered29,3.5,DIFF,2498,1303.802277988563,"{""D"": 5000, ""draw"": 0, ""k"": 6, ""kind"": ""topk""}",results/archives/PAPERB_B9C_REMAINING_AUTHOR_RUN_050926.zip,PAPERB_B9C_REMAINING_AUTHOR_RUN_050926/raw/g5/g5__recovered29__n3p5__top6__d0.npz,57d18f21a1640c15cf82e1d5c5f389deeac6ce57fccd90498707a8728df5c203
g5,g5__recovered29__n3p5__top6__d0,recovered29,3.5,Min-Max,2498,940.2230235129375,"{""D"": 5000, ""draw"": 0, ""k"": 6, ""kind"": ""topk""}",results/archives/PAPERB_B9C_REMAINING_AUTHOR_RUN_050926.zip,PAPERB_B9C_REMAINING_AUTHOR_RUN_050926/raw/g5/g5__recovered29__n3p5__top6__d0.npz,57d18f21a1640c15cf82e1d5c5f389deeac6ce57fccd90498707a8728df5c203
g5,g5__recovered29__n3p5__top7__d0,recovered29,3.5,WCL,2498,2239.721173922185,"{""D"": 5000, ""draw"": 0, ""k"": 7, ""kind"": ""topk""}",results/archives/PAPERB_B9C_REMAINING_AUTHOR_RUN_050926.zip,PAPERB_B9C_REMAINING_AUTHOR_RUN_050926/raw/g5/g5__recovered29__n3p5__top7__d0.npz,e51b70735ce6b1080f7b16ef2c87a3991ba4f08530f8f8c28c66662b43a0de4f
g5,g5__recovered29__n3p5__top7__d0,recovered29,3.5,ABS,2498,1227.0754426128628,"{""D"": 5000, ""draw"": 0, ""k"": 7, ""kind"": ""topk""}",results/archives/PAPERB_B9C_REMAINING_AUTHOR_RUN_050926.zip,PAPERB_B9C_REMAINING_AUTHOR_RUN_050926/raw/g5/g5__recovered29__n3p5__top7__d0.npz,e51b70735ce6b1080f7b16ef2c87a3991ba4f08530f8f8c28c66662b43a0de4f
g5,g5__recovered29__n3p5__top7__d0,recovered29,3.5,DIFF,2498,1580.0395122491423,"{""D"": 5000, ""draw"": 0, ""k"": 7, ""kind"": ""topk""}",results/archives/PAPERB_B9C_REMAINING_AUTHOR_RUN_050926.zip,PAPERB_B9C_REMAINING_AUTHOR_RUN_050926/raw/g5/g5__recovered29__n3p5__top7__d0.npz,e51b70735ce6b1080f7b16ef2c87a3991ba4f08530f8f8c28c66662b43a0de4f
g5,g5__recovered29__n3p5__top7__d0,recovered29,3.5,Min-Max,2498,1901.9803643649525,"{""D"": 5000, ""draw"": 0, ""k"": 7, ""kind"": ""topk""}",results/archives/PAPERB_B9C_REMAINING_AUTHOR_RUN_050926.zip,PAPERB_B9C_REMAINING_AUTHOR_RUN_050926/raw/g5/g5__recovered29__n3p5__top7__d0.npz,e51b70735ce6b1080f7b16ef2c87a3991ba4f08530f8f8c28c66662b43a0de4f
g5,g5__recovered29__n3p5__legacy_iso__d0,recovered29,3.5,WCL,2498,688.6594290736765,"{""kind"": ""legacy_iso"", ""seed"": 4750}",results/archives/PAPERB_B9C_REMAINING_AUTHOR_RUN_050926.zip,PAPERB_B9C_REMAINING_AUTHOR_RUN_050926/raw/g5/g5__recovered29__n3p5__legacy_iso__d0.npz,53ddfabc8ec9d66338b7c1ecb9bda6a986c0eb25f1db282c60a9ea8bfe1232cd
g5,g5__recovered29__n3p5__legacy_iso__d0,recovered29,3.5,ABS,2498,757.0872092111149,"{""kind"": ""legacy_iso"", ""seed"": 4750}",results/archives/PAPERB_B9C_REMAINING_AUTHOR_RUN_050926.zip,PAPERB_B9C_REMAINING_AUTHOR_RUN_050926/raw/g5/g5__recovered29__n3p5__legacy_iso__d0.npz,53ddfabc8ec9d66338b7c1ecb9bda6a986c0eb25f1db282c60a9ea8bfe1232cd
g5,g5__recovered29__n3p5__legacy_iso__d0,recovered29,3.5,DIFF,2498,1167.2820601696712,"{""kind"": ""legacy_iso"", ""seed"": 4750}",results/archives/PAPERB_B9C_REMAINING_AUTHOR_RUN_050926.zip,PAPERB_B9C_REMAINING_AUTHOR_RUN_050926/raw/g5/g5__recovered29__n3p5__legacy_iso__d0.npz,53ddfabc8ec9d66338b7c1ecb9bda6a986c0eb25f1db282c60a9ea8bfe1232cd
g5,g5__recovered29__n3p5__legacy_iso__d0,recovered29,3.5,Min-Max,2498,540.7835269488893,"{""kind"": ""legacy_iso"", ""seed"": 4750}",results/archives/PAPERB_B9C_REMAINING_AUTHOR_RUN_050926.zip,PAPERB_B9C_REMAINING_AUTHOR_RUN_050926/raw/g5/g5__recovered29__n3p5__legacy_iso__d0.npz,53ddfabc8ec9d66338b7c1ecb9bda6a986c0eb25f1db282c60a9ea8bfe1232cd
g5,g5__recovered29__n3p5__op_iso__d0,recovered29,3.5,WCL,2498,610.1039863935133,"{""kind"": ""opcenter_exact_iso"", ""seed"": 7750}",results/archives/PAPERB_B9C_REMAINING_AUTHOR_RUN_050926.zip,PAPERB_B9C_REMAINING_AUTHOR_RUN_050926/raw/g5/g5__recovered29__n3p5__op_iso__d0.npz,9b159b1ba44bbd881f406fb60769571598b0af32eafab3f71b3bb5823b22b57b
g5,g5__recovered29__n3p5__op_iso__d0,recovered29,3.5,ABS,2498,639.707176305671,"{""kind"": ""opcenter_exact_iso"", ""seed"": 7750}",results/archives/PAPERB_B9C_REMAINING_AUTHOR_RUN_050926.zip,PAPERB_B9C_REMAINING_AUTHOR_RUN_050926/raw/g5/g5__recovered29__n3p5__op_iso__d0.npz,9b159b1ba44bbd881f406fb60769571598b0af32eafab3f71b3bb5823b22b57b
g5,g5__recovered29__n3p5__op_iso__d0,recovered29,3.5,DIFF,2498,1012.8029978295549,"{""kind"": ""opcenter_exact_iso"", ""seed"": 7750}",results/archives/PAPERB_B9C_REMAINING_AUTHOR_RUN_050926.zip,PAPERB_B9C_REMAINING_AUTHOR_RUN_050926/raw/g5/g5__recovered29__n3p5__op_iso__d0.npz,9b159b1ba44bbd881f406fb60769571598b0af32eafab3f71b3bb5823b22b57b
g5,g5__recovered29__n3p5__op_iso__d0,recovered29,3.5,Min-Max,2498,498.17104551187106,"{""kind"": ""opcenter_exact_iso"", ""seed"": 7750}",results/archives/PAPERB_B9C_REMAINING_AUTHOR_RUN_050926.zip,PAPERB_B9C_REMAINING_AUTHOR_RUN_050926/raw/g5/g5__recovered29__n3p5__op_iso__d0.npz,9b159b1ba44bbd881f406fb60769571598b0af32eafab3f71b3bb5823b22b57b
g5,g5__recovered29__n3p5__one__d1,recovered29,3.5,WCL,2498,584.3011457663958,"{""D"": 10000, ""draw"": 1, ""f"": 1, ""kind"": ""fraction""}",results/archives/PAPERB_B9C_REMAINING_AUTHOR_RUN_050926.zip,PAPERB_B9C_REMAINING_AUTHOR_RUN_050926/raw/g5/g5__recovered29__n3p5__one__d1.npz,800966d4b317f7d50ff23fe337a705d0d57735a22ae23b4d1fb9f2b62f64f1b6
g5,g5__recovered29__n3p5__one__d1,recovered29,3.5,ABS,2498,662.2525802449322,"{""D"": 10000, ""draw"": 1, ""f"": 1, ""kind"": ""fraction""}",results/archives/PAPERB_B9C_REMAINING_AUTHOR_RUN_050926.zip,PAPERB_B9C_REMAINING_AUTHOR_RUN_050926/raw/g5/g5__recovered29__n3p5__one__d1.npz,800966d4b317f7d50ff23fe337a705d0d57735a22ae23b4d1fb9f2b62f64f1b6
g5,g5__recovered29__n3p5__one__d1,recovered29,3.5,DIFF,2498,957.4847009413229,"{""D"": 10000, ""draw"": 1, ""f"": 1, ""kind"": ""fraction""}",results/archives/PAPERB_B9C_REMAINING_AUTHOR_RUN_050926.zip,PAPERB_B9C_REMAINING_AUTHOR_RUN_050926/raw/g5/g5__recovered29__n3p5__one__d1.npz,800966d4b317f7d50ff23fe337a705d0d57735a22ae23b4d1fb9f2b62f64f1b6
g5,g5__recovered29__n3p5__one__d1,recovered29,3.5,Min-Max,2498,490.51926282842044,"{""D"": 10000, ""draw"": 1, ""f"": 1, ""kind"": ""fraction""}",results/archives/PAPERB_B9C_REMAINING_AUTHOR_RUN_050926.zip,PAPERB_B9C_REMAINING_AUTHOR_RUN_050926/raw/g5/g5__recovered29__n3p5__one__d1.npz,800966d4b317f7d50ff23fe337a705d0d57735a22ae23b4d1fb9f2b62f64f1b6
g5,g5__recovered29__n3p5__all__d1,recovered29,3.5,WCL,2498,4968.426416120805,"{""D"": 10000, ""draw"": 1, ""f"": 29, ""kind"": ""fraction""}",results/archives/PAPERB_B9C_REMAINING_AUTHOR_RUN_050926.zip,PAPERB_B9C_REMAINING_AUTHOR_RUN_050926/raw/g5/g5__recovered29__n3p5__all__d1.npz,957168f81b7290dda5036ed4c1b106506743c3efa45aafbcfa2b5daaef041bce
g5,g5__recovered29__n3p5__all__d1,recovered29,3.5,ABS,2498,2970.3568913970894,"{""D"": 10000, ""draw"": 1, ""f"": 29, ""kind"": ""fraction""}",results/archives/PAPERB_B9C_REMAINING_AUTHOR_RUN_050926.zip,PAPERB_B9C_REMAINING_AUTHOR_RUN_050926/raw/g5/g5__recovered29__n3p5__all__d1.npz,957168f81b7290dda5036ed4c1b106506743c3efa45aafbcfa2b5daaef041bce
g5,g5__recovered29__n3p5__all__d1,recovered29,3.5,DIFF,2498,3161.451456142261,"{""D"": 10000, ""draw"": 1, ""f"": 29, ""kind"": ""fraction""}",results/archives/PAPERB_B9C_REMAINING_AUTHOR_RUN_050926.zip,PAPERB_B9C_REMAINING_AUTHOR_RUN_050926/raw/g5/g5__recovered29__n3p5__all__d1.npz,957168f81b7290dda5036ed4c1b106506743c3efa45aafbcfa2b5daaef041bce
g5,g5__recovered29__n3p5__all__d1,recovered29,3.5,Min-Max,2498,2760.5807628431266,"{""D"": 10000, ""draw"": 1, ""f"": 29, ""kind"": ""fraction""}",results/archives/PAPERB_B9C_REMAINING_AUTHOR_RUN_050926.zip,PAPERB_B9C_REMAINING_AUTHOR_RUN_050926/raw/g5/g5__recovered29__n3p5__all__d1.npz,957168f81b7290dda5036ed4c1b106506743c3efa45aafbcfa2b5daaef041bce
g5,g5__recovered29__n3p5__top6__d1,recovered29,3.5,WCL,2498,838.37357582445,"{""D"": 5000, ""draw"": 1, ""k"": 6, ""kind"": ""topk""}",results/archives/PAPERB_B9C_REMAINING_AUTHOR_RUN_050926.zip,PAPERB_B9C_REMAINING_AUTHOR_RUN_050926/raw/g5/g5__recovered29__n3p5__top6__d1.npz,10004ba9651c0d8277d5b30bc2b1d1ae6012ff38a07d422dd18fd9c3cf565915
g5,g5__recovered29__n3p5__top6__d1,recovered29,3.5,ABS,2498,897.6571720524958,"{""D"": 5000, ""draw"": 1, ""k"": 6, ""kind"": ""topk""}",results/archives/PAPERB_B9C_REMAINING_AUTHOR_RUN_050926.zip,PAPERB_B9C_REMAINING_AUTHOR_RUN_050926/raw/g5/g5__recovered29__n3p5__top6__d1.npz,10004ba9651c0d8277d5b30bc2b1d1ae6012ff38a07d422dd18fd9c3cf565915
g5,g5__recovered29__n3p5__top6__d1,recovered29,3.5,DIFF,2498,1229.2359871809258,"{""D"": 5000, ""draw"": 1, ""k"": 6, ""kind"": ""topk""}",results/archives/PAPERB_B9C_REMAINING_AUTHOR_RUN_050926.zip,PAPERB_B9C_REMAINING_AUTHOR_RUN_050926/raw/g5/g5__recovered29__n3p5__top6__d1.npz,10004ba9651c0d8277d5b30bc2b1d1ae6012ff38a07d422dd18fd9c3cf565915
g5,g5__recovered29__n3p5__top6__d1,recovered29,3.5,Min-Max,2498,1102.187531621786,"{""D"": 5000, ""draw"": 1, ""k"": 6, ""kind"": ""topk""}",results/archives/PAPERB_B9C_REMAINING_AUTHOR_RUN_050926.zip,PAPERB_B9C_REMAINING_AUTHOR_RUN_050926/raw/g5/g5__recovered29__n3p5__top6__d1.npz,10004ba9651c0d8277d5b30bc2b1d1ae6012ff38a07d422dd18fd9c3cf565915
g5,g5__recovered29__n3p5__top7__d1,recovered29,3.5,WCL,2498,2067.9312580197284,"{""D"": 5000, ""draw"": 1, ""k"": 7, ""kind"": ""topk""}",results/archives/PAPERB_B9C_REMAINING_AUTHOR_RUN_050926.zip,PAPERB_B9C_REMAINING_AUTHOR_RUN_050926/raw/g5/g5__recovered29__n3p5__top7__d1.npz,fd528aee5e874d19f38a10e958995cead1a45f8fb8534c6facc7ec0902fd69cd
g5,g5__recovered29__n3p5__top7__d1,recovered29,3.5,ABS,2498,1158.7787217310388,"{""D"": 5000, ""draw"": 1, ""k"": 7, ""kind"": ""topk""}",results/archives/PAPERB_B9C_REMAINING_AUTHOR_RUN_050926.zip,PAPERB_B9C_REMAINING_AUTHOR_RUN_050926/raw/g5/g5__recovered29__n3p5__top7__d1.npz,fd528aee5e874d19f38a10e958995cead1a45f8fb8534c6facc7ec0902fd69cd
g5,g5__recovered29__n3p5__top7__d1,recovered29,3.5,DIFF,2498,1667.9775533956245,"{""D"": 5000, ""draw"": 1, ""k"": 7, ""kind"": ""topk""}",results/archives/PAPERB_B9C_REMAINING_AUTHOR_RUN_050926.zip,PAPERB_B9C_REMAINING_AUTHOR_RUN_050926/raw/g5/g5__recovered29__n3p5__top7__d1.npz,fd528aee5e874d19f38a10e958995cead1a45f8fb8534c6facc7ec0902fd69cd
g5,g5__recovered29__n3p5__top7__d1,recovered29,3.5,Min-Max,2498,2179.7157684986173,"{""D"": 5000, ""draw"": 1, ""k"": 7, ""kind"": ""topk""}",results/archives/PAPERB_B9C_REMAINING_AUTHOR_RUN_050926.zip,PAPERB_B9C_REMAINING_AUTHOR_RUN_050926/raw/g5/g5__recovered29__n3p5__top7__d1.npz,fd528aee5e874d19f38a10e958995cead1a45f8fb8534c6facc7ec0902fd69cd
g5,g5__recovered29__n3p5__legacy_iso__d1,recovered29,3.5,WCL,2498,714.2005822964163,"{""kind"": ""legacy_iso"", ""seed"": 4763}",results/archives/PAPERB_B9C_REMAINING_AUTHOR_RUN_050926.zip,PAPERB_B9C_REMAINING_AUTHOR_RUN_050926/raw/g5/g5__recovered29__n3p5__legacy_iso__d1.npz,000910a05b387db8663fa68ef01a8ad020f4507e7b8734340db276ed54f4a260
g5,g5__recovered29__n3p5__legacy_iso__d1,recovered29,3.5,ABS,2498,715.5732681291637,"{""kind"": ""legacy_iso"", ""seed"": 4763}",results/archives/PAPERB_B9C_REMAINING_AUTHOR_RUN_050926.zip,PAPERB_B9C_REMAINING_AUTHOR_RUN_050926/raw/g5/g5__recovered29__n3p5__legacy_iso__d1.npz,000910a05b387db8663fa68ef01a8ad020f4507e7b8734340db276ed54f4a260
g5,g5__recovered29__n3p5__legacy_iso__d1,recovered29,3.5,DIFF,2498,1222.9355251166608,"{""kind"": ""legacy_iso"", ""seed"": 4763}",results/archives/PAPERB_B9C_REMAINING_AUTHOR_RUN_050926.zip,PAPERB_B9C_REMAINING_AUTHOR_RUN_050926/raw/g5/g5__recovered29__n3p5__legacy_iso__d1.npz,000910a05b387db8663fa68ef01a8ad020f4507e7b8734340db276ed54f4a260
g5,g5__recovered29__n3p5__legacy_iso__d1,recovered29,3.5,Min-Max,2498,536.772387891945,"{""kind"": ""legacy_iso"", ""seed"": 4763}",results/archives/PAPERB_B9C_REMAINING_AUTHOR_RUN_050926.zip,PAPERB_B9C_REMAINING_AUTHOR_RUN_050926/raw/g5/g5__recovered29__n3p5__legacy_iso__d1.npz,000910a05b387db8663fa68ef01a8ad020f4507e7b8734340db276ed54f4a260
g5,g5__recovered29__n3p5__op_iso__d1,recovered29,3.5,WCL,2498,596.0302316888371,"{""kind"": ""opcenter_exact_iso"", ""seed"": 7763}",results/archives/PAPERB_B9C_REMAINING_AUTHOR_RUN_050926.zip,PAPERB_B9C_REMAINING_AUTHOR_RUN_050926/raw/g5/g5__recovered29__n3p5__op_iso__d1.npz,e9c257938c9cbe8fa69bf7e6c5551918b4f2331a5121d123f9f233dfe384ade1
g5,g5__recovered29__n3p5__op_iso__d1,recovered29,3.5,ABS,2498,656.9147210253518,"{""kind"": ""opcenter_exact_iso"", ""seed"": 7763}",results/archives/PAPERB_B9C_REMAINING_AUTHOR_RUN_050926.zip,PAPERB_B9C_REMAINING_AUTHOR_RUN_050926/raw/g5/g5__recovered29__n3p5__op_iso__d1.npz,e9c257938c9cbe8fa69bf7e6c5551918b4f2331a5121d123f9f233dfe384ade1
g5,g5__recovered29__n3p5__op_iso__d1,recovered29,3.5,DIFF,2498,928.3073175983127,"{""kind"": ""opcenter_exact_iso"", ""seed"": 7763}",results/archives/PAPERB_B9C_REMAINING_AUTHOR_RUN_050926.zip,PAPERB_B9C_REMAINING_AUTHOR_RUN_050926/raw/g5/g5__recovered29__n3p5__op_iso__d1.npz,e9c257938c9cbe8fa69bf7e6c5551918b4f2331a5121d123f9f233dfe384ade1
g5,g5__recovered29__n3p5__op_iso__d1,recovered29,3.5,Min-Max,2498,489.1604128407598,"{""kind"": ""opcenter_exact_iso"", ""seed"": 7763}",results/archives/PAPERB_B9C_REMAINING_AUTHOR_RUN_050926.zip,PAPERB_B9C_REMAINING_AUTHOR_RUN_050926/raw/g5/g5__recovered29__n3p5__op_iso__d1.npz,e9c257938c9cbe8fa69bf7e6c5551918b4f2331a5121d123f9f233dfe384ade1
g5,g5__recovered29__n3p5__one__d2,recovered29,3.5,WCL,2498,603.801495107418,"{""D"": 10000, ""draw"": 2, ""f"": 1, ""kind"": ""fraction""}",results/archives/PAPERB_B9C_REMAINING_AUTHOR_RUN_050926.zip,PAPERB_B9C_REMAINING_AUTHOR_RUN_050926/raw/g5/g5__recovered29__n3p5__one__d2.npz,8f26b897bd8bbab3ea1992a538fa241929195f45be88a10dcc58b0bbb787064b
g5,g5__recovered29__n3p5__one__d2,recovered29,3.5,ABS,2498,662.9139749196231,"{""D"": 10000, ""draw"": 2, ""f"": 1, ""kind"": ""fraction""}",results/archives/PAPERB_B9C_REMAINING_AUTHOR_RUN_050926.zip,PAPERB_B9C_REMAINING_AUTHOR_RUN_050926/raw/g5/g5__recovered29__n3p5__one__d2.npz,8f26b897bd8bbab3ea1992a538fa241929195f45be88a10dcc58b0bbb787064b
g5,g5__recovered29__n3p5__one__d2,recovered29,3.5,DIFF,2498,910.0554434293867,"{""D"": 10000, ""draw"": 2, ""f"": 1, ""kind"": ""fraction""}",results/archives/PAPERB_B9C_REMAINING_AUTHOR_RUN_050926.zip,PAPERB_B9C_REMAINING_AUTHOR_RUN_050926/raw/g5/g5__recovered29__n3p5__one__d2.npz,8f26b897bd8bbab3ea1992a538fa241929195f45be88a10dcc58b0bbb787064b
g5,g5__recovered29__n3p5__one__d2,recovered29,3.5,Min-Max,2498,572.0494339348543,"{""D"": 10000, ""draw"": 2, ""f"": 1, ""kind"": ""fraction""}",results/archives/PAPERB_B9C_REMAINING_AUTHOR_RUN_050926.zip,PAPERB_B9C_REMAINING_AUTHOR_RUN_050926/raw/g5/g5__recovered29__n3p5__one__d2.npz,8f26b897bd8bbab3ea1992a538fa241929195f45be88a10dcc58b0bbb787064b
g5,g5__recovered29__n3p5__all__d2,recovered29,3.5,WCL,2498,7052.956812689819,"{""D"": 10000, ""draw"": 2, ""f"": 29, ""kind"": ""fraction""}",results/archives/PAPERB_B9C_REMAINING_AUTHOR_RUN_050926.zip,PAPERB_B9C_REMAINING_AUTHOR_RUN_050926/raw/g5/g5__recovered29__n3p5__all__d2.npz,24aec55859460b2c1ba95919123b31db70c3c52862eccc40be16ff58ffc6ce3a
g5,g5__recovered29__n3p5__all__d2,recovered29,3.5,ABS,2498,4043.158451422909,"{""D"": 10000, ""draw"": 2, ""f"": 29, ""kind"": ""fraction""}",results/archives/PAPERB_B9C_REMAINING_AUTHOR_RUN_050926.zip,PAPERB_B9C_REMAINING_AUTHOR_RUN_050926/raw/g5/g5__recovered29__n3p5__all__d2.npz,24aec55859460b2c1ba95919123b31db70c3c52862eccc40be16ff58ffc6ce3a
g5,g5__recovered29__n3p5__all__d2,recovered29,3.5,DIFF,2498,4580.7970489035415,"{""D"": 10000, ""draw"": 2, ""f"": 29, ""kind"": ""fraction""}",results/archives/PAPERB_B9C_REMAINING_AUTHOR_RUN_050926.zip,PAPERB_B9C_REMAINING_AUTHOR_RUN_050926/raw/g5/g5__recovered29__n3p5__all__d2.npz,24aec55859460b2c1ba95919123b31db70c3c52862eccc40be16ff58ffc6ce3a
g5,g5__recovered29__n3p5__all__d2,recovered29,3.5,Min-Max,2498,4938.786283206915,"{""D"": 10000, ""draw"": 2, ""f"": 29, ""kind"": ""fraction""}",results/archives/PAPERB_B9C_REMAINING_AUTHOR_RUN_050926.zip,PAPERB_B9C_REMAINING_AUTHOR_RUN_050926/raw/g5/g5__recovered29__n3p5__all__d2.npz,24aec55859460b2c1ba95919123b31db70c3c52862eccc40be16ff58ffc6ce3a
g5,g5__recovered29__n3p5__top6__d2,recovered29,3.5,WCL,2498,875.9342612993457,"{""D"": 5000, ""draw"": 2, ""k"": 6, ""kind"": ""topk""}",results/archives/PAPERB_B9C_REMAINING_AUTHOR_RUN_050926.zip,PAPERB_B9C_REMAINING_AUTHOR_RUN_050926/raw/g5/g5__recovered29__n3p5__top6__d2.npz,2d4016d9c78cd10a765b26f152454ce6594d6393d3e6f272ec71c76ecca8846a
g5,g5__recovered29__n3p5__top6__d2,recovered29,3.5,ABS,2498,983.1396879160379,"{""D"": 5000, ""draw"": 2, ""k"": 6, ""kind"": ""topk""}",results/archives/PAPERB_B9C_REMAINING_AUTHOR_RUN_050926.zip,PAPERB_B9C_REMAINING_AUTHOR_RUN_050926/raw/g5/g5__recovered29__n3p5__top6__d2.npz,2d4016d9c78cd10a765b26f152454ce6594d6393d3e6f272ec71c76ecca8846a
g5,g5__recovered29__n3p5__top6__d2,recovered29,3.5,DIFF,2498,1176.1912290930452,"{""D"": 5000, ""draw"": 2, ""k"": 6, ""kind"": ""topk""}",results/archives/PAPERB_B9C_REMAINING_AUTHOR_RUN_050926.zip,PAPERB_B9C_REMAINING_AUTHOR_RUN_050926/raw/g5/g5__recovered29__n3p5__top6__d2.npz,2d4016d9c78cd10a765b26f152454ce6594d6393d3e6f272ec71c76ecca8846a
g5,g5__recovered29__n3p5__top6__d2,recovered29,3.5,Min-Max,2498,1035.7831951111496,"{""D"": 5000, ""draw"": 2, ""k"": 6, ""kind"": ""topk""}",results/archives/PAPERB_B9C_REMAINING_AUTHOR_RUN_050926.zip,PAPERB_B9C_REMAINING_AUTHOR_RUN_050926/raw/g5/g5__recovered29__n3p5__top6__d2.npz,2d4016d9c78cd10a765b26f152454ce6594d6393d3e6f272ec71c76ecca8846a
g5,g5__recovered29__n3p5__top7__d2,recovered29,3.5,WCL,2498,1804.1710891724688,"{""D"": 5000, ""draw"": 2, ""k"": 7, ""kind"": ""topk""}",results/archives/PAPERB_B9C_REMAINING_AUTHOR_RUN_050926.zip,PAPERB_B9C_REMAINING_AUTHOR_RUN_050926/raw/g5/g5__recovered29__n3p5__top7__d2.npz,1066de5b4fbee409f18f26f98c1b53c81e3b1e51eea20fb3ceebabbf4f03c245
g5,g5__recovered29__n3p5__top7__d2,recovered29,3.5,ABS,2498,1176.8758610143896,"{""D"": 5000, ""draw"": 2, ""k"": 7, ""kind"": ""topk""}",results/archives/PAPERB_B9C_REMAINING_AUTHOR_RUN_050926.zip,PAPERB_B9C_REMAINING_AUTHOR_RUN_050926/raw/g5/g5__recovered29__n3p5__top7__d2.npz,1066de5b4fbee409f18f26f98c1b53c81e3b1e51eea20fb3ceebabbf4f03c245
g5,g5__recovered29__n3p5__top7__d2,recovered29,3.5,DIFF,2498,1391.0348075601005,"{""D"": 5000, ""draw"": 2, ""k"": 7, ""kind"": ""topk""}",results/archives/PAPERB_B9C_REMAINING_AUTHOR_RUN_050926.zip,PAPERB_B9C_REMAINING_AUTHOR_RUN_050926/raw/g5/g5__recovered29__n3p5__top7__d2.npz,1066de5b4fbee409f18f26f98c1b53c81e3b1e51eea20fb3ceebabbf4f03c245
g5,g5__recovered29__n3p5__top7__d2,recovered29,3.5,Min-Max,2498,1618.6379031435108,"{""D"": 5000, ""draw"": 2, ""k"": 7, ""kind"": ""topk""}",results/archives/PAPERB_B9C_REMAINING_AUTHOR_RUN_050926.zip,PAPERB_B9C_REMAINING_AUTHOR_RUN_050926/raw/g5/g5__recovered29__n3p5__top7__d2.npz,1066de5b4fbee409f18f26f98c1b53c81e3b1e51eea20fb3ceebabbf4f03c245
g5,g5__recovered29__n3p5__legacy_iso__d2,recovered29,3.5,WCL,2498,804.645345835131,"{""kind"": ""legacy_iso"", ""seed"": 4776}",results/archives/PAPERB_B9C_REMAINING_AUTHOR_RUN_050926.zip,PAPERB_B9C_REMAINING_AUTHOR_RUN_050926/raw/g5/g5__recovered29__n3p5__legacy_iso__d2.npz,b672c89e89816217179f0e278c145354cea8371cdf63e840c77012388d2e203a
g5,g5__recovered29__n3p5__legacy_iso__d2,recovered29,3.5,ABS,2498,827.7100684729771,"{""kind"": ""legacy_iso"", ""seed"": 4776}",results/archives/PAPERB_B9C_REMAINING_AUTHOR_RUN_050926.zip,PAPERB_B9C_REMAINING_AUTHOR_RUN_050926/raw/g5/g5__recovered29__n3p5__legacy_iso__d2.npz,b672c89e89816217179f0e278c145354cea8371cdf63e840c77012388d2e203a
g5,g5__recovered29__n3p5__legacy_iso__d2,recovered29,3.5,DIFF,2498,1186.6305987222863,"{""kind"": ""legacy_iso"", ""seed"": 4776}",results/archives/PAPERB_B9C_REMAINING_AUTHOR_RUN_050926.zip,PAPERB_B9C_REMAINING_AUTHOR_RUN_050926/raw/g5/g5__recovered29__n3p5__legacy_iso__d2.npz,b672c89e89816217179f0e278c145354cea8371cdf63e840c77012388d2e203a
g5,g5__recovered29__n3p5__legacy_iso__d2,recovered29,3.5,Min-Max,2498,608.6396140676679,"{""kind"": ""legacy_iso"", ""seed"": 4776}",results/archives/PAPERB_B9C_REMAINING_AUTHOR_RUN_050926.zip,PAPERB_B9C_REMAINING_AUTHOR_RUN_050926/raw/g5/g5__recovered29__n3p5__legacy_iso__d2.npz,b672c89e89816217179f0e278c145354cea8371cdf63e840c77012388d2e203a
g5,g5__recovered29__n3p5__op_iso__d2,recovered29,3.5,WCL,2498,632.3968547350388,"{""kind"": ""opcenter_exact_iso"", ""seed"": 7776}",results/archives/PAPERB_B9C_REMAINING_AUTHOR_RUN_050926.zip,PAPERB_B9C_REMAINING_AUTHOR_RUN_050926/raw/g5/g5__recovered29__n3p5__op_iso__d2.npz,2e124ffec7547cdb39dc26fc2097181fbcc02fb580a06daa0cdaa0c00df97fe7
g5,g5__recovered29__n3p5__op_iso__d2,recovered29,3.5,ABS,2498,676.0988498935199,"{""kind"": ""opcenter_exact_iso"", ""seed"": 7776}",results/archives/PAPERB_B9C_REMAINING_AUTHOR_RUN_050926.zip,PAPERB_B9C_REMAINING_AUTHOR_RUN_050926/raw/g5/g5__recovered29__n3p5__op_iso__d2.npz,2e124ffec7547cdb39dc26fc2097181fbcc02fb580a06daa0cdaa0c00df97fe7
g5,g5__recovered29__n3p5__op_iso__d2,recovered29,3.5,DIFF,2498,1071.0226071434668,"{""kind"": ""opcenter_exact_iso"", ""seed"": 7776}",results/archives/PAPERB_B9C_REMAINING_AUTHOR_RUN_050926.zip,PAPERB_B9C_REMAINING_AUTHOR_RUN_050926/raw/g5/g5__recovered29__n3p5__op_iso__d2.npz,2e124ffec7547cdb39dc26fc2097181fbcc02fb580a06daa0cdaa0c00df97fe7
g5,g5__recovered29__n3p5__op_iso__d2,recovered29,3.5,Min-Max,2498,504.2803845498248,"{""kind"": ""opcenter_exact_iso"", ""seed"": 7776}",results/archives/PAPERB_B9C_REMAINING_AUTHOR_RUN_050926.zip,PAPERB_B9C_REMAINING_AUTHOR_RUN_050926/raw/g5/g5__recovered29__n3p5__op_iso__d2.npz,2e124ffec7547cdb39dc26fc2097181fbcc02fb580a06daa0cdaa0c00df97fe7
g5,g5__recovered29__n3p5__one__d3,recovered29,3.5,WCL,2498,598.0788538021349,"{""D"": 10000, ""draw"": 3, ""f"": 1, ""kind"": ""fraction""}",results/archives/PAPERB_B9C_REMAINING_AUTHOR_RUN_050926.zip,PAPERB_B9C_REMAINING_AUTHOR_RUN_050926/raw/g5/g5__recovered29__n3p5__one__d3.npz,b35e46af5a46b0745393f9c2cd7b4fc15b593a819f8c8b452e8a0f2cffea1d8c
g5,g5__recovered29__n3p5__one__d3,recovered29,3.5,ABS,2498,688.4351593878607,"{""D"": 10000, ""draw"": 3, ""f"": 1, ""kind"": ""fraction""}",results/archives/PAPERB_B9C_REMAINING_AUTHOR_RUN_050926.zip,PAPERB_B9C_REMAINING_AUTHOR_RUN_050926/raw/g5/g5__recovered29__n3p5__one__d3.npz,b35e46af5a46b0745393f9c2cd7b4fc15b593a819f8c8b452e8a0f2cffea1d8c
g5,g5__recovered29__n3p5__one__d3,recovered29,3.5,DIFF,2498,949.0923454791377,"{""D"": 10000, ""draw"": 3, ""f"": 1, ""kind"": ""fraction""}",results/archives/PAPERB_B9C_REMAINING_AUTHOR_RUN_050926.zip,PAPERB_B9C_REMAINING_AUTHOR_RUN_050926/raw/g5/g5__recovered29__n3p5__one__d3.npz,b35e46af5a46b0745393f9c2cd7b4fc15b593a819f8c8b452e8a0f2cffea1d8c
g5,g5__recovered29__n3p5__one__d3,recovered29,3.5,Min-Max,2498,528.1115902468333,"{""D"": 10000, ""draw"": 3, ""f"": 1, ""kind"": ""fraction""}",results/archives/PAPERB_B9C_REMAINING_AUTHOR_RUN_050926.zip,PAPERB_B9C_REMAINING_AUTHOR_RUN_050926/raw/g5/g5__recovered29__n3p5__one__d3.npz,b35e46af5a46b0745393f9c2cd7b4fc15b593a819f8c8b452e8a0f2cffea1d8c
g5,g5__recovered29__n3p5__all__d3,recovered29,3.5,WCL,2498,5732.966954578589,"{""D"": 10000, ""draw"": 3, ""f"": 29, ""kind"": ""fraction""}",results/archives/PAPERB_B9C_REMAINING_AUTHOR_RUN_050926.zip,PAPERB_B9C_REMAINING_AUTHOR_RUN_050926/raw/g5/g5__recovered29__n3p5__all__d3.npz,6818f57951f6563488218e819f6106ae17806e0f890ad1b04973c83572201023
g5,g5__recovered29__n3p5__all__d3,recovered29,3.5,ABS,2498,3528.0558916823875,"{""D"": 10000, ""draw"": 3, ""f"": 29, ""kind"": ""fraction""}",results/archives/PAPERB_B9C_REMAINING_AUTHOR_RUN_050926.zip,PAPERB_B9C_REMAINING_AUTHOR_RUN_050926/raw/g5/g5__recovered29__n3p5__all__d3.npz,6818f57951f6563488218e819f6106ae17806e0f890ad1b04973c83572201023
g5,g5__recovered29__n3p5__all__d3,recovered29,3.5,DIFF,2498,3940.5950382721094,"{""D"": 10000, ""draw"": 3, ""f"": 29, ""kind"": ""fraction""}",results/archives/PAPERB_B9C_REMAINING_AUTHOR_RUN_050926.zip,PAPERB_B9C_REMAINING_AUTHOR_RUN_050926/raw/g5/g5__recovered29__n3p5__all__d3.npz,6818f57951f6563488218e819f6106ae17806e0f890ad1b04973c83572201023
g5,g5__recovered29__n3p5__all__d3,recovered29,3.5,Min-Max,2498,3523.556785672562,"{""D"": 10000, ""draw"": 3, ""f"": 29, ""kind"": ""fraction""}",results/archives/PAPERB_B9C_REMAINING_AUTHOR_RUN_050926.zip,PAPERB_B9C_REMAINING_AUTHOR_RUN_050926/raw/g5/g5__recovered29__n3p5__all__d3.npz,6818f57951f6563488218e819f6106ae17806e0f890ad1b04973c83572201023
g5,g5__recovered29__n3p5__top6__d3,recovered29,3.5,WCL,2498,869.6713854825259,"{""D"": 5000, ""draw"": 3, ""k"": 6, ""kind"": ""topk""}",results/archives/PAPERB_B9C_REMAINING_AUTHOR_RUN_050926.zip,PAPERB_B9C_REMAINING_AUTHOR_RUN_050926/raw/g5/g5__recovered29__n3p5__top6__d3.npz,3ddec6d25ec837633b2b25108d1aaffd2c31eb4643dc50b4533c0318b665f85e
g5,g5__recovered29__n3p5__top6__d3,recovered29,3.5,ABS,2498,931.8791787019147,"{""D"": 5000, ""draw"": 3, ""k"": 6, ""kind"": ""topk""}",results/archives/PAPERB_B9C_REMAINING_AUTHOR_RUN_050926.zip,PAPERB_B9C_REMAINING_AUTHOR_RUN_050926/raw/g5/g5__recovered29__n3p5__top6__d3.npz,3ddec6d25ec837633b2b25108d1aaffd2c31eb4643dc50b4533c0318b665f85e
g5,g5__recovered29__n3p5__top6__d3,recovered29,3.5,DIFF,2498,1135.6144878542686,"{""D"": 5000, ""draw"": 3, ""k"": 6, ""kind"": ""topk""}",results/archives/PAPERB_B9C_REMAINING_AUTHOR_RUN_050926.zip,PAPERB_B9C_REMAINING_AUTHOR_RUN_050926/raw/g5/g5__recovered29__n3p5__top6__d3.npz,3ddec6d25ec837633b2b25108d1aaffd2c31eb4643dc50b4533c0318b665f85e
g5,g5__recovered29__n3p5__top6__d3,recovered29,3.5,Min-Max,2498,897.9221839585506,"{""D"": 5000, ""draw"": 3, ""k"": 6, ""kind"": ""topk""}",results/archives/PAPERB_B9C_REMAINING_AUTHOR_RUN_050926.zip,PAPERB_B9C_REMAINING_AUTHOR_RUN_050926/raw/g5/g5__recovered29__n3p5__top6__d3.npz,3ddec6d25ec837633b2b25108d1aaffd2c31eb4643dc50b4533c0318b665f85e
g5,g5__recovered29__n3p5__top7__d3,recovered29,3.5,WCL,2498,1812.6748909838816,"{""D"": 5000, ""draw"": 3, ""k"": 7, ""kind"": ""topk""}",results/archives/PAPERB_B9C_REMAINING_AUTHOR_RUN_050926.zip,PAPERB_B9C_REMAINING_AUTHOR_RUN_050926/raw/g5/g5__recovered29__n3p5__top7__d3.npz,9bdd603ddb03d206d7084a6b4a56c3daf8505b7602145d3a05751d9906e3e5bb
g5,g5__recovered29__n3p5__top7__d3,recovered29,3.5,ABS,2498,1256.568513281406,"{""D"": 5000, ""draw"": 3, ""k"": 7, ""kind"": ""topk""}",results/archives/PAPERB_B9C_REMAINING_AUTHOR_RUN_050926.zip,PAPERB_B9C_REMAINING_AUTHOR_RUN_050926/raw/g5/g5__recovered29__n3p5__top7__d3.npz,9bdd603ddb03d206d7084a6b4a56c3daf8505b7602145d3a05751d9906e3e5bb
g5,g5__recovered29__n3p5__top7__d3,recovered29,3.5,DIFF,2498,1603.2790117461664,"{""D"": 5000, ""draw"": 3, ""k"": 7, ""kind"": ""topk""}",results/archives/PAPERB_B9C_REMAINING_AUTHOR_RUN_050926.zip,PAPERB_B9C_REMAINING_AUTHOR_RUN_050926/raw/g5/g5__recovered29__n3p5__top7__d3.npz,9bdd603ddb03d206d7084a6b4a56c3daf8505b7602145d3a05751d9906e3e5bb
g5,g5__recovered29__n3p5__top7__d3,recovered29,3.5,Min-Max,2498,1639.2818170514993,"{""D"": 5000, ""draw"": 3, ""k"": 7, ""kind"": ""topk""}",results/archives/PAPERB_B9C_REMAINING_AUTHOR_RUN_050926.zip,PAPERB_B9C_REMAINING_AUTHOR_RUN_050926/raw/g5/g5__recovered29__n3p5__top7__d3.npz,9bdd603ddb03d206d7084a6b4a56c3daf8505b7602145d3a05751d9906e3e5bb
g5,g5__recovered29__n3p5__legacy_iso__d3,recovered29,3.5,WCL,2498,559.03836462195,"{""kind"": ""legacy_iso"", ""seed"": 4789}",results/archives/PAPERB_B9C_REMAINING_AUTHOR_RUN_050926.zip,PAPERB_B9C_REMAINING_AUTHOR_RUN_050926/raw/g5/g5__recovered29__n3p5__legacy_iso__d3.npz,329af650083fc688c0a66bff459f76700f9b3533a4fa866dd1cc0be0ecd80f64
g5,g5__recovered29__n3p5__legacy_iso__d3,recovered29,3.5,ABS,2498,543.0172848791983,"{""kind"": ""legacy_iso"", ""seed"": 4789}",results/archives/PAPERB_B9C_REMAINING_AUTHOR_RUN_050926.zip,PAPERB_B9C_REMAINING_AUTHOR_RUN_050926/raw/g5/g5__recovered29__n3p5__legacy_iso__d3.npz,329af650083fc688c0a66bff459f76700f9b3533a4fa866dd1cc0be0ecd80f64
g5,g5__recovered29__n3p5__legacy_iso__d3,recovered29,3.5,DIFF,2498,849.8614441593213,"{""kind"": ""legacy_iso"", ""seed"": 4789}",results/archives/PAPERB_B9C_REMAINING_AUTHOR_RUN_050926.zip,PAPERB_B9C_REMAINING_AUTHOR_RUN_050926/raw/g5/g5__recovered29__n3p5__legacy_iso__d3.npz,329af650083fc688c0a66bff459f76700f9b3533a4fa866dd1cc0be0ecd80f64
g5,g5__recovered29__n3p5__legacy_iso__d3,recovered29,3.5,Min-Max,2498,466.0931055309061,"{""kind"": ""legacy_iso"", ""seed"": 4789}",results/archives/PAPERB_B9C_REMAINING_AUTHOR_RUN_050926.zip,PAPERB_B9C_REMAINING_AUTHOR_RUN_050926/raw/g5/g5__recovered29__n3p5__legacy_iso__d3.npz,329af650083fc688c0a66bff459f76700f9b3533a4fa866dd1cc0be0ecd80f64
g5,g5__recovered29__n3p5__op_iso__d3,recovered29,3.5,WCL,2498,645.928855272155,"{""kind"": ""opcenter_exact_iso"", ""seed"": 7789}",results/archives/PAPERB_B9C_REMAINING_AUTHOR_RUN_050926.zip,PAPERB_B9C_REMAINING_AUTHOR_RUN_050926/raw/g5/g5__recovered29__n3p5__op_iso__d3.npz,13245fd053db1f13a4c770f2485f9fe8f96b83011030b4ce8f9d491ecd91ea5f
g5,g5__recovered29__n3p5__op_iso__d3,recovered29,3.5,ABS,2498,681.0987703783193,"{""kind"": ""opcenter_exact_iso"", ""seed"": 7789}",results/archives/PAPERB_B9C_REMAINING_AUTHOR_RUN_050926.zip,PAPERB_B9C_REMAINING_AUTHOR_RUN_050926/raw/g5/g5__recovered29__n3p5__op_iso__d3.npz,13245fd053db1f13a4c770f2485f9fe8f96b83011030b4ce8f9d491ecd91ea5f
g5,g5__recovered29__n3p5__op_iso__d3,recovered29,3.5,DIFF,2498,1126.2930744718756,"{""kind"": ""opcenter_exact_iso"", ""seed"": 7789}",results/archives/PAPERB_B9C_REMAINING_AUTHOR_RUN_050926.zip,PAPERB_B9C_REMAINING_AUTHOR_RUN_050926/raw/g5/g5__recovered29__n3p5__op_iso__d3.npz,13245fd053db1f13a4c770f2485f9fe8f96b83011030b4ce8f9d491ecd91ea5f
g5,g5__recovered29__n3p5__op_iso__d3,recovered29,3.5,Min-Max,2498,526.2111905799629,"{""kind"": ""opcenter_exact_iso"", ""seed"": 7789}",results/archives/PAPERB_B9C_REMAINING_AUTHOR_RUN_050926.zip,PAPERB_B9C_REMAINING_AUTHOR_RUN_050926/raw/g5/g5__recovered29__n3p5__op_iso__d3.npz,13245fd053db1f13a4c770f2485f9fe8f96b83011030b4ce8f9d491ecd91ea5f
g5,g5__recovered29__n3p5__one__d4,recovered29,3.5,WCL,2498,586.2801006898306,"{""D"": 10000, ""draw"": 4, ""f"": 1, ""kind"": ""fraction""}",results/archives/PAPERB_B9C_REMAINING_AUTHOR_RUN_050926.zip,PAPERB_B9C_REMAINING_AUTHOR_RUN_050926/raw/g5/g5__recovered29__n3p5__one__d4.npz,7639b819948d3dc77e855936ae7b53abb44e378a560c5a4b75cc8770d09c818d
g5,g5__recovered29__n3p5__one__d4,recovered29,3.5,ABS,2498,662.6592170352183,"{""D"": 10000, ""draw"": 4, ""f"": 1, ""kind"": ""fraction""}",results/archives/PAPERB_B9C_REMAINING_AUTHOR_RUN_050926.zip,PAPERB_B9C_REMAINING_AUTHOR_RUN_050926/raw/g5/g5__recovered29__n3p5__one__d4.npz,7639b819948d3dc77e855936ae7b53abb44e378a560c5a4b75cc8770d09c818d
g5,g5__recovered29__n3p5__one__d4,recovered29,3.5,DIFF,2498,966.6494075603443,"{""D"": 10000, ""draw"": 4, ""f"": 1, ""kind"": ""fraction""}",results/archives/PAPERB_B9C_REMAINING_AUTHOR_RUN_050926.zip,PAPERB_B9C_REMAINING_AUTHOR_RUN_050926/raw/g5/g5__recovered29__n3p5__one__d4.npz,7639b819948d3dc77e855936ae7b53abb44e378a560c5a4b75cc8770d09c818d
g5,g5__recovered29__n3p5__one__d4,recovered29,3.5,Min-Max,2498,491.34499724625516,"{""D"": 10000, ""draw"": 4, ""f"": 1, ""kind"": ""fraction""}",results/archives/PAPERB_B9C_REMAINING_AUTHOR_RUN_050926.zip,PAPERB_B9C_REMAINING_AUTHOR_RUN_050926/raw/g5/g5__recovered29__n3p5__one__d4.npz,7639b819948d3dc77e855936ae7b53abb44e378a560c5a4b75cc8770d09c818d
g5,g5__recovered29__n3p5__all__d4,recovered29,3.5,WCL,2498,6998.258836170322,"{""D"": 10000, ""draw"": 4, ""f"": 29, ""kind"": ""fraction""}",results/archives/PAPERB_B9C_REMAINING_AUTHOR_RUN_050926.zip,PAPERB_B9C_REMAINING_AUTHOR_RUN_050926/raw/g5/g5__recovered29__n3p5__all__d4.npz,6c46d5ad9ec01da90a96777ee339ea54daa1533002a395b96f61e4af6c922048
g5,g5__recovered29__n3p5__all__d4,recovered29,3.5,ABS,2498,3688.686472386228,"{""D"": 10000, ""draw"": 4, ""f"": 29, ""kind"": ""fraction""}",results/archives/PAPERB_B9C_REMAINING_AUTHOR_RUN_050926.zip,PAPERB_B9C_REMAINING_AUTHOR_RUN_050926/raw/g5/g5__recovered29__n3p5__all__d4.npz,6c46d5ad9ec01da90a96777ee339ea54daa1533002a395b96f61e4af6c922048
g5,g5__recovered29__n3p5__all__d4,recovered29,3.5,DIFF,2498,4209.635981434415,"{""D"": 10000, ""draw"": 4, ""f"": 29, ""kind"": ""fraction""}",results/archives/PAPERB_B9C_REMAINING_AUTHOR_RUN_050926.zip,PAPERB_B9C_REMAINING_AUTHOR_RUN_050926/raw/g5/g5__recovered29__n3p5__all__d4.npz,6c46d5ad9ec01da90a96777ee339ea54daa1533002a395b96f61e4af6c922048
g5,g5__recovered29__n3p5__all__d4,recovered29,3.5,Min-Max,2498,4624.497204130019,"{""D"": 10000, ""draw"": 4, ""f"": 29, ""kind"": ""fraction""}",results/archives/PAPERB_B9C_REMAINING_AUTHOR_RUN_050926.zip,PAPERB_B9C_REMAINING_AUTHOR_RUN_050926/raw/g5/g5__recovered29__n3p5__all__d4.npz,6c46d5ad9ec01da90a96777ee339ea54daa1533002a395b96f61e4af6c922048
g5,g5__recovered29__n3p5__top6__d4,recovered29,3.5,WCL,2498,875.3488150130155,"{""D"": 5000, ""draw"": 4, ""k"": 6, ""kind"": ""topk""}",results/archives/PAPERB_B9C_REMAINING_AUTHOR_RUN_050926.zip,PAPERB_B9C_REMAINING_AUTHOR_RUN_050926/raw/g5/g5__recovered29__n3p5__top6__d4.npz,a8f4b644e74aef649266ba69d56b29e2426269bd7c84bf74c31fd62df609ce89
g5,g5__recovered29__n3p5__top6__d4,recovered29,3.5,ABS,2498,971.4470347478706,"{""D"": 5000, ""draw"": 4, ""k"": 6, ""kind"": ""topk""}",results/archives/PAPERB_B9C_REMAINING_AUTHOR_RUN_050926.zip,PAPERB_B9C_REMAINING_AUTHOR_RUN_050926/raw/g5/g5__recovered29__n3p5__top6__d4.npz,a8f4b644e74aef649266ba69d56b29e2426269bd7c84bf74c31fd62df609ce89
g5,g5__recovered29__n3p5__top6__d4,recovered29,3.5,DIFF,2498,1186.235048168347,"{""D"": 5000, ""draw"": 4, ""k"": 6, ""kind"": ""topk""}",results/archives/PAPERB_B9C_REMAINING_AUTHOR_RUN_050926.zip,PAPERB_B9C_REMAINING_AUTHOR_RUN_050926/raw/g5/g5__recovered29__n3p5__top6__d4.npz,a8f4b644e74aef649266ba69d56b29e2426269bd7c84bf74c31fd62df609ce89
g5,g5__recovered29__n3p5__top6__d4,recovered29,3.5,Min-Max,2498,992.8676891776911,"{""D"": 5000, ""draw"": 4, ""k"": 6, ""kind"": ""topk""}",results/archives/PAPERB_B9C_REMAINING_AUTHOR_RUN_050926.zip,PAPERB_B9C_REMAINING_AUTHOR_RUN_050926/raw/g5/g5__recovered29__n3p5__top6__d4.npz,a8f4b644e74aef649266ba69d56b29e2426269bd7c84bf74c31fd62df609ce89
g5,g5__recovered29__n3p5__top7__d4,recovered29,3.5,WCL,2498,2106.017646973991,"{""D"": 5000, ""draw"": 4, ""k"": 7, ""kind"": ""topk""}",results/archives/PAPERB_B9C_REMAINING_AUTHOR_RUN_050926.zip,PAPERB_B9C_REMAINING_AUTHOR_RUN_050926/raw/g5/g5__recovered29__n3p5__top7__d4.npz,b58808515e37dc4f36ab7024780d25956876aa2be34e85b5c52d2b688b383e1a
g5,g5__recovered29__n3p5__top7__d4,recovered29,3.5,ABS,2498,1183.7367636911285,"{""D"": 5000, ""draw"": 4, ""k"": 7, ""kind"": ""topk""}",results/archives/PAPERB_B9C_REMAINING_AUTHOR_RUN_050926.zip,PAPERB_B9C_REMAINING_AUTHOR_RUN_050926/raw/g5/g5__recovered29__n3p5__top7__d4.npz,b58808515e37dc4f36ab7024780d25956876aa2be34e85b5c52d2b688b383e1a
g5,g5__recovered29__n3p5__top7__d4,recovered29,3.5,DIFF,2498,1620.0247650157658,"{""D"": 5000, ""draw"": 4, ""k"": 7, ""kind"": ""topk""}",results/archives/PAPERB_B9C_REMAINING_AUTHOR_RUN_050926.zip,PAPERB_B9C_REMAINING_AUTHOR_RUN_050926/raw/g5/g5__recovered29__n3p5__top7__d4.npz,b58808515e37dc4f36ab7024780d25956876aa2be34e85b5c52d2b688b383e1a
g5,g5__recovered29__n3p5__top7__d4,recovered29,3.5,Min-Max,2498,1904.7032401313159,"{""D"": 5000, ""draw"": 4, ""k"": 7, ""kind"": ""topk""}",results/archives/PAPERB_B9C_REMAINING_AUTHOR_RUN_050926.zip,PAPERB_B9C_REMAINING_AUTHOR_RUN_050926/raw/g5/g5__recovered29__n3p5__top7__d4.npz,b58808515e37dc4f36ab7024780d25956876aa2be34e85b5c52d2b688b383e1a
g5,g5__recovered29__n3p5__legacy_iso__d4,recovered29,3.5,WCL,2498,623.5702111891513,"{""kind"": ""legacy_iso"", ""seed"": 4802}",results/archives/PAPERB_B9C_REMAINING_AUTHOR_RUN_050926.zip,PAPERB_B9C_REMAINING_AUTHOR_RUN_050926/raw/g5/g5__recovered29__n3p5__legacy_iso__d4.npz,4a961070491e15debc46eb1e3377df90e6c8b4e7acf85884335fb22abbf477dd
g5,g5__recovered29__n3p5__legacy_iso__d4,recovered29,3.5,ABS,2498,669.2481757825813,"{""kind"": ""legacy_iso"", ""seed"": 4802}",results/archives/PAPERB_B9C_REMAINING_AUTHOR_RUN_050926.zip,PAPERB_B9C_REMAINING_AUTHOR_RUN_050926/raw/g5/g5__recovered29__n3p5__legacy_iso__d4.npz,4a961070491e15debc46eb1e3377df90e6c8b4e7acf85884335fb22abbf477dd
g5,g5__recovered29__n3p5__legacy_iso__d4,recovered29,3.5,DIFF,2498,937.1191826189262,"{""kind"": ""legacy_iso"", ""seed"": 4802}",results/archives/PAPERB_B9C_REMAINING_AUTHOR_RUN_050926.zip,PAPERB_B9C_REMAINING_AUTHOR_RUN_050926/raw/g5/g5__recovered29__n3p5__legacy_iso__d4.npz,4a961070491e15debc46eb1e3377df90e6c8b4e7acf85884335fb22abbf477dd
g5,g5__recovered29__n3p5__legacy_iso__d4,recovered29,3.5,Min-Max,2498,484.3964235157798,"{""kind"": ""legacy_iso"", ""seed"": 4802}",results/archives/PAPERB_B9C_REMAINING_AUTHOR_RUN_050926.zip,PAPERB_B9C_REMAINING_AUTHOR_RUN_050926/raw/g5/g5__recovered29__n3p5__legacy_iso__d4.npz,4a961070491e15debc46eb1e3377df90e6c8b4e7acf85884335fb22abbf477dd
g5,g5__recovered29__n3p5__op_iso__d4,recovered29,3.5,WCL,2498,531.3814817488325,"{""kind"": ""opcenter_exact_iso"", ""seed"": 7802}",results/archives/PAPERB_B9C_REMAINING_AUTHOR_RUN_050926.zip,PAPERB_B9C_REMAINING_AUTHOR_RUN_050926/raw/g5/g5__recovered29__n3p5__op_iso__d4.npz,f6747d37ec5046c1e1fdc82c574df98552f733e0477f781174056816e91673d0
g5,g5__recovered29__n3p5__op_iso__d4,recovered29,3.5,ABS,2498,650.6763074948683,"{""kind"": ""opcenter_exact_iso"", ""seed"": 7802}",results/archives/PAPERB_B9C_REMAINING_AUTHOR_RUN_050926.zip,PAPERB_B9C_REMAINING_AUTHOR_RUN_050926/raw/g5/g5__recovered29__n3p5__op_iso__d4.npz,f6747d37ec5046c1e1fdc82c574df98552f733e0477f781174056816e91673d0
g5,g5__recovered29__n3p5__op_iso__d4,recovered29,3.5,DIFF,2498,880.8219798487821,"{""kind"": ""opcenter_exact_iso"", ""seed"": 7802}",results/archives/PAPERB_B9C_REMAINING_AUTHOR_RUN_050926.zip,PAPERB_B9C_REMAINING_AUTHOR_RUN_050926/raw/g5/g5__recovered29__n3p5__op_iso__d4.npz,f6747d37ec5046c1e1fdc82c574df98552f733e0477f781174056816e91673d0
g5,g5__recovered29__n3p5__op_iso__d4,recovered29,3.5,Min-Max,2498,461.0063957691501,"{""kind"": ""opcenter_exact_iso"", ""seed"": 7802}",results/archives/PAPERB_B9C_REMAINING_AUTHOR_RUN_050926.zip,PAPERB_B9C_REMAINING_AUTHOR_RUN_050926/raw/g5/g5__recovered29__n3p5__op_iso__d4.npz,f6747d37ec5046c1e1fdc82c574df98552f733e0477f781174056816e91673d0
g5,g5__recovered29__n3p5__one__d5,recovered29,3.5,WCL,2498,584.3011457663958,"{""D"": 10000, ""draw"": 5, ""f"": 1, ""kind"": ""fraction""}",results/archives/PAPERB_B9C_REMAINING_AUTHOR_RUN_050926.zip,PAPERB_B9C_REMAINING_AUTHOR_RUN_050926/raw/g5/g5__recovered29__n3p5__one__d5.npz,a88b90e763ee0d4f222ce0c1809b392e163c151430144c9e6e77f5c9a664b41e
g5,g5__recovered29__n3p5__one__d5,recovered29,3.5,ABS,2498,661.5707313072942,"{""D"": 10000, ""draw"": 5, ""f"": 1, ""kind"": ""fraction""}",results/archives/PAPERB_B9C_REMAINING_AUTHOR_RUN_050926.zip,PAPERB_B9C_REMAINING_AUTHOR_RUN_050926/raw/g5/g5__recovered29__n3p5__one__d5.npz,a88b90e763ee0d4f222ce0c1809b392e163c151430144c9e6e77f5c9a664b41e
g5,g5__recovered29__n3p5__one__d5,recovered29,3.5,DIFF,2498,963.9420407526018,"{""D"": 10000, ""draw"": 5, ""f"": 1, ""kind"": ""fraction""}",results/archives/PAPERB_B9C_REMAINING_AUTHOR_RUN_050926.zip,PAPERB_B9C_REMAINING_AUTHOR_RUN_050926/raw/g5/g5__recovered29__n3p5__one__d5.npz,a88b90e763ee0d4f222ce0c1809b392e163c151430144c9e6e77f5c9a664b41e
g5,g5__recovered29__n3p5__one__d5,recovered29,3.5,Min-Max,2498,489.8414146431944,"{""D"": 10000, ""draw"": 5, ""f"": 1, ""kind"": ""fraction""}",results/archives/PAPERB_B9C_REMAINING_AUTHOR_RUN_050926.zip,PAPERB_B9C_REMAINING_AUTHOR_RUN_050926/raw/g5/g5__recovered29__n3p5__one__d5.npz,a88b90e763ee0d4f222ce0c1809b392e163c151430144c9e6e77f5c9a664b41e
g5,g5__recovered29__n3p5__all__d5,recovered29,3.5,WCL,2498,5279.536236089608,"{""D"": 10000, ""draw"": 5, ""f"": 29, ""kind"": ""fraction""}",results/archives/PAPERB_B9C_REMAINING_AUTHOR_RUN_050926.zip,PAPERB_B9C_REMAINING_AUTHOR_RUN_050926/raw/g5/g5__recovered29__n3p5__all__d5.npz,8e7c2ba7196205d212ef3e5f8f0f8a86f72c4e164d304e46766c6d0b15a2631f
g5,g5__recovered29__n3p5__all__d5,recovered29,3.5,ABS,2498,3161.3315660481867,"{""D"": 10000, ""draw"": 5, ""f"": 29, ""kind"": ""fraction""}",results/archives/PAPERB_B9C_REMAINING_AUTHOR_RUN_050926.zip,PAPERB_B9C_REMAINING_AUTHOR_RUN_050926/raw/g5/g5__recovered29__n3p5__all__d5.npz,8e7c2ba7196205d212ef3e5f8f0f8a86f72c4e164d304e46766c6d0b15a2631f
g5,g5__recovered29__n3p5__all__d5,recovered29,3.5,DIFF,2498,3441.4904866895495,"{""D"": 10000, ""draw"": 5, ""f"": 29, ""kind"": ""fraction""}",results/archives/PAPERB_B9C_REMAINING_AUTHOR_RUN_050926.zip,PAPERB_B9C_REMAINING_AUTHOR_RUN_050926/raw/g5/g5__recovered29__n3p5__all__d5.npz,8e7c2ba7196205d212ef3e5f8f0f8a86f72c4e164d304e46766c6d0b15a2631f
g5,g5__recovered29__n3p5__all__d5,recovered29,3.5,Min-Max,2498,3435.3427479440234,"{""D"": 10000, ""draw"": 5, ""f"": 29, ""kind"": ""fraction""}",results/archives/PAPERB_B9C_REMAINING_AUTHOR_RUN_050926.zip,PAPERB_B9C_REMAINING_AUTHOR_RUN_050926/raw/g5/g5__recovered29__n3p5__all__d5.npz,8e7c2ba7196205d212ef3e5f8f0f8a86f72c4e164d304e46766c6d0b15a2631f
g5,g5__recovered29__n3p5__top6__d5,recovered29,3.5,WCL,2498,874.3777634069315,"{""D"": 5000, ""draw"": 5, ""k"": 6, ""kind"": ""topk""}",results/archives/PAPERB_B9C_REMAINING_AUTHOR_RUN_050926.zip,PAPERB_B9C_REMAINING_AUTHOR_RUN_050926/raw/g5/g5__recovered29__n3p5__top6__d5.npz,206afe048fa9067b886eae4949fe1ce39dc92bf700b4904097c394cd43d9fb16
g5,g5__recovered29__n3p5__top6__d5,recovered29,3.5,ABS,2498,1010.361167703319,"{""D"": 5000, ""draw"": 5, ""k"": 6, ""kind"": ""topk""}",results/archives/PAPERB_B9C_REMAINING_AUTHOR_RUN_050926.zip,PAPERB_B9C_REMAINING_AUTHOR_RUN_050926/raw/g5/g5__recovered29__n3p5__top6__d5.npz,206afe048fa9067b886eae4949fe1ce39dc92bf700b4904097c394cd43d9fb16
g5,g5__recovered29__n3p5__top6__d5,recovered29,3.5,DIFF,2498,1184.6386742320992,"{""D"": 5000, ""draw"": 5, ""k"": 6, ""kind"": ""topk""}",results/archives/PAPERB_B9C_REMAINING_AUTHOR_RUN_050926.zip,PAPERB_B9C_REMAINING_AUTHOR_RUN_050926/raw/g5/g5__recovered29__n3p5__top6__d5.npz,206afe048fa9067b886eae4949fe1ce39dc92bf700b4904097c394cd43d9fb16
g5,g5__recovered29__n3p5__top6__d5,recovered29,3.5,Min-Max,2498,1164.6546656128644,"{""D"": 5000, ""draw"": 5, ""k"": 6, ""kind"": ""topk""}",results/archives/PAPERB_B9C_REMAINING_AUTHOR_RUN_050926.zip,PAPERB_B9C_REMAINING_AUTHOR_RUN_050926/raw/g5/g5__recovered29__n3p5__top6__d5.npz,206afe048fa9067b886eae4949fe1ce39dc92bf700b4904097c394cd43d9fb16
g5,g5__recovered29__n3p5__top7__d5,recovered29,3.5,WCL,2498,2298.463832614062,"{""D"": 5000, ""draw"": 5, ""k"": 7, ""kind"": ""topk""}",results/archives/PAPERB_B9C_REMAINING_AUTHOR_RUN_050926.zip,PAPERB_B9C_REMAINING_AUTHOR_RUN_050926/raw/g5/g5__recovered29__n3p5__top7__d5.npz,5f6c1d7295bd86cffd92b2a36796943e4fa739d33c69ce92b84c3dacceb4f337
g5,g5__recovered29__n3p5__top7__d5,recovered29,3.5,ABS,2498,1114.9993961020868,"{""D"": 5000, ""draw"": 5, ""k"": 7, ""kind"": ""topk""}",results/archives/PAPERB_B9C_REMAINING_AUTHOR_RUN_050926.zip,PAPERB_B9C_REMAINING_AUTHOR_RUN_050926/raw/g5/g5__recovered29__n3p5__top7__d5.npz,5f6c1d7295bd86cffd92b2a36796943e4fa739d33c69ce92b84c3dacceb4f337
g5,g5__recovered29__n3p5__top7__d5,recovered29,3.5,DIFF,2498,1726.267023071184,"{""D"": 5000, ""draw"": 5, ""k"": 7, ""kind"": ""topk""}",results/archives/PAPERB_B9C_REMAINING_AUTHOR_RUN_050926.zip,PAPERB_B9C_REMAINING_AUTHOR_RUN_050926/raw/g5/g5__recovered29__n3p5__top7__d5.npz,5f6c1d7295bd86cffd92b2a36796943e4fa739d33c69ce92b84c3dacceb4f337
g5,g5__recovered29__n3p5__top7__d5,recovered29,3.5,Min-Max,2498,1895.9578531370216,"{""D"": 5000, ""draw"": 5, ""k"": 7, ""kind"": ""topk""}",results/archives/PAPERB_B9C_REMAINING_AUTHOR_RUN_050926.zip,PAPERB_B9C_REMAINING_AUTHOR_RUN_050926/raw/g5/g5__recovered29__n3p5__top7__d5.npz,5f6c1d7295bd86cffd92b2a36796943e4fa739d33c69ce92b84c3dacceb4f337
g5,g5__recovered29__n3p5__legacy_iso__d5,recovered29,3.5,WCL,2498,726.8223637619606,"{""kind"": ""legacy_iso"", ""seed"": 4815}",results/archives/PAPERB_B9C_REMAINING_AUTHOR_RUN_050926.zip,PAPERB_B9C_REMAINING_AUTHOR_RUN_050926/raw/g5/g5__recovered29__n3p5__legacy_iso__d5.npz,1b4544ce6a70eb73fa12267cdbcd3eacaf5e233808b47bd1fb70a3c0f3ef66d3
g5,g5__recovered29__n3p5__legacy_iso__d5,recovered29,3.5,ABS,2498,666.2409437285542,"{""kind"": ""legacy_iso"", ""seed"": 4815}",results/archives/PAPERB_B9C_REMAINING_AUTHOR_RUN_050926.zip,PAPERB_B9C_REMAINING_AUTHOR_RUN_050926/raw/g5/g5__recovered29__n3p5__legacy_iso__d5.npz,1b4544ce6a70eb73fa12267cdbcd3eacaf5e233808b47bd1fb70a3c0f3ef66d3
g5,g5__recovered29__n3p5__legacy_iso__d5,recovered29,3.5,DIFF,2498,1240.426021922179,"{""kind"": ""legacy_iso"", ""seed"": 4815}",results/archives/PAPERB_B9C_REMAINING_AUTHOR_RUN_050926.zip,PAPERB_B9C_REMAINING_AUTHOR_RUN_050926/raw/g5/g5__recovered29__n3p5__legacy_iso__d5.npz,1b4544ce6a70eb73fa12267cdbcd3eacaf5e233808b47bd1fb70a3c0f3ef66d3
g5,g5__recovered29__n3p5__legacy_iso__d5,recovered29,3.5,Min-Max,2498,530.8363357414628,"{""kind"": ""legacy_iso"", ""seed"": 4815}",results/archives/PAPERB_B9C_REMAINING_AUTHOR_RUN_050926.zip,PAPERB_B9C_REMAINING_AUTHOR_RUN_050926/raw/g5/g5__recovered29__n3p5__legacy_iso__d5.npz,1b4544ce6a70eb73fa12267cdbcd3eacaf5e233808b47bd1fb70a3c0f3ef66d3
g5,g5__recovered29__n3p5__op_iso__d5,recovered29,3.5,WCL,2498,586.0537885183544,"{""kind"": ""opcenter_exact_iso"", ""seed"": 7815}",results/archives/PAPERB_B9C_REMAINING_AUTHOR_RUN_050926.zip,PAPERB_B9C_REMAINING_AUTHOR_RUN_050926/raw/g5/g5__recovered29__n3p5__op_iso__d5.npz,61e4ceabbfb80562ab2a0d93473b15ad19070c888edb77ad1032719f487c17e5
g5,g5__recovered29__n3p5__op_iso__d5,recovered29,3.5,ABS,2498,695.4676726575326,"{""kind"": ""opcenter_exact_iso"", ""seed"": 7815}",results/archives/PAPERB_B9C_REMAINING_AUTHOR_RUN_050926.zip,PAPERB_B9C_REMAINING_AUTHOR_RUN_050926/raw/g5/g5__recovered29__n3p5__op_iso__d5.npz,61e4ceabbfb80562ab2a0d93473b15ad19070c888edb77ad1032719f487c17e5
g5,g5__recovered29__n3p5__op_iso__d5,recovered29,3.5,DIFF,2498,997.1672396514612,"{""kind"": ""opcenter_exact_iso"", ""seed"": 7815}",results/archives/PAPERB_B9C_REMAINING_AUTHOR_RUN_050926.zip,PAPERB_B9C_REMAINING_AUTHOR_RUN_050926/raw/g5/g5__recovered29__n3p5__op_iso__d5.npz,61e4ceabbfb80562ab2a0d93473b15ad19070c888edb77ad1032719f487c17e5
g5,g5__recovered29__n3p5__op_iso__d5,recovered29,3.5,Min-Max,2498,500.36427585473984,"{""kind"": ""opcenter_exact_iso"", ""seed"": 7815}",results/archives/PAPERB_B9C_REMAINING_AUTHOR_RUN_050926.zip,PAPERB_B9C_REMAINING_AUTHOR_RUN_050926/raw/g5/g5__recovered29__n3p5__op_iso__d5.npz,61e4ceabbfb80562ab2a0d93473b15ad19070c888edb77ad1032719f487c17e5
g5,g5__recovered29__n3p5__one__d6,recovered29,3.5,WCL,2498,612.7354048302859,"{""D"": 10000, ""draw"": 6, ""f"": 1, ""kind"": ""fraction""}",results/archives/PAPERB_B9C_REMAINING_AUTHOR_RUN_050926.zip,PAPERB_B9C_REMAINING_AUTHOR_RUN_050926/raw/g5/g5__recovered29__n3p5__one__d6.npz,f68fe46a15dd7d1eb3a1648d0f1c9644503be4f5f5edd790c25663129cc57588
g5,g5__recovered29__n3p5__one__d6,recovered29,3.5,ABS,2498,683.326538496337,"{""D"": 10000, ""draw"": 6, ""f"": 1, ""kind"": ""fraction""}",results/archives/PAPERB_B9C_REMAINING_AUTHOR_RUN_050926.zip,PAPERB_B9C_REMAINING_AUTHOR_RUN_050926/raw/g5/g5__recovered29__n3p5__one__d6.npz,f68fe46a15dd7d1eb3a1648d0f1c9644503be4f5f5edd790c25663129cc57588
g5,g5__recovered29__n3p5__one__d6,recovered29,3.5,DIFF,2498,1013.8289875199974,"{""D"": 10000, ""draw"": 6, ""f"": 1, ""kind"": ""fraction""}",results/archives/PAPERB_B9C_REMAINING_AUTHOR_RUN_050926.zip,PAPERB_B9C_REMAINING_AUTHOR_RUN_050926/raw/g5/g5__recovered29__n3p5__one__d6.npz,f68fe46a15dd7d1eb3a1648d0f1c9644503be4f5f5edd790c25663129cc57588
g5,g5__recovered29__n3p5__one__d6,recovered29,3.5,Min-Max,2498,530.8493077450844,"{""D"": 10000, ""draw"": 6, ""f"": 1, ""kind"": ""fraction""}",results/archives/PAPERB_B9C_REMAINING_AUTHOR_RUN_050926.zip,PAPERB_B9C_REMAINING_AUTHOR_RUN_050926/raw/g5/g5__recovered29__n3p5__one__d6.npz,f68fe46a15dd7d1eb3a1648d0f1c9644503be4f5f5edd790c25663129cc57588
g5,g5__recovered29__n3p5__all__d6,recovered29,3.5,WCL,2498,4862.267432704748,"{""D"": 10000, ""draw"": 6, ""f"": 29, ""kind"": ""fraction""}",results/archives/PAPERB_B9C_REMAINING_AUTHOR_RUN_050926.zip,PAPERB_B9C_REMAINING_AUTHOR_RUN_050926/raw/g5/g5__recovered29__n3p5__all__d6.npz,952640fb045dd399c462d58acb5cafb346a93873bc0bc27da10bf1e7aec75980
g5,g5__recovered29__n3p5__all__d6,recovered29,3.5,ABS,2498,2900.5808661782276,"{""D"": 10000, ""draw"": 6, ""f"": 29, ""kind"": ""fraction""}",results/archives/PAPERB_B9C_REMAINING_AUTHOR_RUN_050926.zip,PAPERB_B9C_REMAINING_AUTHOR_RUN_050926/raw/g5/g5__recovered29__n3p5__all__d6.npz,952640fb045dd399c462d58acb5cafb346a93873bc0bc27da10bf1e7aec75980
g5,g5__recovered29__n3p5__all__d6,recovered29,3.5,DIFF,2498,3218.3427179168634,"{""D"": 10000, ""draw"": 6, ""f"": 29, ""kind"": ""fraction""}",results/archives/PAPERB_B9C_REMAINING_AUTHOR_RUN_050926.zip,PAPERB_B9C_REMAINING_AUTHOR_RUN_050926/raw/g5/g5__recovered29__n3p5__all__d6.npz,952640fb045dd399c462d58acb5cafb346a93873bc0bc27da10bf1e7aec75980
g5,g5__recovered29__n3p5__all__d6,recovered29,3.5,Min-Max,2498,2629.658401904976,"{""D"": 10000, ""draw"": 6, ""f"": 29, ""kind"": ""fraction""}",results/archives/PAPERB_B9C_REMAINING_AUTHOR_RUN_050926.zip,PAPERB_B9C_REMAINING_AUTHOR_RUN_050926/raw/g5/g5__recovered29__n3p5__all__d6.npz,952640fb045dd399c462d58acb5cafb346a93873bc0bc27da10bf1e7aec75980
g5,g5__recovered29__n3p5__top6__d6,recovered29,3.5,WCL,2498,855.3555393950375,"{""D"": 5000, ""draw"": 6, ""k"": 6, ""kind"": ""topk""}",results/archives/PAPERB_B9C_REMAINING_AUTHOR_RUN_050926.zip,PAPERB_B9C_REMAINING_AUTHOR_RUN_050926/raw/g5/g5__recovered29__n3p5__top6__d6.npz,80ed1b53441f86889bd7219e0a2ac3d69a649ddb34653ba1eca4d3281fbb719e
g5,g5__recovered29__n3p5__top6__d6,recovered29,3.5,ABS,2498,1011.9605735796147,"{""D"": 5000, ""draw"": 6, ""k"": 6, ""kind"": ""topk""}",results/archives/PAPERB_B9C_REMAINING_AUTHOR_RUN_050926.zip,PAPERB_B9C_REMAINING_AUTHOR_RUN_050926/raw/g5/g5__recovered29__n3p5__top6__d6.npz,80ed1b53441f86889bd7219e0a2ac3d69a649ddb34653ba1eca4d3281fbb719e
g5,g5__recovered29__n3p5__top6__d6,recovered29,3.5,DIFF,2498,1174.7183827789468,"{""D"": 5000, ""draw"": 6, ""k"": 6, ""kind"": ""topk""}",results/archives/PAPERB_B9C_REMAINING_AUTHOR_RUN_050926.zip,PAPERB_B9C_REMAINING_AUTHOR_RUN_050926/raw/g5/g5__recovered29__n3p5__top6__d6.npz,80ed1b53441f86889bd7219e0a2ac3d69a649ddb34653ba1eca4d3281fbb719e
g5,g5__recovered29__n3p5__top6__d6,recovered29,3.5,Min-Max,2498,1044.8740786883443,"{""D"": 5000, ""draw"": 6, ""k"": 6, ""kind"": ""topk""}",results/archives/PAPERB_B9C_REMAINING_AUTHOR_RUN_050926.zip,PAPERB_B9C_REMAINING_AUTHOR_RUN_050926/raw/g5/g5__recovered29__n3p5__top6__d6.npz,80ed1b53441f86889bd7219e0a2ac3d69a649ddb34653ba1eca4d3281fbb719e
g5,g5__recovered29__n3p5__top7__d6,recovered29,3.5,WCL,2498,1837.287362478305,"{""D"": 5000, ""draw"": 6, ""k"": 7, ""kind"": ""topk""}",results/archives/PAPERB_B9C_REMAINING_AUTHOR_RUN_050926.zip,PAPERB_B9C_REMAINING_AUTHOR_RUN_050926/raw/g5/g5__recovered29__n3p5__top7__d6.npz,d24d8617960b0689c1270f8d45349503e115ec277ff08ccc2b9414361c847b35
g5,g5__recovered29__n3p5__top7__d6,recovered29,3.5,ABS,2498,1255.6860975625798,"{""D"": 5000, ""draw"": 6, ""k"": 7, ""kind"": ""topk""}",results/archives/PAPERB_B9C_REMAINING_AUTHOR_RUN_050926.zip,PAPERB_B9C_REMAINING_AUTHOR_RUN_050926/raw/g5/g5__recovered29__n3p5__top7__d6.npz,d24d8617960b0689c1270f8d45349503e115ec277ff08ccc2b9414361c847b35
g5,g5__recovered29__n3p5__top7__d6,recovered29,3.5,DIFF,2498,1546.9841316368315,"{""D"": 5000, ""draw"": 6, ""k"": 7, ""kind"": ""topk""}",results/archives/PAPERB_B9C_REMAINING_AUTHOR_RUN_050926.zip,PAPERB_B9C_REMAINING_AUTHOR_RUN_050926/raw/g5/g5__recovered29__n3p5__top7__d6.npz,d24d8617960b0689c1270f8d45349503e115ec277ff08ccc2b9414361c847b35
g5,g5__recovered29__n3p5__top7__d6,recovered29,3.5,Min-Max,2498,1589.1051593130783,"{""D"": 5000, ""draw"": 6, ""k"": 7, ""kind"": ""topk""}",results/archives/PAPERB_B9C_REMAINING_AUTHOR_RUN_050926.zip,PAPERB_B9C_REMAINING_AUTHOR_RUN_050926/raw/g5/g5__recovered29__n3p5__top7__d6.npz,d24d8617960b0689c1270f8d45349503e115ec277ff08ccc2b9414361c847b35
g5,g5__recovered29__n3p5__legacy_iso__d6,recovered29,3.5,WCL,2498,540.5043607535465,"{""kind"": ""legacy_iso"", ""seed"": 4828}",results/archives/PAPERB_B9C_REMAINING_AUTHOR_RUN_050926.zip,PAPERB_B9C_REMAINING_AUTHOR_RUN_050926/raw/g5/g5__recovered29__n3p5__legacy_iso__d6.npz,298ecbf4668da33fad7111f837f106196f34fca4b30a6502b9841fdf02b2de02
g5,g5__recovered29__n3p5__legacy_iso__d6,recovered29,3.5,ABS,2498,632.4396486754163,"{""kind"": ""legacy_iso"", ""seed"": 4828}",results/archives/PAPERB_B9C_REMAINING_AUTHOR_RUN_050926.zip,PAPERB_B9C_REMAINING_AUTHOR_RUN_050926/raw/g5/g5__recovered29__n3p5__legacy_iso__d6.npz,298ecbf4668da33fad7111f837f106196f34fca4b30a6502b9841fdf02b2de02
g5,g5__recovered29__n3p5__legacy_iso__d6,recovered29,3.5,DIFF,2498,901.3890352446508,"{""kind"": ""legacy_iso"", ""seed"": 4828}",results/archives/PAPERB_B9C_REMAINING_AUTHOR_RUN_050926.zip,PAPERB_B9C_REMAINING_AUTHOR_RUN_050926/raw/g5/g5__recovered29__n3p5__legacy_iso__d6.npz,298ecbf4668da33fad7111f837f106196f34fca4b30a6502b9841fdf02b2de02
g5,g5__recovered29__n3p5__legacy_iso__d6,recovered29,3.5,Min-Max,2498,536.8587154030752,"{""kind"": ""legacy_iso"", ""seed"": 4828}",results/archives/PAPERB_B9C_REMAINING_AUTHOR_RUN_050926.zip,PAPERB_B9C_REMAINING_AUTHOR_RUN_050926/raw/g5/g5__recovered29__n3p5__legacy_iso__d6.npz,298ecbf4668da33fad7111f837f106196f34fca4b30a6502b9841fdf02b2de02
g5,g5__recovered29__n3p5__op_iso__d6,recovered29,3.5,WCL,2498,584.6882156453303,"{""kind"": ""opcenter_exact_iso"", ""seed"": 7828}",results/archives/PAPERB_B9C_REMAINING_AUTHOR_RUN_050926.zip,PAPERB_B9C_REMAINING_AUTHOR_RUN_050926/raw/g5/g5__recovered29__n3p5__op_iso__d6.npz,18cb68efd023380cf0f9421795f4b5fd8a431f5e76e55fbc4223a645df3948f4
g5,g5__recovered29__n3p5__op_iso__d6,recovered29,3.5,ABS,2498,676.5977602063908,"{""kind"": ""opcenter_exact_iso"", ""seed"": 7828}",results/archives/PAPERB_B9C_REMAINING_AUTHOR_RUN_050926.zip,PAPERB_B9C_REMAINING_AUTHOR_RUN_050926/raw/g5/g5__recovered29__n3p5__op_iso__d6.npz,18cb68efd023380cf0f9421795f4b5fd8a431f5e76e55fbc4223a645df3948f4
g5,g5__recovered29__n3p5__op_iso__d6,recovered29,3.5,DIFF,2498,942.5733327572941,"{""kind"": ""opcenter_exact_iso"", ""seed"": 7828}",results/archives/PAPERB_B9C_REMAINING_AUTHOR_RUN_050926.zip,PAPERB_B9C_REMAINING_AUTHOR_RUN_050926/raw/g5/g5__recovered29__n3p5__op_iso__d6.npz,18cb68efd023380cf0f9421795f4b5fd8a431f5e76e55fbc4223a645df3948f4
g5,g5__recovered29__n3p5__op_iso__d6,recovered29,3.5,Min-Max,2498,487.3498215446158,"{""kind"": ""opcenter_exact_iso"", ""seed"": 7828}",results/archives/PAPERB_B9C_REMAINING_AUTHOR_RUN_050926.zip,PAPERB_B9C_REMAINING_AUTHOR_RUN_050926/raw/g5/g5__recovered29__n3p5__op_iso__d6.npz,18cb68efd023380cf0f9421795f4b5fd8a431f5e76e55fbc4223a645df3948f4
g5,g5__recovered29__n3p5__one__d7,recovered29,3.5,WCL,2498,588.6166702618372,"{""D"": 10000, ""draw"": 7, ""f"": 1, ""kind"": ""fraction""}",results/archives/PAPERB_B9C_REMAINING_AUTHOR_RUN_050926.zip,PAPERB_B9C_REMAINING_AUTHOR_RUN_050926/raw/g5/g5__recovered29__n3p5__one__d7.npz,c0669a5fb3e264df253480749d028c711d44ba372f3f1b1cce4764d600224636
g5,g5__recovered29__n3p5__one__d7,recovered29,3.5,ABS,2498,673.0785405096163,"{""D"": 10000, ""draw"": 7, ""f"": 1, ""kind"": ""fraction""}",results/archives/PAPERB_B9C_REMAINING_AUTHOR_RUN_050926.zip,PAPERB_B9C_REMAINING_AUTHOR_RUN_050926/raw/g5/g5__recovered29__n3p5__one__d7.npz,c0669a5fb3e264df253480749d028c711d44ba372f3f1b1cce4764d600224636
g5,g5__recovered29__n3p5__one__d7,recovered29,3.5,DIFF,2498,954.8893650168802,"{""D"": 10000, ""draw"": 7, ""f"": 1, ""kind"": ""fraction""}",results/archives/PAPERB_B9C_REMAINING_AUTHOR_RUN_050926.zip,PAPERB_B9C_REMAINING_AUTHOR_RUN_050926/raw/g5/g5__recovered29__n3p5__one__d7.npz,c0669a5fb3e264df253480749d028c711d44ba372f3f1b1cce4764d600224636
g5,g5__recovered29__n3p5__one__d7,recovered29,3.5,Min-Max,2498,490.7149671705691,"{""D"": 10000, ""draw"": 7, ""f"": 1, ""kind"": ""fraction""}",results/archives/PAPERB_B9C_REMAINING_AUTHOR_RUN_050926.zip,PAPERB_B9C_REMAINING_AUTHOR_RUN_050926/raw/g5/g5__recovered29__n3p5__one__d7.npz,c0669a5fb3e264df253480749d028c711d44ba372f3f1b1cce4764d600224636
g5,g5__recovered29__n3p5__all__d7,recovered29,3.5,WCL,2498,7152.107725746593,"{""D"": 10000, ""draw"": 7, ""f"": 29, ""kind"": ""fraction""}",results/archives/PAPERB_B9C_REMAINING_AUTHOR_RUN_050926.zip,PAPERB_B9C_REMAINING_AUTHOR_RUN_050926/raw/g5/g5__recovered29__n3p5__all__d7.npz,4df19188f80e77269601fdc1c64c7f8d99a730c7ad95fb1d9773502607f0be28
g5,g5__recovered29__n3p5__all__d7,recovered29,3.5,ABS,2498,4104.0194872190195,"{""D"": 10000, ""draw"": 7, ""f"": 29, ""kind"": ""fraction""}",results/archives/PAPERB_B9C_REMAINING_AUTHOR_RUN_050926.zip,PAPERB_B9C_REMAINING_AUTHOR_RUN_050926/raw/g5/g5__recovered29__n3p5__all__d7.npz,4df19188f80e77269601fdc1c64c7f8d99a730c7ad95fb1d9773502607f0be28
g5,g5__recovered29__n3p5__all__d7,recovered29,3.5,DIFF,2498,4842.854097538371,"{""D"": 10000, ""draw"": 7, ""f"": 29, ""kind"": ""fraction""}",results/archives/PAPERB_B9C_REMAINING_AUTHOR_RUN_050926.zip,PAPERB_B9C_REMAINING_AUTHOR_RUN_050926/raw/g5/g5__recovered29__n3p5__all__d7.npz,4df19188f80e77269601fdc1c64c7f8d99a730c7ad95fb1d9773502607f0be28
g5,g5__recovered29__n3p5__all__d7,recovered29,3.5,Min-Max,2498,4759.623080615096,"{""D"": 10000, ""draw"": 7, ""f"": 29, ""kind"": ""fraction""}",results/archives/PAPERB_B9C_REMAINING_AUTHOR_RUN_050926.zip,PAPERB_B9C_REMAINING_AUTHOR_RUN_050926/raw/g5/g5__recovered29__n3p5__all__d7.npz,4df19188f80e77269601fdc1c64c7f8d99a730c7ad95fb1d9773502607f0be28
g5,g5__recovered29__n3p5__top6__d7,recovered29,3.5,WCL,2498,810.2850034794434,"{""D"": 5000, ""draw"": 7, ""k"": 6, ""kind"": ""topk""}",results/archives/PAPERB_B9C_REMAINING_AUTHOR_RUN_050926.zip,PAPERB_B9C_REMAINING_AUTHOR_RUN_050926/raw/g5/g5__recovered29__n3p5__top6__d7.npz,20e42747235381414fa4019c598dd4c5a436cdcbf3c961211f96a3f3629da2d0
g5,g5__recovered29__n3p5__top6__d7,recovered29,3.5,ABS,2498,938.5887208493111,"{""D"": 5000, ""draw"": 7, ""k"": 6, ""kind"": ""topk""}",results/archives/PAPERB_B9C_REMAINING_AUTHOR_RUN_050926.zip,PAPERB_B9C_REMAINING_AUTHOR_RUN_050926/raw/g5/g5__recovered29__n3p5__top6__d7.npz,20e42747235381414fa4019c598dd4c5a436cdcbf3c961211f96a3f3629da2d0
g5,g5__recovered29__n3p5__top6__d7,recovered29,3.5,DIFF,2498,1219.2084646914907,"{""D"": 5000, ""draw"": 7, ""k"": 6, ""kind"": ""topk""}",results/archives/PAPERB_B9C_REMAINING_AUTHOR_RUN_050926.zip,PAPERB_B9C_REMAINING_AUTHOR_RUN_050926/raw/g5/g5__recovered29__n3p5__top6__d7.npz,20e42747235381414fa4019c598dd4c5a436cdcbf3c961211f96a3f3629da2d0
g5,g5__recovered29__n3p5__top6__d7,recovered29,3.5,Min-Max,2498,1030.5873635935134,"{""D"": 5000, ""draw"": 7, ""k"": 6, ""kind"": ""topk""}",results/archives/PAPERB_B9C_REMAINING_AUTHOR_RUN_050926.zip,PAPERB_B9C_REMAINING_AUTHOR_RUN_050926/raw/g5/g5__recovered29__n3p5__top6__d7.npz,20e42747235381414fa4019c598dd4c5a436cdcbf3c961211f96a3f3629da2d0
g5,g5__recovered29__n3p5__top7__d7,recovered29,3.5,WCL,2498,1941.609485709553,"{""D"": 5000, ""draw"": 7, ""k"": 7, ""kind"": ""topk""}",results/archives/PAPERB_B9C_REMAINING_AUTHOR_RUN_050926.zip,PAPERB_B9C_REMAINING_AUTHOR_RUN_050926/raw/g5/g5__recovered29__n3p5__top7__d7.npz,288aa86ff6c1425bb590932058ec434c5a220eea055c22c5776d773e88603698
g5,g5__recovered29__n3p5__top7__d7,recovered29,3.5,ABS,2498,1304.5920265817463,"{""D"": 5000, ""draw"": 7, ""k"": 7, ""kind"": ""topk""}",results/archives/PAPERB_B9C_REMAINING_AUTHOR_RUN_050926.zip,PAPERB_B9C_REMAINING_AUTHOR_RUN_050926/raw/g5/g5__recovered29__n3p5__top7__d7.npz,288aa86ff6c1425bb590932058ec434c5a220eea055c22c5776d773e88603698
g5,g5__recovered29__n3p5__top7__d7,recovered29,3.5,DIFF,2498,1741.887192367231,"{""D"": 5000, ""draw"": 7, ""k"": 7, ""kind"": ""topk""}",results/archives/PAPERB_B9C_REMAINING_AUTHOR_RUN_050926.zip,PAPERB_B9C_REMAINING_AUTHOR_RUN_050926/raw/g5/g5__recovered29__n3p5__top7__d7.npz,288aa86ff6c1425bb590932058ec434c5a220eea055c22c5776d773e88603698
g5,g5__recovered29__n3p5__top7__d7,recovered29,3.5,Min-Max,2498,1774.0055647560825,"{""D"": 5000, ""draw"": 7, ""k"": 7, ""kind"": ""topk""}",results/archives/PAPERB_B9C_REMAINING_AUTHOR_RUN_050926.zip,PAPERB_B9C_REMAINING_AUTHOR_RUN_050926/raw/g5/g5__recovered29__n3p5__top7__d7.npz,288aa86ff6c1425bb590932058ec434c5a220eea055c22c5776d773e88603698
g5,g5__recovered29__n3p5__legacy_iso__d7,recovered29,3.5,WCL,2498,677.6659062785194,"{""kind"": ""legacy_iso"", ""seed"": 4841}",results/archives/PAPERB_B9C_REMAINING_AUTHOR_RUN_050926.zip,PAPERB_B9C_REMAINING_AUTHOR_RUN_050926/raw/g5/g5__recovered29__n3p5__legacy_iso__d7.npz,e426bdfc3fb9a5d60e430d70fa1082467daf66a29293843adbce0e6b668fadb0
g5,g5__recovered29__n3p5__legacy_iso__d7,recovered29,3.5,ABS,2498,772.3554338505058,"{""kind"": ""legacy_iso"", ""seed"": 4841}",results/archives/PAPERB_B9C_REMAINING_AUTHOR_RUN_050926.zip,PAPERB_B9C_REMAINING_AUTHOR_RUN_050926/raw/g5/g5__recovered29__n3p5__legacy_iso__d7.npz,e426bdfc3fb9a5d60e430d70fa1082467daf66a29293843adbce0e6b668fadb0
g5,g5__recovered29__n3p5__legacy_iso__d7,recovered29,3.5,DIFF,2498,1269.574168687728,"{""kind"": ""legacy_iso"", ""seed"": 4841}",results/archives/PAPERB_B9C_REMAINING_AUTHOR_RUN_050926.zip,PAPERB_B9C_REMAINING_AUTHOR_RUN_050926/raw/g5/g5__recovered29__n3p5__legacy_iso__d7.npz,e426bdfc3fb9a5d60e430d70fa1082467daf66a29293843adbce0e6b668fadb0
g5,g5__recovered29__n3p5__legacy_iso__d7,recovered29,3.5,Min-Max,2498,549.6890131310197,"{""kind"": ""legacy_iso"", ""seed"": 4841}",results/archives/PAPERB_B9C_REMAINING_AUTHOR_RUN_050926.zip,PAPERB_B9C_REMAINING_AUTHOR_RUN_050926/raw/g5/g5__recovered29__n3p5__legacy_iso__d7.npz,e426bdfc3fb9a5d60e430d70fa1082467daf66a29293843adbce0e6b668fadb0
g5,g5__recovered29__n3p5__op_iso__d7,recovered29,3.5,WCL,2498,654.0877044645013,"{""kind"": ""opcenter_exact_iso"", ""seed"": 7841}",results/archives/PAPERB_B9C_REMAINING_AUTHOR_RUN_050926.zip,PAPERB_B9C_REMAINING_AUTHOR_RUN_050926/raw/g5/g5__recovered29__n3p5__op_iso__d7.npz,8d9a44f020cc53e2603ca6b91dd3ebf9cace9f18630a67fdbdd72fc35650212a
g5,g5__recovered29__n3p5__op_iso__d7,recovered29,3.5,ABS,2498,680.0761984310835,"{""kind"": ""opcenter_exact_iso"", ""seed"": 7841}",results/archives/PAPERB_B9C_REMAINING_AUTHOR_RUN_050926.zip,PAPERB_B9C_REMAINING_AUTHOR_RUN_050926/raw/g5/g5__recovered29__n3p5__op_iso__d7.npz,8d9a44f020cc53e2603ca6b91dd3ebf9cace9f18630a67fdbdd72fc35650212a
g5,g5__recovered29__n3p5__op_iso__d7,recovered29,3.5,DIFF,2498,1084.3497826766293,"{""kind"": ""opcenter_exact_iso"", ""seed"": 7841}",results/archives/PAPERB_B9C_REMAINING_AUTHOR_RUN_050926.zip,PAPERB_B9C_REMAINING_AUTHOR_RUN_050926/raw/g5/g5__recovered29__n3p5__op_iso__d7.npz,8d9a44f020cc53e2603ca6b91dd3ebf9cace9f18630a67fdbdd72fc35650212a
g5,g5__recovered29__n3p5__op_iso__d7,recovered29,3.5,Min-Max,2498,510.5050231936225,"{""kind"": ""opcenter_exact_iso"", ""seed"": 7841}",results/archives/PAPERB_B9C_REMAINING_AUTHOR_RUN_050926.zip,PAPERB_B9C_REMAINING_AUTHOR_RUN_050926/raw/g5/g5__recovered29__n3p5__op_iso__d7.npz,8d9a44f020cc53e2603ca6b91dd3ebf9cace9f18630a67fdbdd72fc35650212a
g5,g5__recovered29__n3p5__legacy_rot,recovered29,3.5,WCL,2498,843.4125161574818,"{""deg"": 5.0, ""kind"": ""legacy_rotation""}",results/archives/PAPERB_B9C_REMAINING_AUTHOR_RUN_050926.zip,PAPERB_B9C_REMAINING_AUTHOR_RUN_050926/raw/g5/g5__recovered29__n3p5__legacy_rot.npz,dbf853e27df574f66e9a0200a293eaebd71ccc91d829c7986d620ac5bfb4bab6
g5,g5__recovered29__n3p5__legacy_rot,recovered29,3.5,ABS,2498,845.5349286986873,"{""deg"": 5.0, ""kind"": ""legacy_rotation""}",results/archives/PAPERB_B9C_REMAINING_AUTHOR_RUN_050926.zip,PAPERB_B9C_REMAINING_AUTHOR_RUN_050926/raw/g5/g5__recovered29__n3p5__legacy_rot.npz,dbf853e27df574f66e9a0200a293eaebd71ccc91d829c7986d620ac5bfb4bab6
g5,g5__recovered29__n3p5__legacy_rot,recovered29,3.5,DIFF,2498,1118.1955478619125,"{""deg"": 5.0, ""kind"": ""legacy_rotation""}",results/archives/PAPERB_B9C_REMAINING_AUTHOR_RUN_050926.zip,PAPERB_B9C_REMAINING_AUTHOR_RUN_050926/raw/g5/g5__recovered29__n3p5__legacy_rot.npz,dbf853e27df574f66e9a0200a293eaebd71ccc91d829c7986d620ac5bfb4bab6
g5,g5__recovered29__n3p5__legacy_rot,recovered29,3.5,Min-Max,2498,627.3902534009301,"{""deg"": 5.0, ""kind"": ""legacy_rotation""}",results/archives/PAPERB_B9C_REMAINING_AUTHOR_RUN_050926.zip,PAPERB_B9C_REMAINING_AUTHOR_RUN_050926/raw/g5/g5__recovered29__n3p5__legacy_rot.npz,dbf853e27df574f66e9a0200a293eaebd71ccc91d829c7986d620ac5bfb4bab6
g5,g5__recovered29__n3p5__op_rot,recovered29,3.5,WCL,2498,639.6528625495563,"{""deg"": 5.0, ""kind"": ""opcenter_rotation""}",results/archives/PAPERB_B9C_REMAINING_AUTHOR_RUN_050926.zip,PAPERB_B9C_REMAINING_AUTHOR_RUN_050926/raw/g5/g5__recovered29__n3p5__op_rot.npz,b12c1e6919bc0a06a470872e9ae58f8989f5c1b4ad035f42c899ad907826e382
g5,g5__recovered29__n3p5__op_rot,recovered29,3.5,ABS,2498,715.8423040012437,"{""deg"": 5.0, ""kind"": ""opcenter_rotation""}",results/archives/PAPERB_B9C_REMAINING_AUTHOR_RUN_050926.zip,PAPERB_B9C_REMAINING_AUTHOR_RUN_050926/raw/g5/g5__recovered29__n3p5__op_rot.npz,b12c1e6919bc0a06a470872e9ae58f8989f5c1b4ad035f42c899ad907826e382
g5,g5__recovered29__n3p5__op_rot,recovered29,3.5,DIFF,2498,1059.8751555689269,"{""deg"": 5.0, ""kind"": ""opcenter_rotation""}",results/archives/PAPERB_B9C_REMAINING_AUTHOR_RUN_050926.zip,PAPERB_B9C_REMAINING_AUTHOR_RUN_050926/raw/g5/g5__recovered29__n3p5__op_rot.npz,b12c1e6919bc0a06a470872e9ae58f8989f5c1b4ad035f42c899ad907826e382
g5,g5__recovered29__n3p5__op_rot,recovered29,3.5,Min-Max,2498,520.1437571877594,"{""deg"": 5.0, ""kind"": ""opcenter_rotation""}",results/archives/PAPERB_B9C_REMAINING_AUTHOR_RUN_050926.zip,PAPERB_B9C_REMAINING_AUTHOR_RUN_050926/raw/g5/g5__recovered29__n3p5__op_rot.npz,b12c1e6919bc0a06a470872e9ae58f8989f5c1b4ad035f42c899ad907826e382
g5,g5__recovered29__n4p7__ref,recovered29,4.7,WCL,2498,597.6726773737064,"{""kind"": ""reference""}",results/archives/PAPERB_B9C_REMAINING_AUTHOR_RUN_050926.zip,PAPERB_B9C_REMAINING_AUTHOR_RUN_050926/raw/g5/g5__recovered29__n4p7__ref.npz,fd12679583d197d82ae9194f4b5a8f85cad6c49082ca8d313db7d7d0ab8bbdec
g5,g5__recovered29__n4p7__ref,recovered29,4.7,ABS,2498,641.0128583786435,"{""kind"": ""reference""}",results/archives/PAPERB_B9C_REMAINING_AUTHOR_RUN_050926.zip,PAPERB_B9C_REMAINING_AUTHOR_RUN_050926/raw/g5/g5__recovered29__n4p7__ref.npz,fd12679583d197d82ae9194f4b5a8f85cad6c49082ca8d313db7d7d0ab8bbdec
g5,g5__recovered29__n4p7__ref,recovered29,4.7,DIFF,2498,963.9527294587203,"{""kind"": ""reference""}",results/archives/PAPERB_B9C_REMAINING_AUTHOR_RUN_050926.zip,PAPERB_B9C_REMAINING_AUTHOR_RUN_050926/raw/g5/g5__recovered29__n4p7__ref.npz,fd12679583d197d82ae9194f4b5a8f85cad6c49082ca8d313db7d7d0ab8bbdec
g5,g5__recovered29__n4p7__ref,recovered29,4.7,Min-Max,2498,466.00552668865595,"{""kind"": ""reference""}",results/archives/PAPERB_B9C_REMAINING_AUTHOR_RUN_050926.zip,PAPERB_B9C_REMAINING_AUTHOR_RUN_050926/raw/g5/g5__recovered29__n4p7__ref.npz,fd12679583d197d82ae9194f4b5a8f85cad6c49082ca8d313db7d7d0ab8bbdec
g5,g5__recovered29__n4p7__one__d0,recovered29,4.7,WCL,2498,598.0697212291991,"{""D"": 10000, ""draw"": 0, ""f"": 1, ""kind"": ""fraction""}",results/archives/PAPERB_B9C_REMAINING_AUTHOR_RUN_050926.zip,PAPERB_B9C_REMAINING_AUTHOR_RUN_050926/raw/g5/g5__recovered29__n4p7__one__d0.npz,5260513be174a4f35f1ce6a6528a013f5d48388185d941c348cf0a6960f17f95
g5,g5__recovered29__n4p7__one__d0,recovered29,4.7,ABS,2498,642.1876095379059,"{""D"": 10000, ""draw"": 0, ""f"": 1, ""kind"": ""fraction""}",results/archives/PAPERB_B9C_REMAINING_AUTHOR_RUN_050926.zip,PAPERB_B9C_REMAINING_AUTHOR_RUN_050926/raw/g5/g5__recovered29__n4p7__one__d0.npz,5260513be174a4f35f1ce6a6528a013f5d48388185d941c348cf0a6960f17f95
g5,g5__recovered29__n4p7__one__d0,recovered29,4.7,DIFF,2498,967.3707123823274,"{""D"": 10000, ""draw"": 0, ""f"": 1, ""kind"": ""fraction""}",results/archives/PAPERB_B9C_REMAINING_AUTHOR_RUN_050926.zip,PAPERB_B9C_REMAINING_AUTHOR_RUN_050926/raw/g5/g5__recovered29__n4p7__one__d0.npz,5260513be174a4f35f1ce6a6528a013f5d48388185d941c348cf0a6960f17f95
g5,g5__recovered29__n4p7__one__d0,recovered29,4.7,Min-Max,2498,465.0196168693852,"{""D"": 10000, ""draw"": 0, ""f"": 1, ""kind"": ""fraction""}",results/archives/PAPERB_B9C_REMAINING_AUTHOR_RUN_050926.zip,PAPERB_B9C_REMAINING_AUTHOR_RUN_050926/raw/g5/g5__recovered29__n4p7__one__d0.npz,5260513be174a4f35f1ce6a6528a013f5d48388185d941c348cf0a6960f17f95
g5,g5__recovered29__n4p7__all__d0,recovered29,4.7,WCL,2498,4922.797740548312,"{""D"": 10000, ""draw"": 0, ""f"": 29, ""kind"": ""fraction""}",results/archives/PAPERB_B9C_REMAINING_AUTHOR_RUN_050926.zip,PAPERB_B9C_REMAINING_AUTHOR_RUN_050926/raw/g5/g5__recovered29__n4p7__all__d0.npz,707b5d096db66ca4ec777cb42f5f883bba5a6de43092d26eca3af5d8b3a0ad49
g5,g5__recovered29__n4p7__all__d0,recovered29,4.7,ABS,2498,2545.533967453858,"{""D"": 10000, ""draw"": 0, ""f"": 29, ""kind"": ""fraction""}",results/archives/PAPERB_B9C_REMAINING_AUTHOR_RUN_050926.zip,PAPERB_B9C_REMAINING_AUTHOR_RUN_050926/raw/g5/g5__recovered29__n4p7__all__d0.npz,707b5d096db66ca4ec777cb42f5f883bba5a6de43092d26eca3af5d8b3a0ad49
g5,g5__recovered29__n4p7__all__d0,recovered29,4.7,DIFF,2498,2859.4021025751445,"{""D"": 10000, ""draw"": 0, ""f"": 29, ""kind"": ""fraction""}",results/archives/PAPERB_B9C_REMAINING_AUTHOR_RUN_050926.zip,PAPERB_B9C_REMAINING_AUTHOR_RUN_050926/raw/g5/g5__recovered29__n4p7__all__d0.npz,707b5d096db66ca4ec777cb42f5f883bba5a6de43092d26eca3af5d8b3a0ad49
g5,g5__recovered29__n4p7__all__d0,recovered29,4.7,Min-Max,2498,2600.518174908928,"{""D"": 10000, ""draw"": 0, ""f"": 29, ""kind"": ""fraction""}",results/archives/PAPERB_B9C_REMAINING_AUTHOR_RUN_050926.zip,PAPERB_B9C_REMAINING_AUTHOR_RUN_050926/raw/g5/g5__recovered29__n4p7__all__d0.npz,707b5d096db66ca4ec777cb42f5f883bba5a6de43092d26eca3af5d8b3a0ad49
g5,g5__recovered29__n4p7__top6__d0,recovered29,4.7,WCL,2498,894.1543137283526,"{""D"": 5000, ""draw"": 0, ""k"": 6, ""kind"": ""topk""}",results/archives/PAPERB_B9C_REMAINING_AUTHOR_RUN_050926.zip,PAPERB_B9C_REMAINING_AUTHOR_RUN_050926/raw/g5/g5__recovered29__n4p7__top6__d0.npz,773e3a79a52e97d5c76e915c4d58dbb1f8dc4850ef74a68c0f3457d424d7d74c
g5,g5__recovered29__n4p7__top6__d0,recovered29,4.7,ABS,2498,933.1546395462574,"{""D"": 5000, ""draw"": 0, ""k"": 6, ""kind"": ""topk""}",results/archives/PAPERB_B9C_REMAINING_AUTHOR_RUN_050926.zip,PAPERB_B9C_REMAINING_AUTHOR_RUN_050926/raw/g5/g5__recovered29__n4p7__top6__d0.npz,773e3a79a52e97d5c76e915c4d58dbb1f8dc4850ef74a68c0f3457d424d7d74c
g5,g5__recovered29__n4p7__top6__d0,recovered29,4.7,DIFF,2498,1183.8347700823442,"{""D"": 5000, ""draw"": 0, ""k"": 6, ""kind"": ""topk""}",results/archives/PAPERB_B9C_REMAINING_AUTHOR_RUN_050926.zip,PAPERB_B9C_REMAINING_AUTHOR_RUN_050926/raw/g5/g5__recovered29__n4p7__top6__d0.npz,773e3a79a52e97d5c76e915c4d58dbb1f8dc4850ef74a68c0f3457d424d7d74c
g5,g5__recovered29__n4p7__top6__d0,recovered29,4.7,Min-Max,2498,852.5788406151577,"{""D"": 5000, ""draw"": 0, ""k"": 6, ""kind"": ""topk""}",results/archives/PAPERB_B9C_REMAINING_AUTHOR_RUN_050926.zip,PAPERB_B9C_REMAINING_AUTHOR_RUN_050926/raw/g5/g5__recovered29__n4p7__top6__d0.npz,773e3a79a52e97d5c76e915c4d58dbb1f8dc4850ef74a68c0f3457d424d7d74c
g5,g5__recovered29__n4p7__top7__d0,recovered29,4.7,WCL,2498,2246.493035481026,"{""D"": 5000, ""draw"": 0, ""k"": 7, ""kind"": ""topk""}",results/archives/PAPERB_B9C_REMAINING_AUTHOR_RUN_050926.zip,PAPERB_B9C_REMAINING_AUTHOR_RUN_050926/raw/g5/g5__recovered29__n4p7__top7__d0.npz,26ce319c69305317eca94230efcf6f0bac90a8443764529554265729d6cf8ad0
g5,g5__recovered29__n4p7__top7__d0,recovered29,4.7,ABS,2498,1061.6967997925653,"{""D"": 5000, ""draw"": 0, ""k"": 7, ""kind"": ""topk""}",results/archives/PAPERB_B9C_REMAINING_AUTHOR_RUN_050926.zip,PAPERB_B9C_REMAINING_AUTHOR_RUN_050926/raw/g5/g5__recovered29__n4p7__top7__d0.npz,26ce319c69305317eca94230efcf6f0bac90a8443764529554265729d6cf8ad0
g5,g5__recovered29__n4p7__top7__d0,recovered29,4.7,DIFF,2498,1453.9259604721947,"{""D"": 5000, ""draw"": 0, ""k"": 7, ""kind"": ""topk""}",results/archives/PAPERB_B9C_REMAINING_AUTHOR_RUN_050926.zip,PAPERB_B9C_REMAINING_AUTHOR_RUN_050926/raw/g5/g5__recovered29__n4p7__top7__d0.npz,26ce319c69305317eca94230efcf6f0bac90a8443764529554265729d6cf8ad0
g5,g5__recovered29__n4p7__top7__d0,recovered29,4.7,Min-Max,2498,1706.2752433667374,"{""D"": 5000, ""draw"": 0, ""k"": 7, ""kind"": ""topk""}",results/archives/PAPERB_B9C_REMAINING_AUTHOR_RUN_050926.zip,PAPERB_B9C_REMAINING_AUTHOR_RUN_050926/raw/g5/g5__recovered29__n4p7__top7__d0.npz,26ce319c69305317eca94230efcf6f0bac90a8443764529554265729d6cf8ad0
g5,g5__recovered29__n4p7__legacy_iso__d0,recovered29,4.7,WCL,2498,712.351457811405,"{""kind"": ""legacy_iso"", ""seed"": 4750}",results/archives/PAPERB_B9C_REMAINING_AUTHOR_RUN_050926.zip,PAPERB_B9C_REMAINING_AUTHOR_RUN_050926/raw/g5/g5__recovered29__n4p7__legacy_iso__d0.npz,88b9c18de75c8db8a44947d34b54bc3c3df0d1140527285b2dc225073a7d04c5
g5,g5__recovered29__n4p7__legacy_iso__d0,recovered29,4.7,ABS,2498,721.2207594628246,"{""kind"": ""legacy_iso"", ""seed"": 4750}",results/archives/PAPERB_B9C_REMAINING_AUTHOR_RUN_050926.zip,PAPERB_B9C_REMAINING_AUTHOR_RUN_050926/raw/g5/g5__recovered29__n4p7__legacy_iso__d0.npz,88b9c18de75c8db8a44947d34b54bc3c3df0d1140527285b2dc225073a7d04c5
g5,g5__recovered29__n4p7__legacy_iso__d0,recovered29,4.7,DIFF,2498,1187.3933084229357,"{""kind"": ""legacy_iso"", ""seed"": 4750}",results/archives/PAPERB_B9C_REMAINING_AUTHOR_RUN_050926.zip,PAPERB_B9C_REMAINING_AUTHOR_RUN_050926/raw/g5/g5__recovered29__n4p7__legacy_iso__d0.npz,88b9c18de75c8db8a44947d34b54bc3c3df0d1140527285b2dc225073a7d04c5
g5,g5__recovered29__n4p7__legacy_iso__d0,recovered29,4.7,Min-Max,2498,512.8794033339544,"{""kind"": ""legacy_iso"", ""seed"": 4750}",results/archives/PAPERB_B9C_REMAINING_AUTHOR_RUN_050926.zip,PAPERB_B9C_REMAINING_AUTHOR_RUN_050926/raw/g5/g5__recovered29__n4p7__legacy_iso__d0.npz,88b9c18de75c8db8a44947d34b54bc3c3df0d1140527285b2dc225073a7d04c5
g5,g5__recovered29__n4p7__op_iso__d0,recovered29,4.7,WCL,2498,628.8691099556595,"{""kind"": ""opcenter_exact_iso"", ""seed"": 7750}",results/archives/PAPERB_B9C_REMAINING_AUTHOR_RUN_050926.zip,PAPERB_B9C_REMAINING_AUTHOR_RUN_050926/raw/g5/g5__recovered29__n4p7__op_iso__d0.npz,5f2644e0ef5955d0c014e3e034e3ef5225420bc752d8b6dfdc500568e7044c5a
g5,g5__recovered29__n4p7__op_iso__d0,recovered29,4.7,ABS,2498,641.0615891562517,"{""kind"": ""opcenter_exact_iso"", ""seed"": 7750}",results/archives/PAPERB_B9C_REMAINING_AUTHOR_RUN_050926.zip,PAPERB_B9C_REMAINING_AUTHOR_RUN_050926/raw/g5/g5__recovered29__n4p7__op_iso__d0.npz,5f2644e0ef5955d0c014e3e034e3ef5225420bc752d8b6dfdc500568e7044c5a
g5,g5__recovered29__n4p7__op_iso__d0,recovered29,4.7,DIFF,2498,1051.074151982647,"{""kind"": ""opcenter_exact_iso"", ""seed"": 7750}",results/archives/PAPERB_B9C_REMAINING_AUTHOR_RUN_050926.zip,PAPERB_B9C_REMAINING_AUTHOR_RUN_050926/raw/g5/g5__recovered29__n4p7__op_iso__d0.npz,5f2644e0ef5955d0c014e3e034e3ef5225420bc752d8b6dfdc500568e7044c5a
g5,g5__recovered29__n4p7__op_iso__d0,recovered29,4.7,Min-Max,2498,472.7863386871235,"{""kind"": ""opcenter_exact_iso"", ""seed"": 7750}",results/archives/PAPERB_B9C_REMAINING_AUTHOR_RUN_050926.zip,PAPERB_B9C_REMAINING_AUTHOR_RUN_050926/raw/g5/g5__recovered29__n4p7__op_iso__d0.npz,5f2644e0ef5955d0c014e3e034e3ef5225420bc752d8b6dfdc500568e7044c5a
g5,g5__recovered29__n4p7__one__d1,recovered29,4.7,WCL,2498,597.6726773737064,"{""D"": 10000, ""draw"": 1, ""f"": 1, ""kind"": ""fraction""}",results/archives/PAPERB_B9C_REMAINING_AUTHOR_RUN_050926.zip,PAPERB_B9C_REMAINING_AUTHOR_RUN_050926/raw/g5/g5__recovered29__n4p7__one__d1.npz,0fb6650bd39aa59f2a539875876272a822d8ba7f4cfb371b6a555ac9936ebccd
g5,g5__recovered29__n4p7__one__d1,recovered29,4.7,ABS,2498,641.7706106380856,"{""D"": 10000, ""draw"": 1, ""f"": 1, ""kind"": ""fraction""}",results/archives/PAPERB_B9C_REMAINING_AUTHOR_RUN_050926.zip,PAPERB_B9C_REMAINING_AUTHOR_RUN_050926/raw/g5/g5__recovered29__n4p7__one__d1.npz,0fb6650bd39aa59f2a539875876272a822d8ba7f4cfb371b6a555ac9936ebccd
g5,g5__recovered29__n4p7__one__d1,recovered29,4.7,DIFF,2498,957.3334703996286,"{""D"": 10000, ""draw"": 1, ""f"": 1, ""kind"": ""fraction""}",results/archives/PAPERB_B9C_REMAINING_AUTHOR_RUN_050926.zip,PAPERB_B9C_REMAINING_AUTHOR_RUN_050926/raw/g5/g5__recovered29__n4p7__one__d1.npz,0fb6650bd39aa59f2a539875876272a822d8ba7f4cfb371b6a555ac9936ebccd
g5,g5__recovered29__n4p7__one__d1,recovered29,4.7,Min-Max,2498,465.0196168693852,"{""D"": 10000, ""draw"": 1, ""f"": 1, ""kind"": ""fraction""}",results/archives/PAPERB_B9C_REMAINING_AUTHOR_RUN_050926.zip,PAPERB_B9C_REMAINING_AUTHOR_RUN_050926/raw/g5/g5__recovered29__n4p7__one__d1.npz,0fb6650bd39aa59f2a539875876272a822d8ba7f4cfb371b6a555ac9936ebccd
g5,g5__recovered29__n4p7__all__d1,recovered29,4.7,WCL,2498,5148.161271707766,"{""D"": 10000, ""draw"": 1, ""f"": 29, ""kind"": ""fraction""}",results/archives/PAPERB_B9C_REMAINING_AUTHOR_RUN_050926.zip,PAPERB_B9C_REMAINING_AUTHOR_RUN_050926/raw/g5/g5__recovered29__n4p7__all__d1.npz,4d960b7741d428a4da9498bc0a4165a4ca758c9453fbd7c201739f35321ed857
g5,g5__recovered29__n4p7__all__d1,recovered29,4.7,ABS,2498,2604.1318061487386,"{""D"": 10000, ""draw"": 1, ""f"": 29, ""kind"": ""fraction""}",results/archives/PAPERB_B9C_REMAINING_AUTHOR_RUN_050926.zip,PAPERB_B9C_REMAINING_AUTHOR_RUN_050926/raw/g5/g5__recovered29__n4p7__all__d1.npz,4d960b7741d428a4da9498bc0a4165a4ca758c9453fbd7c201739f35321ed857
g5,g5__recovered29__n4p7__all__d1,recovered29,4.7,DIFF,2498,2880.2912874908166,"{""D"": 10000, ""draw"": 1, ""f"": 29, ""kind"": ""fraction""}",results/archives/PAPERB_B9C_REMAINING_AUTHOR_RUN_050926.zip,PAPERB_B9C_REMAINING_AUTHOR_RUN_050926/raw/g5/g5__recovered29__n4p7__all__d1.npz,4d960b7741d428a4da9498bc0a4165a4ca758c9453fbd7c201739f35321ed857
g5,g5__recovered29__n4p7__all__d1,recovered29,4.7,Min-Max,2498,2523.1882340354923,"{""D"": 10000, ""draw"": 1, ""f"": 29, ""kind"": ""fraction""}",results/archives/PAPERB_B9C_REMAINING_AUTHOR_RUN_050926.zip,PAPERB_B9C_REMAINING_AUTHOR_RUN_050926/raw/g5/g5__recovered29__n4p7__all__d1.npz,4d960b7741d428a4da9498bc0a4165a4ca758c9453fbd7c201739f35321ed857
g5,g5__recovered29__n4p7__top6__d1,recovered29,4.7,WCL,2498,860.871638577581,"{""D"": 5000, ""draw"": 1, ""k"": 6, ""kind"": ""topk""}",results/archives/PAPERB_B9C_REMAINING_AUTHOR_RUN_050926.zip,PAPERB_B9C_REMAINING_AUTHOR_RUN_050926/raw/g5/g5__recovered29__n4p7__top6__d1.npz,b5bf1f6c11ce344e2781d1f1784ba8741f31cb64a047934350ca58d2ace7c329
g5,g5__recovered29__n4p7__top6__d1,recovered29,4.7,ABS,2498,775.6701428713543,"{""D"": 5000, ""draw"": 1, ""k"": 6, ""kind"": ""topk""}",results/archives/PAPERB_B9C_REMAINING_AUTHOR_RUN_050926.zip,PAPERB_B9C_REMAINING_AUTHOR_RUN_050926/raw/g5/g5__recovered29__n4p7__top6__d1.npz,b5bf1f6c11ce344e2781d1f1784ba8741f31cb64a047934350ca58d2ace7c329
g5,g5__recovered29__n4p7__top6__d1,recovered29,4.7,DIFF,2498,1129.4854381748032,"{""D"": 5000, ""draw"": 1, ""k"": 6, ""kind"": ""topk""}",results/archives/PAPERB_B9C_REMAINING_AUTHOR_RUN_050926.zip,PAPERB_B9C_REMAINING_AUTHOR_RUN_050926/raw/g5/g5__recovered29__n4p7__top6__d1.npz,b5bf1f6c11ce344e2781d1f1784ba8741f31cb64a047934350ca58d2ace7c329
g5,g5__recovered29__n4p7__top6__d1,recovered29,4.7,Min-Max,2498,967.4029074056938,"{""D"": 5000, ""draw"": 1, ""k"": 6, ""kind"": ""topk""}",results/archives/PAPERB_B9C_REMAINING_AUTHOR_RUN_050926.zip,PAPERB_B9C_REMAINING_AUTHOR_RUN_050926/raw/g5/g5__recovered29__n4p7__top6__d1.npz,b5bf1f6c11ce344e2781d1f1784ba8741f31cb64a047934350ca58d2ace7c329
g5,g5__recovered29__n4p7__top7__d1,recovered29,4.7,WCL,2498,2026.1492762343494,"{""D"": 5000, ""draw"": 1, ""k"": 7, ""kind"": ""topk""}",results/archives/PAPERB_B9C_REMAINING_AUTHOR_RUN_050926.zip,PAPERB_B9C_REMAINING_AUTHOR_RUN_050926/raw/g5/g5__recovered29__n4p7__top7__d1.npz,37c84b9427de036108ddca88ef1ebecae9c5908dfccdc16aed5f0efc3e8f588e
g5,g5__recovered29__n4p7__top7__d1,recovered29,4.7,ABS,2498,1004.929591752693,"{""D"": 5000, ""draw"": 1, ""k"": 7, ""kind"": ""topk""}",results/archives/PAPERB_B9C_REMAINING_AUTHOR_RUN_050926.zip,PAPERB_B9C_REMAINING_AUTHOR_RUN_050926/raw/g5/g5__recovered29__n4p7__top7__d1.npz,37c84b9427de036108ddca88ef1ebecae9c5908dfccdc16aed5f0efc3e8f588e
g5,g5__recovered29__n4p7__top7__d1,recovered29,4.7,DIFF,2498,1555.4803559348468,"{""D"": 5000, ""draw"": 1, ""k"": 7, ""kind"": ""topk""}",results/archives/PAPERB_B9C_REMAINING_AUTHOR_RUN_050926.zip,PAPERB_B9C_REMAINING_AUTHOR_RUN_050926/raw/g5/g5__recovered29__n4p7__top7__d1.npz,37c84b9427de036108ddca88ef1ebecae9c5908dfccdc16aed5f0efc3e8f588e
g5,g5__recovered29__n4p7__top7__d1,recovered29,4.7,Min-Max,2498,2020.580732182809,"{""D"": 5000, ""draw"": 1, ""k"": 7, ""kind"": ""topk""}",results/archives/PAPERB_B9C_REMAINING_AUTHOR_RUN_050926.zip,PAPERB_B9C_REMAINING_AUTHOR_RUN_050926/raw/g5/g5__recovered29__n4p7__top7__d1.npz,37c84b9427de036108ddca88ef1ebecae9c5908dfccdc16aed5f0efc3e8f588e
g5,g5__recovered29__n4p7__legacy_iso__d1,recovered29,4.7,WCL,2498,754.0801830972682,"{""kind"": ""legacy_iso"", ""seed"": 4763}",results/archives/PAPERB_B9C_REMAINING_AUTHOR_RUN_050926.zip,PAPERB_B9C_REMAINING_AUTHOR_RUN_050926/raw/g5/g5__recovered29__n4p7__legacy_iso__d1.npz,bb5357311c26aa3608503c73c51879552e1884714861a7a16a51d58872cdfce1
g5,g5__recovered29__n4p7__legacy_iso__d1,recovered29,4.7,ABS,2498,690.6827310463187,"{""kind"": ""legacy_iso"", ""seed"": 4763}",results/archives/PAPERB_B9C_REMAINING_AUTHOR_RUN_050926.zip,PAPERB_B9C_REMAINING_AUTHOR_RUN_050926/raw/g5/g5__recovered29__n4p7__legacy_iso__d1.npz,bb5357311c26aa3608503c73c51879552e1884714861a7a16a51d58872cdfce1
g5,g5__recovered29__n4p7__legacy_iso__d1,recovered29,4.7,DIFF,2498,1243.8237066928389,"{""kind"": ""legacy_iso"", ""seed"": 4763}",results/archives/PAPERB_B9C_REMAINING_AUTHOR_RUN_050926.zip,PAPERB_B9C_REMAINING_AUTHOR_RUN_050926/raw/g5/g5__recovered29__n4p7__legacy_iso__d1.npz,bb5357311c26aa3608503c73c51879552e1884714861a7a16a51d58872cdfce1
g5,g5__recovered29__n4p7__legacy_iso__d1,recovered29,4.7,Min-Max,2498,500.4963303644787,"{""kind"": ""legacy_iso"", ""seed"": 4763}",results/archives/PAPERB_B9C_REMAINING_AUTHOR_RUN_050926.zip,PAPERB_B9C_REMAINING_AUTHOR_RUN_050926/raw/g5/g5__recovered29__n4p7__legacy_iso__d1.npz,bb5357311c26aa3608503c73c51879552e1884714861a7a16a51d58872cdfce1
g5,g5__recovered29__n4p7__op_iso__d1,recovered29,4.7,WCL,2498,608.0458814913634,"{""kind"": ""opcenter_exact_iso"", ""seed"": 7763}",results/archives/PAPERB_B9C_REMAINING_AUTHOR_RUN_050926.zip,PAPERB_B9C_REMAINING_AUTHOR_RUN_050926/raw/g5/g5__recovered29__n4p7__op_iso__d1.npz,e871fd3c1407e8424b04b1c5fdc3fe6969638c8e3974b4199278bd3bdf2e96ab
g5,g5__recovered29__n4p7__op_iso__d1,recovered29,4.7,ABS,2498,642.6904882778774,"{""kind"": ""opcenter_exact_iso"", ""seed"": 7763}",results/archives/PAPERB_B9C_REMAINING_AUTHOR_RUN_050926.zip,PAPERB_B9C_REMAINING_AUTHOR_RUN_050926/raw/g5/g5__recovered29__n4p7__op_iso__d1.npz,e871fd3c1407e8424b04b1c5fdc3fe6969638c8e3974b4199278bd3bdf2e96ab
g5,g5__recovered29__n4p7__op_iso__d1,recovered29,4.7,DIFF,2498,893.3367526945985,"{""kind"": ""opcenter_exact_iso"", ""seed"": 7763}",results/archives/PAPERB_B9C_REMAINING_AUTHOR_RUN_050926.zip,PAPERB_B9C_REMAINING_AUTHOR_RUN_050926/raw/g5/g5__recovered29__n4p7__op_iso__d1.npz,e871fd3c1407e8424b04b1c5fdc3fe6969638c8e3974b4199278bd3bdf2e96ab
g5,g5__recovered29__n4p7__op_iso__d1,recovered29,4.7,Min-Max,2498,463.86455012092034,"{""kind"": ""opcenter_exact_iso"", ""seed"": 7763}",results/archives/PAPERB_B9C_REMAINING_AUTHOR_RUN_050926.zip,PAPERB_B9C_REMAINING_AUTHOR_RUN_050926/raw/g5/g5__recovered29__n4p7__op_iso__d1.npz,e871fd3c1407e8424b04b1c5fdc3fe6969638c8e3974b4199278bd3bdf2e96ab
g5,g5__recovered29__n4p7__one__d2,recovered29,4.7,WCL,2498,619.2784453453232,"{""D"": 10000, ""draw"": 2, ""f"": 1, ""kind"": ""fraction""}",results/archives/PAPERB_B9C_REMAINING_AUTHOR_RUN_050926.zip,PAPERB_B9C_REMAINING_AUTHOR_RUN_050926/raw/g5/g5__recovered29__n4p7__one__d2.npz,87a014bba3d9854e3653054bc0e33e164b8afce14a3a4789c91d8f340366992c
g5,g5__recovered29__n4p7__one__d2,recovered29,4.7,ABS,2498,654.6099269140997,"{""D"": 10000, ""draw"": 2, ""f"": 1, ""kind"": ""fraction""}",results/archives/PAPERB_B9C_REMAINING_AUTHOR_RUN_050926.zip,PAPERB_B9C_REMAINING_AUTHOR_RUN_050926/raw/g5/g5__recovered29__n4p7__one__d2.npz,87a014bba3d9854e3653054bc0e33e164b8afce14a3a4789c91d8f340366992c
g5,g5__recovered29__n4p7__one__d2,recovered29,4.7,DIFF,2498,887.2810976558823,"{""D"": 10000, ""draw"": 2, ""f"": 1, ""kind"": ""fraction""}",results/archives/PAPERB_B9C_REMAINING_AUTHOR_RUN_050926.zip,PAPERB_B9C_REMAINING_AUTHOR_RUN_050926/raw/g5/g5__recovered29__n4p7__one__d2.npz,87a014bba3d9854e3653054bc0e33e164b8afce14a3a4789c91d8f340366992c
g5,g5__recovered29__n4p7__one__d2,recovered29,4.7,Min-Max,2498,551.6854909913313,"{""D"": 10000, ""draw"": 2, ""f"": 1, ""kind"": ""fraction""}",results/archives/PAPERB_B9C_REMAINING_AUTHOR_RUN_050926.zip,PAPERB_B9C_REMAINING_AUTHOR_RUN_050926/raw/g5/g5__recovered29__n4p7__one__d2.npz,87a014bba3d9854e3653054bc0e33e164b8afce14a3a4789c91d8f340366992c
g5,g5__recovered29__n4p7__all__d2,recovered29,4.7,WCL,2498,7082.076707515611,"{""D"": 10000, ""draw"": 2, ""f"": 29, ""kind"": ""fraction""}",results/archives/PAPERB_B9C_REMAINING_AUTHOR_RUN_050926.zip,PAPERB_B9C_REMAINING_AUTHOR_RUN_050926/raw/g5/g5__recovered29__n4p7__all__d2.npz,43021e1ea4e414bfcc44ff5741525e45d8caebfbe24d501ebe98e30f2a50e48e
g5,g5__recovered29__n4p7__all__d2,recovered29,4.7,ABS,2498,3720.911338082078,"{""D"": 10000, ""draw"": 2, ""f"": 29, ""kind"": ""fraction""}",results/archives/PAPERB_B9C_REMAINING_AUTHOR_RUN_050926.zip,PAPERB_B9C_REMAINING_AUTHOR_RUN_050926/raw/g5/g5__recovered29__n4p7__all__d2.npz,43021e1ea4e414bfcc44ff5741525e45d8caebfbe24d501ebe98e30f2a50e48e
g5,g5__recovered29__n4p7__all__d2,recovered29,4.7,DIFF,2498,4256.658176192374,"{""D"": 10000, ""draw"": 2, ""f"": 29, ""kind"": ""fraction""}",results/archives/PAPERB_B9C_REMAINING_AUTHOR_RUN_050926.zip,PAPERB_B9C_REMAINING_AUTHOR_RUN_050926/raw/g5/g5__recovered29__n4p7__all__d2.npz,43021e1ea4e414bfcc44ff5741525e45d8caebfbe24d501ebe98e30f2a50e48e
g5,g5__recovered29__n4p7__all__d2,recovered29,4.7,Min-Max,2498,4548.278240263933,"{""D"": 10000, ""draw"": 2, ""f"": 29, ""kind"": ""fraction""}",results/archives/PAPERB_B9C_REMAINING_AUTHOR_RUN_050926.zip,PAPERB_B9C_REMAINING_AUTHOR_RUN_050926/raw/g5/g5__recovered29__n4p7__all__d2.npz,43021e1ea4e414bfcc44ff5741525e45d8caebfbe24d501ebe98e30f2a50e48e
g5,g5__recovered29__n4p7__top6__d2,recovered29,4.7,WCL,2498,898.5500357418762,"{""D"": 5000, ""draw"": 2, ""k"": 6, ""kind"": ""topk""}",results/archives/PAPERB_B9C_REMAINING_AUTHOR_RUN_050926.zip,PAPERB_B9C_REMAINING_AUTHOR_RUN_050926/raw/g5/g5__recovered29__n4p7__top6__d2.npz,c9c6e5a072665c506c5499a4ebe3f0c002b49c8784864fb7ba3eb57ddb9a063f
g5,g5__recovered29__n4p7__top6__d2,recovered29,4.7,ABS,2498,885.4137178278984,"{""D"": 5000, ""draw"": 2, ""k"": 6, ""kind"": ""topk""}",results/archives/PAPERB_B9C_REMAINING_AUTHOR_RUN_050926.zip,PAPERB_B9C_REMAINING_AUTHOR_RUN_050926/raw/g5/g5__recovered29__n4p7__top6__d2.npz,c9c6e5a072665c506c5499a4ebe3f0c002b49c8784864fb7ba3eb57ddb9a063f
g5,g5__recovered29__n4p7__top6__d2,recovered29,4.7,DIFF,2498,1091.8780215639486,"{""D"": 5000, ""draw"": 2, ""k"": 6, ""kind"": ""topk""}",results/archives/PAPERB_B9C_REMAINING_AUTHOR_RUN_050926.zip,PAPERB_B9C_REMAINING_AUTHOR_RUN_050926/raw/g5/g5__recovered29__n4p7__top6__d2.npz,c9c6e5a072665c506c5499a4ebe3f0c002b49c8784864fb7ba3eb57ddb9a063f
g5,g5__recovered29__n4p7__top6__d2,recovered29,4.7,Min-Max,2498,935.6402033243977,"{""D"": 5000, ""draw"": 2, ""k"": 6, ""kind"": ""topk""}",results/archives/PAPERB_B9C_REMAINING_AUTHOR_RUN_050926.zip,PAPERB_B9C_REMAINING_AUTHOR_RUN_050926/raw/g5/g5__recovered29__n4p7__top6__d2.npz,c9c6e5a072665c506c5499a4ebe3f0c002b49c8784864fb7ba3eb57ddb9a063f
g5,g5__recovered29__n4p7__top7__d2,recovered29,4.7,WCL,2498,1857.7931933461964,"{""D"": 5000, ""draw"": 2, ""k"": 7, ""kind"": ""topk""}",results/archives/PAPERB_B9C_REMAINING_AUTHOR_RUN_050926.zip,PAPERB_B9C_REMAINING_AUTHOR_RUN_050926/raw/g5/g5__recovered29__n4p7__top7__d2.npz,83462289bf33095aca3b9b20e9b8c9725764ff4bb1936beb0c7524a034d85873
g5,g5__recovered29__n4p7__top7__d2,recovered29,4.7,ABS,2498,1023.8598640587672,"{""D"": 5000, ""draw"": 2, ""k"": 7, ""kind"": ""topk""}",results/archives/PAPERB_B9C_REMAINING_AUTHOR_RUN_050926.zip,PAPERB_B9C_REMAINING_AUTHOR_RUN_050926/raw/g5/g5__recovered29__n4p7__top7__d2.npz,83462289bf33095aca3b9b20e9b8c9725764ff4bb1936beb0c7524a034d85873
g5,g5__recovered29__n4p7__top7__d2,recovered29,4.7,DIFF,2498,1174.4860117508406,"{""D"": 5000, ""draw"": 2, ""k"": 7, ""kind"": ""topk""}",results/archives/PAPERB_B9C_REMAINING_AUTHOR_RUN_050926.zip,PAPERB_B9C_REMAINING_AUTHOR_RUN_050926/raw/g5/g5__recovered29__n4p7__top7__d2.npz,83462289bf33095aca3b9b20e9b8c9725764ff4bb1936beb0c7524a034d85873
g5,g5__recovered29__n4p7__top7__d2,recovered29,4.7,Min-Max,2498,1474.366439805643,"{""D"": 5000, ""draw"": 2, ""k"": 7, ""kind"": ""topk""}",results/archives/PAPERB_B9C_REMAINING_AUTHOR_RUN_050926.zip,PAPERB_B9C_REMAINING_AUTHOR_RUN_050926/raw/g5/g5__recovered29__n4p7__top7__d2.npz,83462289bf33095aca3b9b20e9b8c9725764ff4bb1936beb0c7524a034d85873
g5,g5__recovered29__n4p7__legacy_iso__d2,recovered29,4.7,WCL,2498,895.592152921157,"{""kind"": ""legacy_iso"", ""seed"": 4776}",results/archives/PAPERB_B9C_REMAINING_AUTHOR_RUN_050926.zip,PAPERB_B9C_REMAINING_AUTHOR_RUN_050926/raw/g5/g5__recovered29__n4p7__legacy_iso__d2.npz,ed8317d6ac9ced63541ba9492fbc42274a9760572fba8c00d39e959706b2d4f8
g5,g5__recovered29__n4p7__legacy_iso__d2,recovered29,4.7,ABS,2498,769.7312239386872,"{""kind"": ""legacy_iso"", ""seed"": 4776}",results/archives/PAPERB_B9C_REMAINING_AUTHOR_RUN_050926.zip,PAPERB_B9C_REMAINING_AUTHOR_RUN_050926/raw/g5/g5__recovered29__n4p7__legacy_iso__d2.npz,ed8317d6ac9ced63541ba9492fbc42274a9760572fba8c00d39e959706b2d4f8
g5,g5__recovered29__n4p7__legacy_iso__d2,recovered29,4.7,DIFF,2498,1219.2455792823343,"{""kind"": ""legacy_iso"", ""seed"": 4776}",results/archives/PAPERB_B9C_REMAINING_AUTHOR_RUN_050926.zip,PAPERB_B9C_REMAINING_AUTHOR_RUN_050926/raw/g5/g5__recovered29__n4p7__legacy_iso__d2.npz,ed8317d6ac9ced63541ba9492fbc42274a9760572fba8c00d39e959706b2d4f8
g5,g5__recovered29__n4p7__legacy_iso__d2,recovered29,4.7,Min-Max,2498,589.8502619524751,"{""kind"": ""legacy_iso"", ""seed"": 4776}",results/archives/PAPERB_B9C_REMAINING_AUTHOR_RUN_050926.zip,PAPERB_B9C_REMAINING_AUTHOR_RUN_050926/raw/g5/g5__recovered29__n4p7__legacy_iso__d2.npz,ed8317d6ac9ced63541ba9492fbc42274a9760572fba8c00d39e959706b2d4f8
g5,g5__recovered29__n4p7__op_iso__d2,recovered29,4.7,WCL,2498,664.1897492748056,"{""kind"": ""opcenter_exact_iso"", ""seed"": 7776}",results/archives/PAPERB_B9C_REMAINING_AUTHOR_RUN_050926.zip,PAPERB_B9C_REMAINING_AUTHOR_RUN_050926/raw/g5/g5__recovered29__n4p7__op_iso__d2.npz,6d363739091dc62f3080fefb81afc31a9a56d78e1d351ac9c9b6bf8fe9a8b19d
g5,g5__recovered29__n4p7__op_iso__d2,recovered29,4.7,ABS,2498,671.2851211037355,"{""kind"": ""opcenter_exact_iso"", ""seed"": 7776}",results/archives/PAPERB_B9C_REMAINING_AUTHOR_RUN_050926.zip,PAPERB_B9C_REMAINING_AUTHOR_RUN_050926/raw/g5/g5__recovered29__n4p7__op_iso__d2.npz,6d363739091dc62f3080fefb81afc31a9a56d78e1d351ac9c9b6bf8fe9a8b19d
g5,g5__recovered29__n4p7__op_iso__d2,recovered29,4.7,DIFF,2498,1071.753968307742,"{""kind"": ""opcenter_exact_iso"", ""seed"": 7776}",results/archives/PAPERB_B9C_REMAINING_AUTHOR_RUN_050926.zip,PAPERB_B9C_REMAINING_AUTHOR_RUN_050926/raw/g5/g5__recovered29__n4p7__op_iso__d2.npz,6d363739091dc62f3080fefb81afc31a9a56d78e1d351ac9c9b6bf8fe9a8b19d
g5,g5__recovered29__n4p7__op_iso__d2,recovered29,4.7,Min-Max,2498,485.2537078725735,"{""kind"": ""opcenter_exact_iso"", ""seed"": 7776}",results/archives/PAPERB_B9C_REMAINING_AUTHOR_RUN_050926.zip,PAPERB_B9C_REMAINING_AUTHOR_RUN_050926/raw/g5/g5__recovered29__n4p7__op_iso__d2.npz,6d363739091dc62f3080fefb81afc31a9a56d78e1d351ac9c9b6bf8fe9a8b19d
g5,g5__recovered29__n4p7__one__d3,recovered29,4.7,WCL,2498,599.2892837805819,"{""D"": 10000, ""draw"": 3, ""f"": 1, ""kind"": ""fraction""}",results/archives/PAPERB_B9C_REMAINING_AUTHOR_RUN_050926.zip,PAPERB_B9C_REMAINING_AUTHOR_RUN_050926/raw/g5/g5__recovered29__n4p7__one__d3.npz,b0047c6605821ebe8831a5c3e92a44022dadb7c3a7186ab76e7606e82fa5761c
g5,g5__recovered29__n4p7__one__d3,recovered29,4.7,ABS,2498,662.9777124844286,"{""D"": 10000, ""draw"": 3, ""f"": 1, ""kind"": ""fraction""}",results/archives/PAPERB_B9C_REMAINING_AUTHOR_RUN_050926.zip,PAPERB_B9C_REMAINING_AUTHOR_RUN_050926/raw/g5/g5__recovered29__n4p7__one__d3.npz,b0047c6605821ebe8831a5c3e92a44022dadb7c3a7186ab76e7606e82fa5761c
g5,g5__recovered29__n4p7__one__d3,recovered29,4.7,DIFF,2498,949.2816281038355,"{""D"": 10000, ""draw"": 3, ""f"": 1, ""kind"": ""fraction""}",results/archives/PAPERB_B9C_REMAINING_AUTHOR_RUN_050926.zip,PAPERB_B9C_REMAINING_AUTHOR_RUN_050926/raw/g5/g5__recovered29__n4p7__one__d3.npz,b0047c6605821ebe8831a5c3e92a44022dadb7c3a7186ab76e7606e82fa5761c
g5,g5__recovered29__n4p7__one__d3,recovered29,4.7,Min-Max,2498,503.57462141937447,"{""D"": 10000, ""draw"": 3, ""f"": 1, ""kind"": ""fraction""}",results/archives/PAPERB_B9C_REMAINING_AUTHOR_RUN_050926.zip,PAPERB_B9C_REMAINING_AUTHOR_RUN_050926/raw/g5/g5__recovered29__n4p7__one__d3.npz,b0047c6605821ebe8831a5c3e92a44022dadb7c3a7186ab76e7606e82fa5761c
g5,g5__recovered29__n4p7__all__d3,recovered29,4.7,WCL,2498,5845.52673229774,"{""D"": 10000, ""draw"": 3, ""f"": 29, ""kind"": ""fraction""}",results/archives/PAPERB_B9C_REMAINING_AUTHOR_RUN_050926.zip,PAPERB_B9C_REMAINING_AUTHOR_RUN_050926/raw/g5/g5__recovered29__n4p7__all__d3.npz,e08c7ec07e25d2756b566264a962411a532397fccb9ed142f4496fd4d7b1a856
g5,g5__recovered29__n4p7__all__d3,recovered29,4.7,ABS,2498,3261.3661469734843,"{""D"": 10000, ""draw"": 3, ""f"": 29, ""kind"": ""fraction""}",results/archives/PAPERB_B9C_REMAINING_AUTHOR_RUN_050926.zip,PAPERB_B9C_REMAINING_AUTHOR_RUN_050926/raw/g5/g5__recovered29__n4p7__all__d3.npz,e08c7ec07e25d2756b566264a962411a532397fccb9ed142f4496fd4d7b1a856
g5,g5__recovered29__n4p7__all__d3,recovered29,4.7,DIFF,2498,3642.5282086239404,"{""D"": 10000, ""draw"": 3, ""f"": 29, ""kind"": ""fraction""}",results/archives/PAPERB_B9C_REMAINING_AUTHOR_RUN_050926.zip,PAPERB_B9C_REMAINING_AUTHOR_RUN_050926/raw/g5/g5__recovered29__n4p7__all__d3.npz,e08c7ec07e25d2756b566264a962411a532397fccb9ed142f4496fd4d7b1a856
g5,g5__recovered29__n4p7__all__d3,recovered29,4.7,Min-Max,2498,3222.6978843497036,"{""D"": 10000, ""draw"": 3, ""f"": 29, ""kind"": ""fraction""}",results/archives/PAPERB_B9C_REMAINING_AUTHOR_RUN_050926.zip,PAPERB_B9C_REMAINING_AUTHOR_RUN_050926/raw/g5/g5__recovered29__n4p7__all__d3.npz,e08c7ec07e25d2756b566264a962411a532397fccb9ed142f4496fd4d7b1a856
g5,g5__recovered29__n4p7__top6__d3,recovered29,4.7,WCL,2498,905.133189426802,"{""D"": 5000, ""draw"": 3, ""k"": 6, ""kind"": ""topk""}",results/archives/PAPERB_B9C_REMAINING_AUTHOR_RUN_050926.zip,PAPERB_B9C_REMAINING_AUTHOR_RUN_050926/raw/g5/g5__recovered29__n4p7__top6__d3.npz,13e0ae2ded8954a10bb63ddc4038cfb084aeab90eca83d83015b892f36d59b19
g5,g5__recovered29__n4p7__top6__d3,recovered29,4.7,ABS,2498,841.4169032881745,"{""D"": 5000, ""draw"": 3, ""k"": 6, ""kind"": ""topk""}",results/archives/PAPERB_B9C_REMAINING_AUTHOR_RUN_050926.zip,PAPERB_B9C_REMAINING_AUTHOR_RUN_050926/raw/g5/g5__recovered29__n4p7__top6__d3.npz,13e0ae2ded8954a10bb63ddc4038cfb084aeab90eca83d83015b892f36d59b19
g5,g5__recovered29__n4p7__top6__d3,recovered29,4.7,DIFF,2498,1029.4296899875224,"{""D"": 5000, ""draw"": 3, ""k"": 6, ""kind"": ""topk""}",results/archives/PAPERB_B9C_REMAINING_AUTHOR_RUN_050926.zip,PAPERB_B9C_REMAINING_AUTHOR_RUN_050926/raw/g5/g5__recovered29__n4p7__top6__d3.npz,13e0ae2ded8954a10bb63ddc4038cfb084aeab90eca83d83015b892f36d59b19
g5,g5__recovered29__n4p7__top6__d3,recovered29,4.7,Min-Max,2498,824.6387629162575,"{""D"": 5000, ""draw"": 3, ""k"": 6, ""kind"": ""topk""}",results/archives/PAPERB_B9C_REMAINING_AUTHOR_RUN_050926.zip,PAPERB_B9C_REMAINING_AUTHOR_RUN_050926/raw/g5/g5__recovered29__n4p7__top6__d3.npz,13e0ae2ded8954a10bb63ddc4038cfb084aeab90eca83d83015b892f36d59b19
g5,g5__recovered29__n4p7__top7__d3,recovered29,4.7,WCL,2498,1868.4404445100322,"{""D"": 5000, ""draw"": 3, ""k"": 7, ""kind"": ""topk""}",results/archives/PAPERB_B9C_REMAINING_AUTHOR_RUN_050926.zip,PAPERB_B9C_REMAINING_AUTHOR_RUN_050926/raw/g5/g5__recovered29__n4p7__top7__d3.npz,fa584c8bb5425ee164b6b6f1e8c9c6113225d2146cff6a5a272411519dba0ede
g5,g5__recovered29__n4p7__top7__d3,recovered29,4.7,ABS,2498,1101.020026080857,"{""D"": 5000, ""draw"": 3, ""k"": 7, ""kind"": ""topk""}",results/archives/PAPERB_B9C_REMAINING_AUTHOR_RUN_050926.zip,PAPERB_B9C_REMAINING_AUTHOR_RUN_050926/raw/g5/g5__recovered29__n4p7__top7__d3.npz,fa584c8bb5425ee164b6b6f1e8c9c6113225d2146cff6a5a272411519dba0ede
g5,g5__recovered29__n4p7__top7__d3,recovered29,4.7,DIFF,2498,1415.1337810505756,"{""D"": 5000, ""draw"": 3, ""k"": 7, ""kind"": ""topk""}",results/archives/PAPERB_B9C_REMAINING_AUTHOR_RUN_050926.zip,PAPERB_B9C_REMAINING_AUTHOR_RUN_050926/raw/g5/g5__recovered29__n4p7__top7__d3.npz,fa584c8bb5425ee164b6b6f1e8c9c6113225d2146cff6a5a272411519dba0ede
g5,g5__recovered29__n4p7__top7__d3,recovered29,4.7,Min-Max,2498,1508.4152943711517,"{""D"": 5000, ""draw"": 3, ""k"": 7, ""kind"": ""topk""}",results/archives/PAPERB_B9C_REMAINING_AUTHOR_RUN_050926.zip,PAPERB_B9C_REMAINING_AUTHOR_RUN_050926/raw/g5/g5__recovered29__n4p7__top7__d3.npz,fa584c8bb5425ee164b6b6f1e8c9c6113225d2146cff6a5a272411519dba0ede
g5,g5__recovered29__n4p7__legacy_iso__d3,recovered29,4.7,WCL,2498,569.5931579560745,"{""kind"": ""legacy_iso"", ""seed"": 4789}",results/archives/PAPERB_B9C_REMAINING_AUTHOR_RUN_050926.zip,PAPERB_B9C_REMAINING_AUTHOR_RUN_050926/raw/g5/g5__recovered29__n4p7__legacy_iso__d3.npz,0367d672a5b5678d45301d01b8af7db4cbc7b79ba098c048cfc2feabb5f52d9c
g5,g5__recovered29__n4p7__legacy_iso__d3,recovered29,4.7,ABS,2498,530.632610427266,"{""kind"": ""legacy_iso"", ""seed"": 4789}",results/archives/PAPERB_B9C_REMAINING_AUTHOR_RUN_050926.zip,PAPERB_B9C_REMAINING_AUTHOR_RUN_050926/raw/g5/g5__recovered29__n4p7__legacy_iso__d3.npz,0367d672a5b5678d45301d01b8af7db4cbc7b79ba098c048cfc2feabb5f52d9c
g5,g5__recovered29__n4p7__legacy_iso__d3,recovered29,4.7,DIFF,2498,825.219994024028,"{""kind"": ""legacy_iso"", ""seed"": 4789}",results/archives/PAPERB_B9C_REMAINING_AUTHOR_RUN_050926.zip,PAPERB_B9C_REMAINING_AUTHOR_RUN_050926/raw/g5/g5__recovered29__n4p7__legacy_iso__d3.npz,0367d672a5b5678d45301d01b8af7db4cbc7b79ba098c048cfc2feabb5f52d9c
g5,g5__recovered29__n4p7__legacy_iso__d3,recovered29,4.7,Min-Max,2498,451.2370954538461,"{""kind"": ""legacy_iso"", ""seed"": 4789}",results/archives/PAPERB_B9C_REMAINING_AUTHOR_RUN_050926.zip,PAPERB_B9C_REMAINING_AUTHOR_RUN_050926/raw/g5/g5__recovered29__n4p7__legacy_iso__d3.npz,0367d672a5b5678d45301d01b8af7db4cbc7b79ba098c048cfc2feabb5f52d9c
g5,g5__recovered29__n4p7__op_iso__d3,recovered29,4.7,WCL,2498,681.6599657888592,"{""kind"": ""opcenter_exact_iso"", ""seed"": 7789}",results/archives/PAPERB_B9C_REMAINING_AUTHOR_RUN_050926.zip,PAPERB_B9C_REMAINING_AUTHOR_RUN_050926/raw/g5/g5__recovered29__n4p7__op_iso__d3.npz,f2cd37b88da9601c0bab3b414cbc9d8cc354d0b7c1f9bac15e4d43337283af59
g5,g5__recovered29__n4p7__op_iso__d3,recovered29,4.7,ABS,2498,670.9284129072496,"{""kind"": ""opcenter_exact_iso"", ""seed"": 7789}",results/archives/PAPERB_B9C_REMAINING_AUTHOR_RUN_050926.zip,PAPERB_B9C_REMAINING_AUTHOR_RUN_050926/raw/g5/g5__recovered29__n4p7__op_iso__d3.npz,f2cd37b88da9601c0bab3b414cbc9d8cc354d0b7c1f9bac15e4d43337283af59
g5,g5__recovered29__n4p7__op_iso__d3,recovered29,4.7,DIFF,2498,1096.2836499840093,"{""kind"": ""opcenter_exact_iso"", ""seed"": 7789}",results/archives/PAPERB_B9C_REMAINING_AUTHOR_RUN_050926.zip,PAPERB_B9C_REMAINING_AUTHOR_RUN_050926/raw/g5/g5__recovered29__n4p7__op_iso__d3.npz,f2cd37b88da9601c0bab3b414cbc9d8cc354d0b7c1f9bac15e4d43337283af59
g5,g5__recovered29__n4p7__op_iso__d3,recovered29,4.7,Min-Max,2498,501.6491248639036,"{""kind"": ""opcenter_exact_iso"", ""seed"": 7789}",results/archives/PAPERB_B9C_REMAINING_AUTHOR_RUN_050926.zip,PAPERB_B9C_REMAINING_AUTHOR_RUN_050926/raw/g5/g5__recovered29__n4p7__op_iso__d3.npz,f2cd37b88da9601c0bab3b414cbc9d8cc354d0b7c1f9bac15e4d43337283af59
g5,g5__recovered29__n4p7__one__d4,recovered29,4.7,WCL,2498,598.0697212291991,"{""D"": 10000, ""draw"": 4, ""f"": 1, ""kind"": ""fraction""}",results/archives/PAPERB_B9C_REMAINING_AUTHOR_RUN_050926.zip,PAPERB_B9C_REMAINING_AUTHOR_RUN_050926/raw/g5/g5__recovered29__n4p7__one__d4.npz,c5d58b61b1a113c7fcbfa317bde0bbe764b9c96cf0e41a16ab6d33ad708f1f17
g5,g5__recovered29__n4p7__one__d4,recovered29,4.7,ABS,2498,640.3581513361585,"{""D"": 10000, ""draw"": 4, ""f"": 1, ""kind"": ""fraction""}",results/archives/PAPERB_B9C_REMAINING_AUTHOR_RUN_050926.zip,PAPERB_B9C_REMAINING_AUTHOR_RUN_050926/raw/g5/g5__recovered29__n4p7__one__d4.npz,c5d58b61b1a113c7fcbfa317bde0bbe764b9c96cf0e41a16ab6d33ad708f1f17
g5,g5__recovered29__n4p7__one__d4,recovered29,4.7,DIFF,2498,956.5777724882319,"{""D"": 10000, ""draw"": 4, ""f"": 1, ""kind"": ""fraction""}",results/archives/PAPERB_B9C_REMAINING_AUTHOR_RUN_050926.zip,PAPERB_B9C_REMAINING_AUTHOR_RUN_050926/raw/g5/g5__recovered29__n4p7__one__d4.npz,c5d58b61b1a113c7fcbfa317bde0bbe764b9c96cf0e41a16ab6d33ad708f1f17
g5,g5__recovered29__n4p7__one__d4,recovered29,4.7,Min-Max,2498,468.26761427412043,"{""D"": 10000, ""draw"": 4, ""f"": 1, ""kind"": ""fraction""}",results/archives/PAPERB_B9C_REMAINING_AUTHOR_RUN_050926.zip,PAPERB_B9C_REMAINING_AUTHOR_RUN_050926/raw/g5/g5__recovered29__n4p7__one__d4.npz,c5d58b61b1a113c7fcbfa317bde0bbe764b9c96cf0e41a16ab6d33ad708f1f17
g5,g5__recovered29__n4p7__all__d4,recovered29,4.7,WCL,2498,6882.284939570321,"{""D"": 10000, ""draw"": 4, ""f"": 29, ""kind"": ""fraction""}",results/archives/PAPERB_B9C_REMAINING_AUTHOR_RUN_050926.zip,PAPERB_B9C_REMAINING_AUTHOR_RUN_050926/raw/g5/g5__recovered29__n4p7__all__d4.npz,e32a3bbe23030db1b92def8b74139747b04c80b0da45b9ccc4436cf6cbf81e47
g5,g5__recovered29__n4p7__all__d4,recovered29,4.7,ABS,2498,3347.039081052605,"{""D"": 10000, ""draw"": 4, ""f"": 29, ""kind"": ""fraction""}",results/archives/PAPERB_B9C_REMAINING_AUTHOR_RUN_050926.zip,PAPERB_B9C_REMAINING_AUTHOR_RUN_050926/raw/g5/g5__recovered29__n4p7__all__d4.npz,e32a3bbe23030db1b92def8b74139747b04c80b0da45b9ccc4436cf6cbf81e47
g5,g5__recovered29__n4p7__all__d4,recovered29,4.7,DIFF,2498,3699.19423368597,"{""D"": 10000, ""draw"": 4, ""f"": 29, ""kind"": ""fraction""}",results/archives/PAPERB_B9C_REMAINING_AUTHOR_RUN_050926.zip,PAPERB_B9C_REMAINING_AUTHOR_RUN_050926/raw/g5/g5__recovered29__n4p7__all__d4.npz,e32a3bbe23030db1b92def8b74139747b04c80b0da45b9ccc4436cf6cbf81e47
g5,g5__recovered29__n4p7__all__d4,recovered29,4.7,Min-Max,2498,4114.558023100997,"{""D"": 10000, ""draw"": 4, ""f"": 29, ""kind"": ""fraction""}",results/archives/PAPERB_B9C_REMAINING_AUTHOR_RUN_050926.zip,PAPERB_B9C_REMAINING_AUTHOR_RUN_050926/raw/g5/g5__recovered29__n4p7__all__d4.npz,e32a3bbe23030db1b92def8b74139747b04c80b0da45b9ccc4436cf6cbf81e47
g5,g5__recovered29__n4p7__top6__d4,recovered29,4.7,WCL,2498,910.0074922518237,"{""D"": 5000, ""draw"": 4, ""k"": 6, ""kind"": ""topk""}",results/archives/PAPERB_B9C_REMAINING_AUTHOR_RUN_050926.zip,PAPERB_B9C_REMAINING_AUTHOR_RUN_050926/raw/g5/g5__recovered29__n4p7__top6__d4.npz,25d6e6c5bf82cea8ce358a59f13a171615b932436336fd20acbf661f8d5ccb3f
g5,g5__recovered29__n4p7__top6__d4,recovered29,4.7,ABS,2498,899.8025349881673,"{""D"": 5000, ""draw"": 4, ""k"": 6, ""kind"": ""topk""}",results/archives/PAPERB_B9C_REMAINING_AUTHOR_RUN_050926.zip,PAPERB_B9C_REMAINING_AUTHOR_RUN_050926/raw/g5/g5__recovered29__n4p7__top6__d4.npz,25d6e6c5bf82cea8ce358a59f13a171615b932436336fd20acbf661f8d5ccb3f
g5,g5__recovered29__n4p7__top6__d4,recovered29,4.7,DIFF,2498,1094.4188696137026,"{""D"": 5000, ""draw"": 4, ""k"": 6, ""kind"": ""topk""}",results/archives/PAPERB_B9C_REMAINING_AUTHOR_RUN_050926.zip,PAPERB_B9C_REMAINING_AUTHOR_RUN_050926/raw/g5/g5__recovered29__n4p7__top6__d4.npz,25d6e6c5bf82cea8ce358a59f13a171615b932436336fd20acbf661f8d5ccb3f
g5,g5__recovered29__n4p7__top6__d4,recovered29,4.7,Min-Max,2498,877.3462737755456,"{""D"": 5000, ""draw"": 4, ""k"": 6, ""kind"": ""topk""}",results/archives/PAPERB_B9C_REMAINING_AUTHOR_RUN_050926.zip,PAPERB_B9C_REMAINING_AUTHOR_RUN_050926/raw/g5/g5__recovered29__n4p7__top6__d4.npz,25d6e6c5bf82cea8ce358a59f13a171615b932436336fd20acbf661f8d5ccb3f
g5,g5__recovered29__n4p7__top7__d4,recovered29,4.7,WCL,2498,2139.1258487256496,"{""D"": 5000, ""draw"": 4, ""k"": 7, ""kind"": ""topk""}",results/archives/PAPERB_B9C_REMAINING_AUTHOR_RUN_050926.zip,PAPERB_B9C_REMAINING_AUTHOR_RUN_050926/raw/g5/g5__recovered29__n4p7__top7__d4.npz,706486d11033c5eb031a6f2f5ba6d5f3a4179c1287fdc95d796741d96566e12d
g5,g5__recovered29__n4p7__top7__d4,recovered29,4.7,ABS,2498,1053.8125421680397,"{""D"": 5000, ""draw"": 4, ""k"": 7, ""kind"": ""topk""}",results/archives/PAPERB_B9C_REMAINING_AUTHOR_RUN_050926.zip,PAPERB_B9C_REMAINING_AUTHOR_RUN_050926/raw/g5/g5__recovered29__n4p7__top7__d4.npz,706486d11033c5eb031a6f2f5ba6d5f3a4179c1287fdc95d796741d96566e12d
g5,g5__recovered29__n4p7__top7__d4,recovered29,4.7,DIFF,2498,1411.0274044066023,"{""D"": 5000, ""draw"": 4, ""k"": 7, ""kind"": ""topk""}",results/archives/PAPERB_B9C_REMAINING_AUTHOR_RUN_050926.zip,PAPERB_B9C_REMAINING_AUTHOR_RUN_050926/raw/g5/g5__recovered29__n4p7__top7__d4.npz,706486d11033c5eb031a6f2f5ba6d5f3a4179c1287fdc95d796741d96566e12d
g5,g5__recovered29__n4p7__top7__d4,recovered29,4.7,Min-Max,2498,1694.8609640988202,"{""D"": 5000, ""draw"": 4, ""k"": 7, ""kind"": ""topk""}",results/archives/PAPERB_B9C_REMAINING_AUTHOR_RUN_050926.zip,PAPERB_B9C_REMAINING_AUTHOR_RUN_050926/raw/g5/g5__recovered29__n4p7__top7__d4.npz,706486d11033c5eb031a6f2f5ba6d5f3a4179c1287fdc95d796741d96566e12d
g5,g5__recovered29__n4p7__legacy_iso__d4,recovered29,4.7,WCL,2498,649.7085288080767,"{""kind"": ""legacy_iso"", ""seed"": 4802}",results/archives/PAPERB_B9C_REMAINING_AUTHOR_RUN_050926.zip,PAPERB_B9C_REMAINING_AUTHOR_RUN_050926/raw/g5/g5__recovered29__n4p7__legacy_iso__d4.npz,8afadd5ede9d6b281c6ab68c0b83c5bb86f15850cabd4ed4de79ddf44aadf813
g5,g5__recovered29__n4p7__legacy_iso__d4,recovered29,4.7,ABS,2498,639.626275972218,"{""kind"": ""legacy_iso"", ""seed"": 4802}",results/archives/PAPERB_B9C_REMAINING_AUTHOR_RUN_050926.zip,PAPERB_B9C_REMAINING_AUTHOR_RUN_050926/raw/g5/g5__recovered29__n4p7__legacy_iso__d4.npz,8afadd5ede9d6b281c6ab68c0b83c5bb86f15850cabd4ed4de79ddf44aadf813
g5,g5__recovered29__n4p7__legacy_iso__d4,recovered29,4.7,DIFF,2498,925.2071117386128,"{""kind"": ""legacy_iso"", ""seed"": 4802}",results/archives/PAPERB_B9C_REMAINING_AUTHOR_RUN_050926.zip,PAPERB_B9C_REMAINING_AUTHOR_RUN_050926/raw/g5/g5__recovered29__n4p7__legacy_iso__d4.npz,8afadd5ede9d6b281c6ab68c0b83c5bb86f15850cabd4ed4de79ddf44aadf813
g5,g5__recovered29__n4p7__legacy_iso__d4,recovered29,4.7,Min-Max,2498,465.23633652019987,"{""kind"": ""legacy_iso"", ""seed"": 4802}",results/archives/PAPERB_B9C_REMAINING_AUTHOR_RUN_050926.zip,PAPERB_B9C_REMAINING_AUTHOR_RUN_050926/raw/g5/g5__recovered29__n4p7__legacy_iso__d4.npz,8afadd5ede9d6b281c6ab68c0b83c5bb86f15850cabd4ed4de79ddf44aadf813
g5,g5__recovered29__n4p7__op_iso__d4,recovered29,4.7,WCL,2498,553.9545324891658,"{""kind"": ""opcenter_exact_iso"", ""seed"": 7802}",results/archives/PAPERB_B9C_REMAINING_AUTHOR_RUN_050926.zip,PAPERB_B9C_REMAINING_AUTHOR_RUN_050926/raw/g5/g5__recovered29__n4p7__op_iso__d4.npz,5ecdda3c18ba926620849bc2fddd2aa571778446ec4ddd8c720b742f9cf0290c
g5,g5__recovered29__n4p7__op_iso__d4,recovered29,4.7,ABS,2498,644.6212381994001,"{""kind"": ""opcenter_exact_iso"", ""seed"": 7802}",results/archives/PAPERB_B9C_REMAINING_AUTHOR_RUN_050926.zip,PAPERB_B9C_REMAINING_AUTHOR_RUN_050926/raw/g5/g5__recovered29__n4p7__op_iso__d4.npz,5ecdda3c18ba926620849bc2fddd2aa571778446ec4ddd8c720b742f9cf0290c
g5,g5__recovered29__n4p7__op_iso__d4,recovered29,4.7,DIFF,2498,888.0569307584649,"{""kind"": ""opcenter_exact_iso"", ""seed"": 7802}",results/archives/PAPERB_B9C_REMAINING_AUTHOR_RUN_050926.zip,PAPERB_B9C_REMAINING_AUTHOR_RUN_050926/raw/g5/g5__recovered29__n4p7__op_iso__d4.npz,5ecdda3c18ba926620849bc2fddd2aa571778446ec4ddd8c720b742f9cf0290c
g5,g5__recovered29__n4p7__op_iso__d4,recovered29,4.7,Min-Max,2498,452.493456984988,"{""kind"": ""opcenter_exact_iso"", ""seed"": 7802}",results/archives/PAPERB_B9C_REMAINING_AUTHOR_RUN_050926.zip,PAPERB_B9C_REMAINING_AUTHOR_RUN_050926/raw/g5/g5__recovered29__n4p7__op_iso__d4.npz,5ecdda3c18ba926620849bc2fddd2aa571778446ec4ddd8c720b742f9cf0290c
g5,g5__recovered29__n4p7__one__d5,recovered29,4.7,WCL,2498,597.6726773737064,"{""D"": 10000, ""draw"": 5, ""f"": 1, ""kind"": ""fraction""}",results/archives/PAPERB_B9C_REMAINING_AUTHOR_RUN_050926.zip,PAPERB_B9C_REMAINING_AUTHOR_RUN_050926/raw/g5/g5__recovered29__n4p7__one__d5.npz,b2b5705f7cab63b3d25327ad7e106d1394daf1b73fbde864761d222617ed9e75
g5,g5__recovered29__n4p7__one__d5,recovered29,4.7,ABS,2498,641.3707224668769,"{""D"": 10000, ""draw"": 5, ""f"": 1, ""kind"": ""fraction""}",results/archives/PAPERB_B9C_REMAINING_AUTHOR_RUN_050926.zip,PAPERB_B9C_REMAINING_AUTHOR_RUN_050926/raw/g5/g5__recovered29__n4p7__one__d5.npz,b2b5705f7cab63b3d25327ad7e106d1394daf1b73fbde864761d222617ed9e75
g5,g5__recovered29__n4p7__one__d5,recovered29,4.7,DIFF,2498,956.5777724882319,"{""D"": 10000, ""draw"": 5, ""f"": 1, ""kind"": ""fraction""}",results/archives/PAPERB_B9C_REMAINING_AUTHOR_RUN_050926.zip,PAPERB_B9C_REMAINING_AUTHOR_RUN_050926/raw/g5/g5__recovered29__n4p7__one__d5.npz,b2b5705f7cab63b3d25327ad7e106d1394daf1b73fbde864761d222617ed9e75
g5,g5__recovered29__n4p7__one__d5,recovered29,4.7,Min-Max,2498,465.0196168693852,"{""D"": 10000, ""draw"": 5, ""f"": 1, ""kind"": ""fraction""}",results/archives/PAPERB_B9C_REMAINING_AUTHOR_RUN_050926.zip,PAPERB_B9C_REMAINING_AUTHOR_RUN_050926/raw/g5/g5__recovered29__n4p7__one__d5.npz,b2b5705f7cab63b3d25327ad7e106d1394daf1b73fbde864761d222617ed9e75
g5,g5__recovered29__n4p7__all__d5,recovered29,4.7,WCL,2498,5453.073085907203,"{""D"": 10000, ""draw"": 5, ""f"": 29, ""kind"": ""fraction""}",results/archives/PAPERB_B9C_REMAINING_AUTHOR_RUN_050926.zip,PAPERB_B9C_REMAINING_AUTHOR_RUN_050926/raw/g5/g5__recovered29__n4p7__all__d5.npz,abc555d9777e12ade839c746ec66a94b393386be0b267cb5613be99dfda1c657
g5,g5__recovered29__n4p7__all__d5,recovered29,4.7,ABS,2498,2761.863624255804,"{""D"": 10000, ""draw"": 5, ""f"": 29, ""kind"": ""fraction""}",results/archives/PAPERB_B9C_REMAINING_AUTHOR_RUN_050926.zip,PAPERB_B9C_REMAINING_AUTHOR_RUN_050926/raw/g5/g5__recovered29__n4p7__all__d5.npz,abc555d9777e12ade839c746ec66a94b393386be0b267cb5613be99dfda1c657
g5,g5__recovered29__n4p7__all__d5,recovered29,4.7,DIFF,2498,2968.1459813881856,"{""D"": 10000, ""draw"": 5, ""f"": 29, ""kind"": ""fraction""}",results/archives/PAPERB_B9C_REMAINING_AUTHOR_RUN_050926.zip,PAPERB_B9C_REMAINING_AUTHOR_RUN_050926/raw/g5/g5__recovered29__n4p7__all__d5.npz,abc555d9777e12ade839c746ec66a94b393386be0b267cb5613be99dfda1c657
g5,g5__recovered29__n4p7__all__d5,recovered29,4.7,Min-Max,2498,3141.973839537238,"{""D"": 10000, ""draw"": 5, ""f"": 29, ""kind"": ""fraction""}",results/archives/PAPERB_B9C_REMAINING_AUTHOR_RUN_050926.zip,PAPERB_B9C_REMAINING_AUTHOR_RUN_050926/raw/g5/g5__recovered29__n4p7__all__d5.npz,abc555d9777e12ade839c746ec66a94b393386be0b267cb5613be99dfda1c657
g5,g5__recovered29__n4p7__top6__d5,recovered29,4.7,WCL,2498,893.1428477281456,"{""D"": 5000, ""draw"": 5, ""k"": 6, ""kind"": ""topk""}",results/archives/PAPERB_B9C_REMAINING_AUTHOR_RUN_050926.zip,PAPERB_B9C_REMAINING_AUTHOR_RUN_050926/raw/g5/g5__recovered29__n4p7__top6__d5.npz,c873eff404c999d4a048999f8cffec693551c823f7e51065ecb8350a6dab9b7c
g5,g5__recovered29__n4p7__top6__d5,recovered29,4.7,ABS,2498,920.5795780428393,"{""D"": 5000, ""draw"": 5, ""k"": 6, ""kind"": ""topk""}",results/archives/PAPERB_B9C_REMAINING_AUTHOR_RUN_050926.zip,PAPERB_B9C_REMAINING_AUTHOR_RUN_050926/raw/g5/g5__recovered29__n4p7__top6__d5.npz,c873eff404c999d4a048999f8cffec693551c823f7e51065ecb8350a6dab9b7c
g5,g5__recovered29__n4p7__top6__d5,recovered29,4.7,DIFF,2498,1062.2153233654208,"{""D"": 5000, ""draw"": 5, ""k"": 6, ""kind"": ""topk""}",results/archives/PAPERB_B9C_REMAINING_AUTHOR_RUN_050926.zip,PAPERB_B9C_REMAINING_AUTHOR_RUN_050926/raw/g5/g5__recovered29__n4p7__top6__d5.npz,c873eff404c999d4a048999f8cffec693551c823f7e51065ecb8350a6dab9b7c
g5,g5__recovered29__n4p7__top6__d5,recovered29,4.7,Min-Max,2498,1006.190071389911,"{""D"": 5000, ""draw"": 5, ""k"": 6, ""kind"": ""topk""}",results/archives/PAPERB_B9C_REMAINING_AUTHOR_RUN_050926.zip,PAPERB_B9C_REMAINING_AUTHOR_RUN_050926/raw/g5/g5__recovered29__n4p7__top6__d5.npz,c873eff404c999d4a048999f8cffec693551c823f7e51065ecb8350a6dab9b7c
g5,g5__recovered29__n4p7__top7__d5,recovered29,4.7,WCL,2498,2322.363291393027,"{""D"": 5000, ""draw"": 5, ""k"": 7, ""kind"": ""topk""}",results/archives/PAPERB_B9C_REMAINING_AUTHOR_RUN_050926.zip,PAPERB_B9C_REMAINING_AUTHOR_RUN_050926/raw/g5/g5__recovered29__n4p7__top7__d5.npz,6d12d91efba13a0578da6764b65d1db903aa03c38e8a728dd6b689d4accba21d
g5,g5__recovered29__n4p7__top7__d5,recovered29,4.7,ABS,2498,964.9047260262149,"{""D"": 5000, ""draw"": 5, ""k"": 7, ""kind"": ""topk""}",results/archives/PAPERB_B9C_REMAINING_AUTHOR_RUN_050926.zip,PAPERB_B9C_REMAINING_AUTHOR_RUN_050926/raw/g5/g5__recovered29__n4p7__top7__d5.npz,6d12d91efba13a0578da6764b65d1db903aa03c38e8a728dd6b689d4accba21d
g5,g5__recovered29__n4p7__top7__d5,recovered29,4.7,DIFF,2498,1557.3720117055052,"{""D"": 5000, ""draw"": 5, ""k"": 7, ""kind"": ""topk""}",results/archives/PAPERB_B9C_REMAINING_AUTHOR_RUN_050926.zip,PAPERB_B9C_REMAINING_AUTHOR_RUN_050926/raw/g5/g5__recovered29__n4p7__top7__d5.npz,6d12d91efba13a0578da6764b65d1db903aa03c38e8a728dd6b689d4accba21d
g5,g5__recovered29__n4p7__top7__d5,recovered29,4.7,Min-Max,2498,1649.4341735775015,"{""D"": 5000, ""draw"": 5, ""k"": 7, ""kind"": ""topk""}",results/archives/PAPERB_B9C_REMAINING_AUTHOR_RUN_050926.zip,PAPERB_B9C_REMAINING_AUTHOR_RUN_050926/raw/g5/g5__recovered29__n4p7__top7__d5.npz,6d12d91efba13a0578da6764b65d1db903aa03c38e8a728dd6b689d4accba21d
g5,g5__recovered29__n4p7__legacy_iso__d5,recovered29,4.7,WCL,2498,762.9946653798829,"{""kind"": ""legacy_iso"", ""seed"": 4815}",results/archives/PAPERB_B9C_REMAINING_AUTHOR_RUN_050926.zip,PAPERB_B9C_REMAINING_AUTHOR_RUN_050926/raw/g5/g5__recovered29__n4p7__legacy_iso__d5.npz,33428363c904164c72f7d8f3e221ce7d627f83e8e83d88467642a7786b4a766b
g5,g5__recovered29__n4p7__legacy_iso__d5,recovered29,4.7,ABS,2498,646.945982383553,"{""kind"": ""legacy_iso"", ""seed"": 4815}",results/archives/PAPERB_B9C_REMAINING_AUTHOR_RUN_050926.zip,PAPERB_B9C_REMAINING_AUTHOR_RUN_050926/raw/g5/g5__recovered29__n4p7__legacy_iso__d5.npz,33428363c904164c72f7d8f3e221ce7d627f83e8e83d88467642a7786b4a766b
g5,g5__recovered29__n4p7__legacy_iso__d5,recovered29,4.7,DIFF,2498,1279.3140601977584,"{""kind"": ""legacy_iso"", ""seed"": 4815}",results/archives/PAPERB_B9C_REMAINING_AUTHOR_RUN_050926.zip,PAPERB_B9C_REMAINING_AUTHOR_RUN_050926/raw/g5/g5__recovered29__n4p7__legacy_iso__d5.npz,33428363c904164c72f7d8f3e221ce7d627f83e8e83d88467642a7786b4a766b
g5,g5__recovered29__n4p7__legacy_iso__d5,recovered29,4.7,Min-Max,2498,504.20464885556044,"{""kind"": ""legacy_iso"", ""seed"": 4815}",results/archives/PAPERB_B9C_REMAINING_AUTHOR_RUN_050926.zip,PAPERB_B9C_REMAINING_AUTHOR_RUN_050926/raw/g5/g5__recovered29__n4p7__legacy_iso__d5.npz,33428363c904164c72f7d8f3e221ce7d627f83e8e83d88467642a7786b4a766b
g5,g5__recovered29__n4p7__op_iso__d5,recovered29,4.7,WCL,2498,609.793227720799,"{""kind"": ""opcenter_exact_iso"", ""seed"": 7815}",results/archives/PAPERB_B9C_REMAINING_AUTHOR_RUN_050926.zip,PAPERB_B9C_REMAINING_AUTHOR_RUN_050926/raw/g5/g5__recovered29__n4p7__op_iso__d5.npz,0f74e92346e4ca8a96155c8e8636c6d200fcef61b9e97b98f224a2f6e3e9295c
g5,g5__recovered29__n4p7__op_iso__d5,recovered29,4.7,ABS,2498,689.800449446587,"{""kind"": ""opcenter_exact_iso"", ""seed"": 7815}",results/archives/PAPERB_B9C_REMAINING_AUTHOR_RUN_050926.zip,PAPERB_B9C_REMAINING_AUTHOR_RUN_050926/raw/g5/g5__recovered29__n4p7__op_iso__d5.npz,0f74e92346e4ca8a96155c8e8636c6d200fcef61b9e97b98f224a2f6e3e9295c
g5,g5__recovered29__n4p7__op_iso__d5,recovered29,4.7,DIFF,2498,964.8643973714304,"{""kind"": ""opcenter_exact_iso"", ""seed"": 7815}",results/archives/PAPERB_B9C_REMAINING_AUTHOR_RUN_050926.zip,PAPERB_B9C_REMAINING_AUTHOR_RUN_050926/raw/g5/g5__recovered29__n4p7__op_iso__d5.npz,0f74e92346e4ca8a96155c8e8636c6d200fcef61b9e97b98f224a2f6e3e9295c
g5,g5__recovered29__n4p7__op_iso__d5,recovered29,4.7,Min-Max,2498,487.52744706677674,"{""kind"": ""opcenter_exact_iso"", ""seed"": 7815}",results/archives/PAPERB_B9C_REMAINING_AUTHOR_RUN_050926.zip,PAPERB_B9C_REMAINING_AUTHOR_RUN_050926/raw/g5/g5__recovered29__n4p7__op_iso__d5.npz,0f74e92346e4ca8a96155c8e8636c6d200fcef61b9e97b98f224a2f6e3e9295c
g5,g5__recovered29__n4p7__one__d6,recovered29,4.7,WCL,2498,640.4138829130085,"{""D"": 10000, ""draw"": 6, ""f"": 1, ""kind"": ""fraction""}",results/archives/PAPERB_B9C_REMAINING_AUTHOR_RUN_050926.zip,PAPERB_B9C_REMAINING_AUTHOR_RUN_050926/raw/g5/g5__recovered29__n4p7__one__d6.npz,61176b2c4824dc8e7f3fc2014cd57a859ebdeabb5941001fcb06fe31110fc267
g5,g5__recovered29__n4p7__one__d6,recovered29,4.7,ABS,2498,659.4172102188072,"{""D"": 10000, ""draw"": 6, ""f"": 1, ""kind"": ""fraction""}",results/archives/PAPERB_B9C_REMAINING_AUTHOR_RUN_050926.zip,PAPERB_B9C_REMAINING_AUTHOR_RUN_050926/raw/g5/g5__recovered29__n4p7__one__d6.npz,61176b2c4824dc8e7f3fc2014cd57a859ebdeabb5941001fcb06fe31110fc267
g5,g5__recovered29__n4p7__one__d6,recovered29,4.7,DIFF,2498,987.030493730763,"{""D"": 10000, ""draw"": 6, ""f"": 1, ""kind"": ""fraction""}",results/archives/PAPERB_B9C_REMAINING_AUTHOR_RUN_050926.zip,PAPERB_B9C_REMAINING_AUTHOR_RUN_050926/raw/g5/g5__recovered29__n4p7__one__d6.npz,61176b2c4824dc8e7f3fc2014cd57a859ebdeabb5941001fcb06fe31110fc267
g5,g5__recovered29__n4p7__one__d6,recovered29,4.7,Min-Max,2498,520.9360268846114,"{""D"": 10000, ""draw"": 6, ""f"": 1, ""kind"": ""fraction""}",results/archives/PAPERB_B9C_REMAINING_AUTHOR_RUN_050926.zip,PAPERB_B9C_REMAINING_AUTHOR_RUN_050926/raw/g5/g5__recovered29__n4p7__one__d6.npz,61176b2c4824dc8e7f3fc2014cd57a859ebdeabb5941001fcb06fe31110fc267
g5,g5__recovered29__n4p7__all__d6,recovered29,4.7,WCL,2498,4933.248514112623,"{""D"": 10000, ""draw"": 6, ""f"": 29, ""kind"": ""fraction""}",results/archives/PAPERB_B9C_REMAINING_AUTHOR_RUN_050926.zip,PAPERB_B9C_REMAINING_AUTHOR_RUN_050926/raw/g5/g5__recovered29__n4p7__all__d6.npz,666cc9fd5de73ebd16c730c9a6649b08d0e18f76f6257aa18a37aa7b3c07ced2
g5,g5__recovered29__n4p7__all__d6,recovered29,4.7,ABS,2498,2460.075222887917,"{""D"": 10000, ""draw"": 6, ""f"": 29, ""kind"": ""fraction""}",results/archives/PAPERB_B9C_REMAINING_AUTHOR_RUN_050926.zip,PAPERB_B9C_REMAINING_AUTHOR_RUN_050926/raw/g5/g5__recovered29__n4p7__all__d6.npz,666cc9fd5de73ebd16c730c9a6649b08d0e18f76f6257aa18a37aa7b3c07ced2
g5,g5__recovered29__n4p7__all__d6,recovered29,4.7,DIFF,2498,2751.037604805122,"{""D"": 10000, ""draw"": 6, ""f"": 29, ""kind"": ""fraction""}",results/archives/PAPERB_B9C_REMAINING_AUTHOR_RUN_050926.zip,PAPERB_B9C_REMAINING_AUTHOR_RUN_050926/raw/g5/g5__recovered29__n4p7__all__d6.npz,666cc9fd5de73ebd16c730c9a6649b08d0e18f76f6257aa18a37aa7b3c07ced2
g5,g5__recovered29__n4p7__all__d6,recovered29,4.7,Min-Max,2498,2353.6033682095176,"{""D"": 10000, ""draw"": 6, ""f"": 29, ""kind"": ""fraction""}",results/archives/PAPERB_B9C_REMAINING_AUTHOR_RUN_050926.zip,PAPERB_B9C_REMAINING_AUTHOR_RUN_050926/raw/g5/g5__recovered29__n4p7__all__d6.npz,666cc9fd5de73ebd16c730c9a6649b08d0e18f76f6257aa18a37aa7b3c07ced2
g5,g5__recovered29__n4p7__top6__d6,recovered29,4.7,WCL,2498,884.16567281588,"{""D"": 5000, ""draw"": 6, ""k"": 6, ""kind"": ""topk""}",results/archives/PAPERB_B9C_REMAINING_AUTHOR_RUN_050926.zip,PAPERB_B9C_REMAINING_AUTHOR_RUN_050926/raw/g5/g5__recovered29__n4p7__top6__d6.npz,3314f3595ac48699b332647a8711a2fa4d1a0da67d49a432224b2e1b750a765b
g5,g5__recovered29__n4p7__top6__d6,recovered29,4.7,ABS,2498,884.0125388125809,"{""D"": 5000, ""draw"": 6, ""k"": 6, ""kind"": ""topk""}",results/archives/PAPERB_B9C_REMAINING_AUTHOR_RUN_050926.zip,PAPERB_B9C_REMAINING_AUTHOR_RUN_050926/raw/g5/g5__recovered29__n4p7__top6__d6.npz,3314f3595ac48699b332647a8711a2fa4d1a0da67d49a432224b2e1b750a765b
g5,g5__recovered29__n4p7__top6__d6,recovered29,4.7,DIFF,2498,1090.4554236314184,"{""D"": 5000, ""draw"": 6, ""k"": 6, ""kind"": ""topk""}",results/archives/PAPERB_B9C_REMAINING_AUTHOR_RUN_050926.zip,PAPERB_B9C_REMAINING_AUTHOR_RUN_050926/raw/g5/g5__recovered29__n4p7__top6__d6.npz,3314f3595ac48699b332647a8711a2fa4d1a0da67d49a432224b2e1b750a765b
g5,g5__recovered29__n4p7__top6__d6,recovered29,4.7,Min-Max,2498,945.1790749327154,"{""D"": 5000, ""draw"": 6, ""k"": 6, ""kind"": ""topk""}",results/archives/PAPERB_B9C_REMAINING_AUTHOR_RUN_050926.zip,PAPERB_B9C_REMAINING_AUTHOR_RUN_050926/raw/g5/g5__recovered29__n4p7__top6__d6.npz,3314f3595ac48699b332647a8711a2fa4d1a0da67d49a432224b2e1b750a765b
g5,g5__recovered29__n4p7__top7__d6,recovered29,4.7,WCL,2498,1851.1973735652819,"{""D"": 5000, ""draw"": 6, ""k"": 7, ""kind"": ""topk""}",results/archives/PAPERB_B9C_REMAINING_AUTHOR_RUN_050926.zip,PAPERB_B9C_REMAINING_AUTHOR_RUN_050926/raw/g5/g5__recovered29__n4p7__top7__d6.npz,36a9c758b7d25c2486353a2f3da5f907d2c5135005433540d7b9b0f55a03ef20
g5,g5__recovered29__n4p7__top7__d6,recovered29,4.7,ABS,2498,1095.6639473164892,"{""D"": 5000, ""draw"": 6, ""k"": 7, ""kind"": ""topk""}",results/archives/PAPERB_B9C_REMAINING_AUTHOR_RUN_050926.zip,PAPERB_B9C_REMAINING_AUTHOR_RUN_050926/raw/g5/g5__recovered29__n4p7__top7__d6.npz,36a9c758b7d25c2486353a2f3da5f907d2c5135005433540d7b9b0f55a03ef20
g5,g5__recovered29__n4p7__top7__d6,recovered29,4.7,DIFF,2498,1374.4763096107683,"{""D"": 5000, ""draw"": 6, ""k"": 7, ""kind"": ""topk""}",results/archives/PAPERB_B9C_REMAINING_AUTHOR_RUN_050926.zip,PAPERB_B9C_REMAINING_AUTHOR_RUN_050926/raw/g5/g5__recovered29__n4p7__top7__d6.npz,36a9c758b7d25c2486353a2f3da5f907d2c5135005433540d7b9b0f55a03ef20
g5,g5__recovered29__n4p7__top7__d6,recovered29,4.7,Min-Max,2498,1416.276383484672,"{""D"": 5000, ""draw"": 6, ""k"": 7, ""kind"": ""topk""}",results/archives/PAPERB_B9C_REMAINING_AUTHOR_RUN_050926.zip,PAPERB_B9C_REMAINING_AUTHOR_RUN_050926/raw/g5/g5__recovered29__n4p7__top7__d6.npz,36a9c758b7d25c2486353a2f3da5f907d2c5135005433540d7b9b0f55a03ef20
g5,g5__recovered29__n4p7__legacy_iso__d6,recovered29,4.7,WCL,2498,537.8959340414359,"{""kind"": ""legacy_iso"", ""seed"": 4828}",results/archives/PAPERB_B9C_REMAINING_AUTHOR_RUN_050926.zip,PAPERB_B9C_REMAINING_AUTHOR_RUN_050926/raw/g5/g5__recovered29__n4p7__legacy_iso__d6.npz,fffd5caa4d564fa8392b08ad87747132c20467fa59be1424c69d3b29089d48f2
g5,g5__recovered29__n4p7__legacy_iso__d6,recovered29,4.7,ABS,2498,600.7757542650479,"{""kind"": ""legacy_iso"", ""seed"": 4828}",results/archives/PAPERB_B9C_REMAINING_AUTHOR_RUN_050926.zip,PAPERB_B9C_REMAINING_AUTHOR_RUN_050926/raw/g5/g5__recovered29__n4p7__legacy_iso__d6.npz,fffd5caa4d564fa8392b08ad87747132c20467fa59be1424c69d3b29089d48f2
g5,g5__recovered29__n4p7__legacy_iso__d6,recovered29,4.7,DIFF,2498,889.6828553695284,"{""kind"": ""legacy_iso"", ""seed"": 4828}",results/archives/PAPERB_B9C_REMAINING_AUTHOR_RUN_050926.zip,PAPERB_B9C_REMAINING_AUTHOR_RUN_050926/raw/g5/g5__recovered29__n4p7__legacy_iso__d6.npz,fffd5caa4d564fa8392b08ad87747132c20467fa59be1424c69d3b29089d48f2
g5,g5__recovered29__n4p7__legacy_iso__d6,recovered29,4.7,Min-Max,2498,504.9427384980553,"{""kind"": ""legacy_iso"", ""seed"": 4828}",results/archives/PAPERB_B9C_REMAINING_AUTHOR_RUN_050926.zip,PAPERB_B9C_REMAINING_AUTHOR_RUN_050926/raw/g5/g5__recovered29__n4p7__legacy_iso__d6.npz,fffd5caa4d564fa8392b08ad87747132c20467fa59be1424c69d3b29089d48f2
g5,g5__recovered29__n4p7__op_iso__d6,recovered29,4.7,WCL,2498,610.4824610081596,"{""kind"": ""opcenter_exact_iso"", ""seed"": 7828}",results/archives/PAPERB_B9C_REMAINING_AUTHOR_RUN_050926.zip,PAPERB_B9C_REMAINING_AUTHOR_RUN_050926/raw/g5/g5__recovered29__n4p7__op_iso__d6.npz,1daf068523aad452ff54b5a84d889b75297999c1c07a64876798220d1aa7781a
g5,g5__recovered29__n4p7__op_iso__d6,recovered29,4.7,ABS,2498,659.8031659116367,"{""kind"": ""opcenter_exact_iso"", ""seed"": 7828}",results/archives/PAPERB_B9C_REMAINING_AUTHOR_RUN_050926.zip,PAPERB_B9C_REMAINING_AUTHOR_RUN_050926/raw/g5/g5__recovered29__n4p7__op_iso__d6.npz,1daf068523aad452ff54b5a84d889b75297999c1c07a64876798220d1aa7781a
g5,g5__recovered29__n4p7__op_iso__d6,recovered29,4.7,DIFF,2498,902.4014856364408,"{""kind"": ""opcenter_exact_iso"", ""seed"": 7828}",results/archives/PAPERB_B9C_REMAINING_AUTHOR_RUN_050926.zip,PAPERB_B9C_REMAINING_AUTHOR_RUN_050926/raw/g5/g5__recovered29__n4p7__op_iso__d6.npz,1daf068523aad452ff54b5a84d889b75297999c1c07a64876798220d1aa7781a
g5,g5__recovered29__n4p7__op_iso__d6,recovered29,4.7,Min-Max,2498,474.88421118381643,"{""kind"": ""opcenter_exact_iso"", ""seed"": 7828}",results/archives/PAPERB_B9C_REMAINING_AUTHOR_RUN_050926.zip,PAPERB_B9C_REMAINING_AUTHOR_RUN_050926/raw/g5/g5__recovered29__n4p7__op_iso__d6.npz,1daf068523aad452ff54b5a84d889b75297999c1c07a64876798220d1aa7781a
g5,g5__recovered29__n4p7__one__d7,recovered29,4.7,WCL,2498,597.4978956563131,"{""D"": 10000, ""draw"": 7, ""f"": 1, ""kind"": ""fraction""}",results/archives/PAPERB_B9C_REMAINING_AUTHOR_RUN_050926.zip,PAPERB_B9C_REMAINING_AUTHOR_RUN_050926/raw/g5/g5__recovered29__n4p7__one__d7.npz,9e0401562190a439770b597cff9a623910f8d53fdeea0bc5222c5877a103f550
g5,g5__recovered29__n4p7__one__d7,recovered29,4.7,ABS,2498,647.544416037863,"{""D"": 10000, ""draw"": 7, ""f"": 1, ""kind"": ""fraction""}",results/archives/PAPERB_B9C_REMAINING_AUTHOR_RUN_050926.zip,PAPERB_B9C_REMAINING_AUTHOR_RUN_050926/raw/g5/g5__recovered29__n4p7__one__d7.npz,9e0401562190a439770b597cff9a623910f8d53fdeea0bc5222c5877a103f550
g5,g5__recovered29__n4p7__one__d7,recovered29,4.7,DIFF,2498,940.7358293857917,"{""D"": 10000, ""draw"": 7, ""f"": 1, ""kind"": ""fraction""}",results/archives/PAPERB_B9C_REMAINING_AUTHOR_RUN_050926.zip,PAPERB_B9C_REMAINING_AUTHOR_RUN_050926/raw/g5/g5__recovered29__n4p7__one__d7.npz,9e0401562190a439770b597cff9a623910f8d53fdeea0bc5222c5877a103f550
g5,g5__recovered29__n4p7__one__d7,recovered29,4.7,Min-Max,2498,463.904082676714,"{""D"": 10000, ""draw"": 7, ""f"": 1, ""kind"": ""fraction""}",results/archives/PAPERB_B9C_REMAINING_AUTHOR_RUN_050926.zip,PAPERB_B9C_REMAINING_AUTHOR_RUN_050926/raw/g5/g5__recovered29__n4p7__one__d7.npz,9e0401562190a439770b597cff9a623910f8d53fdeea0bc5222c5877a103f550
g5,g5__recovered29__n4p7__all__d7,recovered29,4.7,WCL,2498,7095.337721639871,"{""D"": 10000, ""draw"": 7, ""f"": 29, ""kind"": ""fraction""}",results/archives/PAPERB_B9C_REMAINING_AUTHOR_RUN_050926.zip,PAPERB_B9C_REMAINING_AUTHOR_RUN_050926/raw/g5/g5__recovered29__n4p7__all__d7.npz,8e991161f468c5df426cd99034eb7fa549a3ec940785830cf54c86cfb133ae4f
g5,g5__recovered29__n4p7__all__d7,recovered29,4.7,ABS,2498,3802.4168751428824,"{""D"": 10000, ""draw"": 7, ""f"": 29, ""kind"": ""fraction""}",results/archives/PAPERB_B9C_REMAINING_AUTHOR_RUN_050926.zip,PAPERB_B9C_REMAINING_AUTHOR_RUN_050926/raw/g5/g5__recovered29__n4p7__all__d7.npz,8e991161f468c5df426cd99034eb7fa549a3ec940785830cf54c86cfb133ae4f
g5,g5__recovered29__n4p7__all__d7,recovered29,4.7,DIFF,2498,4380.401773331624,"{""D"": 10000, ""draw"": 7, ""f"": 29, ""kind"": ""fraction""}",results/archives/PAPERB_B9C_REMAINING_AUTHOR_RUN_050926.zip,PAPERB_B9C_REMAINING_AUTHOR_RUN_050926/raw/g5/g5__recovered29__n4p7__all__d7.npz,8e991161f468c5df426cd99034eb7fa549a3ec940785830cf54c86cfb133ae4f
g5,g5__recovered29__n4p7__all__d7,recovered29,4.7,Min-Max,2498,4492.338749642115,"{""D"": 10000, ""draw"": 7, ""f"": 29, ""kind"": ""fraction""}",results/archives/PAPERB_B9C_REMAINING_AUTHOR_RUN_050926.zip,PAPERB_B9C_REMAINING_AUTHOR_RUN_050926/raw/g5/g5__recovered29__n4p7__all__d7.npz,8e991161f468c5df426cd99034eb7fa549a3ec940785830cf54c86cfb133ae4f
g5,g5__recovered29__n4p7__top6__d7,recovered29,4.7,WCL,2498,854.1401918439121,"{""D"": 5000, ""draw"": 7, ""k"": 6, ""kind"": ""topk""}",results/archives/PAPERB_B9C_REMAINING_AUTHOR_RUN_050926.zip,PAPERB_B9C_REMAINING_AUTHOR_RUN_050926/raw/g5/g5__recovered29__n4p7__top6__d7.npz,d3cd49a4de2d094aedc3536546c118f5c5ecd17678d56e1750b5e3d1fcb5b39e
g5,g5__recovered29__n4p7__top6__d7,recovered29,4.7,ABS,2498,885.9948598510763,"{""D"": 5000, ""draw"": 7, ""k"": 6, ""kind"": ""topk""}",results/archives/PAPERB_B9C_REMAINING_AUTHOR_RUN_050926.zip,PAPERB_B9C_REMAINING_AUTHOR_RUN_050926/raw/g5/g5__recovered29__n4p7__top6__d7.npz,d3cd49a4de2d094aedc3536546c118f5c5ecd17678d56e1750b5e3d1fcb5b39e
g5,g5__recovered29__n4p7__top6__d7,recovered29,4.7,DIFF,2498,1156.4889368706322,"{""D"": 5000, ""draw"": 7, ""k"": 6, ""kind"": ""topk""}",results/archives/PAPERB_B9C_REMAINING_AUTHOR_RUN_050926.zip,PAPERB_B9C_REMAINING_AUTHOR_RUN_050926/raw/g5/g5__recovered29__n4p7__top6__d7.npz,d3cd49a4de2d094aedc3536546c118f5c5ecd17678d56e1750b5e3d1fcb5b39e
g5,g5__recovered29__n4p7__top6__d7,recovered29,4.7,Min-Max,2498,909.5243269902098,"{""D"": 5000, ""draw"": 7, ""k"": 6, ""kind"": ""topk""}",results/archives/PAPERB_B9C_REMAINING_AUTHOR_RUN_050926.zip,PAPERB_B9C_REMAINING_AUTHOR_RUN_050926/raw/g5/g5__recovered29__n4p7__top6__d7.npz,d3cd49a4de2d094aedc3536546c118f5c5ecd17678d56e1750b5e3d1fcb5b39e
g5,g5__recovered29__n4p7__top7__d7,recovered29,4.7,WCL,2498,1958.8523692478332,"{""D"": 5000, ""draw"": 7, ""k"": 7, ""kind"": ""topk""}",results/archives/PAPERB_B9C_REMAINING_AUTHOR_RUN_050926.zip,PAPERB_B9C_REMAINING_AUTHOR_RUN_050926/raw/g5/g5__recovered29__n4p7__top7__d7.npz,49b1cb42db84553577e45dac41bbc28e96089bdee1e374cc35f6eb54b4ec8d65
g5,g5__recovered29__n4p7__top7__d7,recovered29,4.7,ABS,2498,1187.0315927191527,"{""D"": 5000, ""draw"": 7, ""k"": 7, ""kind"": ""topk""}",results/archives/PAPERB_B9C_REMAINING_AUTHOR_RUN_050926.zip,PAPERB_B9C_REMAINING_AUTHOR_RUN_050926/raw/g5/g5__recovered29__n4p7__top7__d7.npz,49b1cb42db84553577e45dac41bbc28e96089bdee1e374cc35f6eb54b4ec8d65
g5,g5__recovered29__n4p7__top7__d7,recovered29,4.7,DIFF,2498,1536.04458244525,"{""D"": 5000, ""draw"": 7, ""k"": 7, ""kind"": ""topk""}",results/archives/PAPERB_B9C_REMAINING_AUTHOR_RUN_050926.zip,PAPERB_B9C_REMAINING_AUTHOR_RUN_050926/raw/g5/g5__recovered29__n4p7__top7__d7.npz,49b1cb42db84553577e45dac41bbc28e96089bdee1e374cc35f6eb54b4ec8d65
g5,g5__recovered29__n4p7__top7__d7,recovered29,4.7,Min-Max,2498,1550.4646063789255,"{""D"": 5000, ""draw"": 7, ""k"": 7, ""kind"": ""topk""}",results/archives/PAPERB_B9C_REMAINING_AUTHOR_RUN_050926.zip,PAPERB_B9C_REMAINING_AUTHOR_RUN_050926/raw/g5/g5__recovered29__n4p7__top7__d7.npz,49b1cb42db84553577e45dac41bbc28e96089bdee1e374cc35f6eb54b4ec8d65
g5,g5__recovered29__n4p7__legacy_iso__d7,recovered29,4.7,WCL,2498,720.6679737385655,"{""kind"": ""legacy_iso"", ""seed"": 4841}",results/archives/PAPERB_B9C_REMAINING_AUTHOR_RUN_050926.zip,PAPERB_B9C_REMAINING_AUTHOR_RUN_050926/raw/g5/g5__recovered29__n4p7__legacy_iso__d7.npz,210a04b697ea2bea8d9b8b9e53b7dac56621e8fa03cc951e1819647328b35c44
g5,g5__recovered29__n4p7__legacy_iso__d7,recovered29,4.7,ABS,2498,730.7948611543109,"{""kind"": ""legacy_iso"", ""seed"": 4841}",results/archives/PAPERB_B9C_REMAINING_AUTHOR_RUN_050926.zip,PAPERB_B9C_REMAINING_AUTHOR_RUN_050926/raw/g5/g5__recovered29__n4p7__legacy_iso__d7.npz,210a04b697ea2bea8d9b8b9e53b7dac56621e8fa03cc951e1819647328b35c44
g5,g5__recovered29__n4p7__legacy_iso__d7,recovered29,4.7,DIFF,2498,1282.9929975529444,"{""kind"": ""legacy_iso"", ""seed"": 4841}",results/archives/PAPERB_B9C_REMAINING_AUTHOR_RUN_050926.zip,PAPERB_B9C_REMAINING_AUTHOR_RUN_050926/raw/g5/g5__recovered29__n4p7__legacy_iso__d7.npz,210a04b697ea2bea8d9b8b9e53b7dac56621e8fa03cc951e1819647328b35c44
g5,g5__recovered29__n4p7__legacy_iso__d7,recovered29,4.7,Min-Max,2498,532.4285545744765,"{""kind"": ""legacy_iso"", ""seed"": 4841}",results/archives/PAPERB_B9C_REMAINING_AUTHOR_RUN_050926.zip,PAPERB_B9C_REMAINING_AUTHOR_RUN_050926/raw/g5/g5__recovered29__n4p7__legacy_iso__d7.npz,210a04b697ea2bea8d9b8b9e53b7dac56621e8fa03cc951e1819647328b35c44
g5,g5__recovered29__n4p7__op_iso__d7,recovered29,4.7,WCL,2498,692.6182750267762,"{""kind"": ""opcenter_exact_iso"", ""seed"": 7841}",results/archives/PAPERB_B9C_REMAINING_AUTHOR_RUN_050926.zip,PAPERB_B9C_REMAINING_AUTHOR_RUN_050926/raw/g5/g5__recovered29__n4p7__op_iso__d7.npz,5d249e9cebb3f01cf4dbb8828e6a6c82b0c9bedca52c2f5c9e849c980c9dd4f7
g5,g5__recovered29__n4p7__op_iso__d7,recovered29,4.7,ABS,2498,663.5029366630574,"{""kind"": ""opcenter_exact_iso"", ""seed"": 7841}",results/archives/PAPERB_B9C_REMAINING_AUTHOR_RUN_050926.zip,PAPERB_B9C_REMAINING_AUTHOR_RUN_050926/raw/g5/g5__recovered29__n4p7__op_iso__d7.npz,5d249e9cebb3f01cf4dbb8828e6a6c82b0c9bedca52c2f5c9e849c980c9dd4f7
g5,g5__recovered29__n4p7__op_iso__d7,recovered29,4.7,DIFF,2498,1059.3797654481393,"{""kind"": ""opcenter_exact_iso"", ""seed"": 7841}",results/archives/PAPERB_B9C_REMAINING_AUTHOR_RUN_050926.zip,PAPERB_B9C_REMAINING_AUTHOR_RUN_050926/raw/g5/g5__recovered29__n4p7__op_iso__d7.npz,5d249e9cebb3f01cf4dbb8828e6a6c82b0c9bedca52c2f5c9e849c980c9dd4f7
g5,g5__recovered29__n4p7__op_iso__d7,recovered29,4.7,Min-Max,2498,492.0246747905562,"{""kind"": ""opcenter_exact_iso"", ""seed"": 7841}",results/archives/PAPERB_B9C_REMAINING_AUTHOR_RUN_050926.zip,PAPERB_B9C_REMAINING_AUTHOR_RUN_050926/raw/g5/g5__recovered29__n4p7__op_iso__d7.npz,5d249e9cebb3f01cf4dbb8828e6a6c82b0c9bedca52c2f5c9e849c980c9dd4f7
g5,g5__recovered29__n4p7__legacy_rot,recovered29,4.7,WCL,2498,895.2634410290896,"{""deg"": 5.0, ""kind"": ""legacy_rotation""}",results/archives/PAPERB_B9C_REMAINING_AUTHOR_RUN_050926.zip,PAPERB_B9C_REMAINING_AUTHOR_RUN_050926/raw/g5/g5__recovered29__n4p7__legacy_rot.npz,8927e0f4d334ca26f69e2266b04400774fcf4c394cc7b097255dbf1fbbdc2979
g5,g5__recovered29__n4p7__legacy_rot,recovered29,4.7,ABS,2498,811.6151073791002,"{""deg"": 5.0, ""kind"": ""legacy_rotation""}",results/archives/PAPERB_B9C_REMAINING_AUTHOR_RUN_050926.zip,PAPERB_B9C_REMAINING_AUTHOR_RUN_050926/raw/g5/g5__recovered29__n4p7__legacy_rot.npz,8927e0f4d334ca26f69e2266b04400774fcf4c394cc7b097255dbf1fbbdc2979
g5,g5__recovered29__n4p7__legacy_rot,recovered29,4.7,DIFF,2498,1077.964347092804,"{""deg"": 5.0, ""kind"": ""legacy_rotation""}",results/archives/PAPERB_B9C_REMAINING_AUTHOR_RUN_050926.zip,PAPERB_B9C_REMAINING_AUTHOR_RUN_050926/raw/g5/g5__recovered29__n4p7__legacy_rot.npz,8927e0f4d334ca26f69e2266b04400774fcf4c394cc7b097255dbf1fbbdc2979
g5,g5__recovered29__n4p7__legacy_rot,recovered29,4.7,Min-Max,2498,623.2348961292362,"{""deg"": 5.0, ""kind"": ""legacy_rotation""}",results/archives/PAPERB_B9C_REMAINING_AUTHOR_RUN_050926.zip,PAPERB_B9C_REMAINING_AUTHOR_RUN_050926/raw/g5/g5__recovered29__n4p7__legacy_rot.npz,8927e0f4d334ca26f69e2266b04400774fcf4c394cc7b097255dbf1fbbdc2979
g5,g5__recovered29__n4p7__op_rot,recovered29,4.7,WCL,2498,671.560814219227,"{""deg"": 5.0, ""kind"": ""opcenter_rotation""}",results/archives/PAPERB_B9C_REMAINING_AUTHOR_RUN_050926.zip,PAPERB_B9C_REMAINING_AUTHOR_RUN_050926/raw/g5/g5__recovered29__n4p7__op_rot.npz,e2f904debcd25acdc1cf74bdc7f2fd7989561fd0a6cbeeec010ab435a9a189e6
g5,g5__recovered29__n4p7__op_rot,recovered29,4.7,ABS,2498,693.9341492061328,"{""deg"": 5.0, ""kind"": ""opcenter_rotation""}",results/archives/PAPERB_B9C_REMAINING_AUTHOR_RUN_050926.zip,PAPERB_B9C_REMAINING_AUTHOR_RUN_050926/raw/g5/g5__recovered29__n4p7__op_rot.npz,e2f904debcd25acdc1cf74bdc7f2fd7989561fd0a6cbeeec010ab435a9a189e6
g5,g5__recovered29__n4p7__op_rot,recovered29,4.7,DIFF,2498,1077.808608727102,"{""deg"": 5.0, ""kind"": ""opcenter_rotation""}",results/archives/PAPERB_B9C_REMAINING_AUTHOR_RUN_050926.zip,PAPERB_B9C_REMAINING_AUTHOR_RUN_050926/raw/g5/g5__recovered29__n4p7__op_rot.npz,e2f904debcd25acdc1cf74bdc7f2fd7989561fd0a6cbeeec010ab435a9a189e6
g5,g5__recovered29__n4p7__op_rot,recovered29,4.7,Min-Max,2498,496.3337377813088,"{""deg"": 5.0, ""kind"": ""opcenter_rotation""}",results/archives/PAPERB_B9C_REMAINING_AUTHOR_RUN_050926.zip,PAPERB_B9C_REMAINING_AUTHOR_RUN_050926/raw/g5/g5__recovered29__n4p7__op_rot.npz,e2f904debcd25acdc1cf74bdc7f2fd7989561fd0a6cbeeec010ab435a9a189e6
g5,g5__recovered29__n6p0__ref,recovered29,6.0,WCL,2498,611.0230442357513,"{""kind"": ""reference""}",results/archives/PAPERB_B9C_REMAINING_AUTHOR_RUN_050926.zip,PAPERB_B9C_REMAINING_AUTHOR_RUN_050926/raw/g5/g5__recovered29__n6p0__ref.npz,b19dec5aae0dd273a3af467b0652a804710783ad98bb2afe8b4a166094881892
g5,g5__recovered29__n6p0__ref,recovered29,6.0,ABS,2498,640.8406079156141,"{""kind"": ""reference""}",results/archives/PAPERB_B9C_REMAINING_AUTHOR_RUN_050926.zip,PAPERB_B9C_REMAINING_AUTHOR_RUN_050926/raw/g5/g5__recovered29__n6p0__ref.npz,b19dec5aae0dd273a3af467b0652a804710783ad98bb2afe8b4a166094881892
g5,g5__recovered29__n6p0__ref,recovered29,6.0,DIFF,2498,939.4577557679286,"{""kind"": ""reference""}",results/archives/PAPERB_B9C_REMAINING_AUTHOR_RUN_050926.zip,PAPERB_B9C_REMAINING_AUTHOR_RUN_050926/raw/g5/g5__recovered29__n6p0__ref.npz,b19dec5aae0dd273a3af467b0652a804710783ad98bb2afe8b4a166094881892
g5,g5__recovered29__n6p0__ref,recovered29,6.0,Min-Max,2498,462.1034699722252,"{""kind"": ""reference""}",results/archives/PAPERB_B9C_REMAINING_AUTHOR_RUN_050926.zip,PAPERB_B9C_REMAINING_AUTHOR_RUN_050926/raw/g5/g5__recovered29__n6p0__ref.npz,b19dec5aae0dd273a3af467b0652a804710783ad98bb2afe8b4a166094881892
g5,g5__recovered29__n6p0__one__d0,recovered29,6.0,WCL,2498,612.857518443847,"{""D"": 10000, ""draw"": 0, ""f"": 1, ""kind"": ""fraction""}",results/archives/PAPERB_B9C_REMAINING_AUTHOR_RUN_050926.zip,PAPERB_B9C_REMAINING_AUTHOR_RUN_050926/raw/g5/g5__recovered29__n6p0__one__d0.npz,b9b8a08516c86a13fa44b255ff4d049f8eadb943a10a68b77c3ae42cfc56cd78
g5,g5__recovered29__n6p0__one__d0,recovered29,6.0,ABS,2498,641.5563676267374,"{""D"": 10000, ""draw"": 0, ""f"": 1, ""kind"": ""fraction""}",results/archives/PAPERB_B9C_REMAINING_AUTHOR_RUN_050926.zip,PAPERB_B9C_REMAINING_AUTHOR_RUN_050926/raw/g5/g5__recovered29__n6p0__one__d0.npz,b9b8a08516c86a13fa44b255ff4d049f8eadb943a10a68b77c3ae42cfc56cd78
g5,g5__recovered29__n6p0__one__d0,recovered29,6.0,DIFF,2498,943.5063514214205,"{""D"": 10000, ""draw"": 0, ""f"": 1, ""kind"": ""fraction""}",results/archives/PAPERB_B9C_REMAINING_AUTHOR_RUN_050926.zip,PAPERB_B9C_REMAINING_AUTHOR_RUN_050926/raw/g5/g5__recovered29__n6p0__one__d0.npz,b9b8a08516c86a13fa44b255ff4d049f8eadb943a10a68b77c3ae42cfc56cd78
g5,g5__recovered29__n6p0__one__d0,recovered29,6.0,Min-Max,2498,458.668571527332,"{""D"": 10000, ""draw"": 0, ""f"": 1, ""kind"": ""fraction""}",results/archives/PAPERB_B9C_REMAINING_AUTHOR_RUN_050926.zip,PAPERB_B9C_REMAINING_AUTHOR_RUN_050926/raw/g5/g5__recovered29__n6p0__one__d0.npz,b9b8a08516c86a13fa44b255ff4d049f8eadb943a10a68b77c3ae42cfc56cd78
g5,g5__recovered29__n6p0__all__d0,recovered29,6.0,WCL,2498,5197.608594079864,"{""D"": 10000, ""draw"": 0, ""f"": 29, ""kind"": ""fraction""}",results/archives/PAPERB_B9C_REMAINING_AUTHOR_RUN_050926.zip,PAPERB_B9C_REMAINING_AUTHOR_RUN_050926/raw/g5/g5__recovered29__n6p0__all__d0.npz,6b3a1188e939029fa97d5de13969efda88f7e1be97d6dba7ef8120627a398224
g5,g5__recovered29__n6p0__all__d0,recovered29,6.0,ABS,2498,2397.173450395414,"{""D"": 10000, ""draw"": 0, ""f"": 29, ""kind"": ""fraction""}",results/archives/PAPERB_B9C_REMAINING_AUTHOR_RUN_050926.zip,PAPERB_B9C_REMAINING_AUTHOR_RUN_050926/raw/g5/g5__recovered29__n6p0__all__d0.npz,6b3a1188e939029fa97d5de13969efda88f7e1be97d6dba7ef8120627a398224
g5,g5__recovered29__n6p0__all__d0,recovered29,6.0,DIFF,2498,2771.817161264959,"{""D"": 10000, ""draw"": 0, ""f"": 29, ""kind"": ""fraction""}",results/archives/PAPERB_B9C_REMAINING_AUTHOR_RUN_050926.zip,PAPERB_B9C_REMAINING_AUTHOR_RUN_050926/raw/g5/g5__recovered29__n6p0__all__d0.npz,6b3a1188e939029fa97d5de13969efda88f7e1be97d6dba7ef8120627a398224
g5,g5__recovered29__n6p0__all__d0,recovered29,6.0,Min-Max,2498,2474.38899250052,"{""D"": 10000, ""draw"": 0, ""f"": 29, ""kind"": ""fraction""}",results/archives/PAPERB_B9C_REMAINING_AUTHOR_RUN_050926.zip,PAPERB_B9C_REMAINING_AUTHOR_RUN_050926/raw/g5/g5__recovered29__n6p0__all__d0.npz,6b3a1188e939029fa97d5de13969efda88f7e1be97d6dba7ef8120627a398224
g5,g5__recovered29__n6p0__top6__d0,recovered29,6.0,WCL,2498,913.3079255097871,"{""D"": 5000, ""draw"": 0, ""k"": 6, ""kind"": ""topk""}",results/archives/PAPERB_B9C_REMAINING_AUTHOR_RUN_050926.zip,PAPERB_B9C_REMAINING_AUTHOR_RUN_050926/raw/g5/g5__recovered29__n6p0__top6__d0.npz,5b7d2ad87f1c27404c5cdaa133803f7c6c1833b8edba57f4ff37da5644ce2237
g5,g5__recovered29__n6p0__top6__d0,recovered29,6.0,ABS,2498,858.6830374317724,"{""D"": 5000, ""draw"": 0, ""k"": 6, ""kind"": ""topk""}",results/archives/PAPERB_B9C_REMAINING_AUTHOR_RUN_050926.zip,PAPERB_B9C_REMAINING_AUTHOR_RUN_050926/raw/g5/g5__recovered29__n6p0__top6__d0.npz,5b7d2ad87f1c27404c5cdaa133803f7c6c1833b8edba57f4ff37da5644ce2237
g5,g5__recovered29__n6p0__top6__d0,recovered29,6.0,DIFF,2498,1098.8640197891032,"{""D"": 5000, ""draw"": 0, ""k"": 6, ""kind"": ""topk""}",results/archives/PAPERB_B9C_REMAINING_AUTHOR_RUN_050926.zip,PAPERB_B9C_REMAINING_AUTHOR_RUN_050926/raw/g5/g5__recovered29__n6p0__top6__d0.npz,5b7d2ad87f1c27404c5cdaa133803f7c6c1833b8edba57f4ff37da5644ce2237
g5,g5__recovered29__n6p0__top6__d0,recovered29,6.0,Min-Max,2498,785.0703235933429,"{""D"": 5000, ""draw"": 0, ""k"": 6, ""kind"": ""topk""}",results/archives/PAPERB_B9C_REMAINING_AUTHOR_RUN_050926.zip,PAPERB_B9C_REMAINING_AUTHOR_RUN_050926/raw/g5/g5__recovered29__n6p0__top6__d0.npz,5b7d2ad87f1c27404c5cdaa133803f7c6c1833b8edba57f4ff37da5644ce2237
g5,g5__recovered29__n6p0__top7__d0,recovered29,6.0,WCL,2498,2286.7746976707076,"{""D"": 5000, ""draw"": 0, ""k"": 7, ""kind"": ""topk""}",results/archives/PAPERB_B9C_REMAINING_AUTHOR_RUN_050926.zip,PAPERB_B9C_REMAINING_AUTHOR_RUN_050926/raw/g5/g5__recovered29__n6p0__top7__d0.npz,e36a0141426ccb5c7d2c67669421539448921291918f0874106958fa07843ad3
g5,g5__recovered29__n6p0__top7__d0,recovered29,6.0,ABS,2498,941.8712790182656,"{""D"": 5000, ""draw"": 0, ""k"": 7, ""kind"": ""topk""}",results/archives/PAPERB_B9C_REMAINING_AUTHOR_RUN_050926.zip,PAPERB_B9C_REMAINING_AUTHOR_RUN_050926/raw/g5/g5__recovered29__n6p0__top7__d0.npz,e36a0141426ccb5c7d2c67669421539448921291918f0874106958fa07843ad3
g5,g5__recovered29__n6p0__top7__d0,recovered29,6.0,DIFF,2498,1295.735048629112,"{""D"": 5000, ""draw"": 0, ""k"": 7, ""kind"": ""topk""}",results/archives/PAPERB_B9C_REMAINING_AUTHOR_RUN_050926.zip,PAPERB_B9C_REMAINING_AUTHOR_RUN_050926/raw/g5/g5__recovered29__n6p0__top7__d0.npz,e36a0141426ccb5c7d2c67669421539448921291918f0874106958fa07843ad3
g5,g5__recovered29__n6p0__top7__d0,recovered29,6.0,Min-Max,2498,1597.193604016998,"{""D"": 5000, ""draw"": 0, ""k"": 7, ""kind"": ""topk""}",results/archives/PAPERB_B9C_REMAINING_AUTHOR_RUN_050926.zip,PAPERB_B9C_REMAINING_AUTHOR_RUN_050926/raw/g5/g5__recovered29__n6p0__top7__d0.npz,e36a0141426ccb5c7d2c67669421539448921291918f0874106958fa07843ad3
g5,g5__recovered29__n6p0__legacy_iso__d0,recovered29,6.0,WCL,2498,736.8460988518988,"{""kind"": ""legacy_iso"", ""seed"": 4750}",results/archives/PAPERB_B9C_REMAINING_AUTHOR_RUN_050926.zip,PAPERB_B9C_REMAINING_AUTHOR_RUN_050926/raw/g5/g5__recovered29__n6p0__legacy_iso__d0.npz,966335313d2eaff8508f9bfcc2c0b817a223bfb932b44954591efc3d82c4c186
g5,g5__recovered29__n6p0__legacy_iso__d0,recovered29,6.0,ABS,2498,695.7099095375902,"{""kind"": ""legacy_iso"", ""seed"": 4750}",results/archives/PAPERB_B9C_REMAINING_AUTHOR_RUN_050926.zip,PAPERB_B9C_REMAINING_AUTHOR_RUN_050926/raw/g5/g5__recovered29__n6p0__legacy_iso__d0.npz,966335313d2eaff8508f9bfcc2c0b817a223bfb932b44954591efc3d82c4c186
g5,g5__recovered29__n6p0__legacy_iso__d0,recovered29,6.0,DIFF,2498,1176.5664158334132,"{""kind"": ""legacy_iso"", ""seed"": 4750}",results/archives/PAPERB_B9C_REMAINING_AUTHOR_RUN_050926.zip,PAPERB_B9C_REMAINING_AUTHOR_RUN_050926/raw/g5/g5__recovered29__n6p0__legacy_iso__d0.npz,966335313d2eaff8508f9bfcc2c0b817a223bfb932b44954591efc3d82c4c186
g5,g5__recovered29__n6p0__legacy_iso__d0,recovered29,6.0,Min-Max,2498,502.99071336947,"{""kind"": ""legacy_iso"", ""seed"": 4750}",results/archives/PAPERB_B9C_REMAINING_AUTHOR_RUN_050926.zip,PAPERB_B9C_REMAINING_AUTHOR_RUN_050926/raw/g5/g5__recovered29__n6p0__legacy_iso__d0.npz,966335313d2eaff8508f9bfcc2c0b817a223bfb932b44954591efc3d82c4c186
g5,g5__recovered29__n6p0__op_iso__d0,recovered29,6.0,WCL,2498,652.2396974316946,"{""kind"": ""opcenter_exact_iso"", ""seed"": 7750}",results/archives/PAPERB_B9C_REMAINING_AUTHOR_RUN_050926.zip,PAPERB_B9C_REMAINING_AUTHOR_RUN_050926/raw/g5/g5__recovered29__n6p0__op_iso__d0.npz,c9ceefeaa85f2a62943cafc819cde5b746c1a7d4dfa575d91913ae744342330a
g5,g5__recovered29__n6p0__op_iso__d0,recovered29,6.0,ABS,2498,643.4319607096996,"{""kind"": ""opcenter_exact_iso"", ""seed"": 7750}",results/archives/PAPERB_B9C_REMAINING_AUTHOR_RUN_050926.zip,PAPERB_B9C_REMAINING_AUTHOR_RUN_050926/raw/g5/g5__recovered29__n6p0__op_iso__d0.npz,c9ceefeaa85f2a62943cafc819cde5b746c1a7d4dfa575d91913ae744342330a
g5,g5__recovered29__n6p0__op_iso__d0,recovered29,6.0,DIFF,2498,1016.5005480759596,"{""kind"": ""opcenter_exact_iso"", ""seed"": 7750}",results/archives/PAPERB_B9C_REMAINING_AUTHOR_RUN_050926.zip,PAPERB_B9C_REMAINING_AUTHOR_RUN_050926/raw/g5/g5__recovered29__n6p0__op_iso__d0.npz,c9ceefeaa85f2a62943cafc819cde5b746c1a7d4dfa575d91913ae744342330a
g5,g5__recovered29__n6p0__op_iso__d0,recovered29,6.0,Min-Max,2498,466.0995747179435,"{""kind"": ""opcenter_exact_iso"", ""seed"": 7750}",results/archives/PAPERB_B9C_REMAINING_AUTHOR_RUN_050926.zip,PAPERB_B9C_REMAINING_AUTHOR_RUN_050926/raw/g5/g5__recovered29__n6p0__op_iso__d0.npz,c9ceefeaa85f2a62943cafc819cde5b746c1a7d4dfa575d91913ae744342330a
g5,g5__recovered29__n6p0__one__d1,recovered29,6.0,WCL,2498,611.0230442357513,"{""D"": 10000, ""draw"": 1, ""f"": 1, ""kind"": ""fraction""}",results/archives/PAPERB_B9C_REMAINING_AUTHOR_RUN_050926.zip,PAPERB_B9C_REMAINING_AUTHOR_RUN_050926/raw/g5/g5__recovered29__n6p0__one__d1.npz,bbc78295032479868045a1179c6accdb228772c5134cf0b8e10b9b5b280a161a
g5,g5__recovered29__n6p0__one__d1,recovered29,6.0,ABS,2498,640.8405390848396,"{""D"": 10000, ""draw"": 1, ""f"": 1, ""kind"": ""fraction""}",results/archives/PAPERB_B9C_REMAINING_AUTHOR_RUN_050926.zip,PAPERB_B9C_REMAINING_AUTHOR_RUN_050926/raw/g5/g5__recovered29__n6p0__one__d1.npz,bbc78295032479868045a1179c6accdb228772c5134cf0b8e10b9b5b280a161a
g5,g5__recovered29__n6p0__one__d1,recovered29,6.0,DIFF,2498,936.7590280286781,"{""D"": 10000, ""draw"": 1, ""f"": 1, ""kind"": ""fraction""}",results/archives/PAPERB_B9C_REMAINING_AUTHOR_RUN_050926.zip,PAPERB_B9C_REMAINING_AUTHOR_RUN_050926/raw/g5/g5__recovered29__n6p0__one__d1.npz,bbc78295032479868045a1179c6accdb228772c5134cf0b8e10b9b5b280a161a
g5,g5__recovered29__n6p0__one__d1,recovered29,6.0,Min-Max,2498,458.668571527332,"{""D"": 10000, ""draw"": 1, ""f"": 1, ""kind"": ""fraction""}",results/archives/PAPERB_B9C_REMAINING_AUTHOR_RUN_050926.zip,PAPERB_B9C_REMAINING_AUTHOR_RUN_050926/raw/g5/g5__recovered29__n6p0__one__d1.npz,bbc78295032479868045a1179c6accdb228772c5134cf0b8e10b9b5b280a161a
g5,g5__recovered29__n6p0__all__d1,recovered29,6.0,WCL,2498,5273.882714136304,"{""D"": 10000, ""draw"": 1, ""f"": 29, ""kind"": ""fraction""}",results/archives/PAPERB_B9C_REMAINING_AUTHOR_RUN_050926.zip,PAPERB_B9C_REMAINING_AUTHOR_RUN_050926/raw/g5/g5__recovered29__n6p0__all__d1.npz,387c574313f2c19f2f909327c82035b4f6d5b2b1262ab56bdd834cd2f3f0a811
g5,g5__recovered29__n6p0__all__d1,recovered29,6.0,ABS,2498,2399.858754287907,"{""D"": 10000, ""draw"": 1, ""f"": 29, ""kind"": ""fraction""}",results/archives/PAPERB_B9C_REMAINING_AUTHOR_RUN_050926.zip,PAPERB_B9C_REMAINING_AUTHOR_RUN_050926/raw/g5/g5__recovered29__n6p0__all__d1.npz,387c574313f2c19f2f909327c82035b4f6d5b2b1262ab56bdd834cd2f3f0a811
g5,g5__recovered29__n6p0__all__d1,recovered29,6.0,DIFF,2498,2612.8731348711776,"{""D"": 10000, ""draw"": 1, ""f"": 29, ""kind"": ""fraction""}",results/archives/PAPERB_B9C_REMAINING_AUTHOR_RUN_050926.zip,PAPERB_B9C_REMAINING_AUTHOR_RUN_050926/raw/g5/g5__recovered29__n6p0__all__d1.npz,387c574313f2c19f2f909327c82035b4f6d5b2b1262ab56bdd834cd2f3f0a811
g5,g5__recovered29__n6p0__all__d1,recovered29,6.0,Min-Max,2498,2355.3742713837373,"{""D"": 10000, ""draw"": 1, ""f"": 29, ""kind"": ""fraction""}",results/archives/PAPERB_B9C_REMAINING_AUTHOR_RUN_050926.zip,PAPERB_B9C_REMAINING_AUTHOR_RUN_050926/raw/g5/g5__recovered29__n6p0__all__d1.npz,387c574313f2c19f2f909327c82035b4f6d5b2b1262ab56bdd834cd2f3f0a811
g5,g5__recovered29__n6p0__top6__d1,recovered29,6.0,WCL,2498,884.9024869075977,"{""D"": 5000, ""draw"": 1, ""k"": 6, ""kind"": ""topk""}",results/archives/PAPERB_B9C_REMAINING_AUTHOR_RUN_050926.zip,PAPERB_B9C_REMAINING_AUTHOR_RUN_050926/raw/g5/g5__recovered29__n6p0__top6__d1.npz,46fe9edb79c845d76615e7988f7bb5b0819ae8edc8066a449cc7ff975e0327e7
g5,g5__recovered29__n6p0__top6__d1,recovered29,6.0,ABS,2498,709.0601779379759,"{""D"": 5000, ""draw"": 1, ""k"": 6, ""kind"": ""topk""}",results/archives/PAPERB_B9C_REMAINING_AUTHOR_RUN_050926.zip,PAPERB_B9C_REMAINING_AUTHOR_RUN_050926/raw/g5/g5__recovered29__n6p0__top6__d1.npz,46fe9edb79c845d76615e7988f7bb5b0819ae8edc8066a449cc7ff975e0327e7
g5,g5__recovered29__n6p0__top6__d1,recovered29,6.0,DIFF,2498,1073.1690845500052,"{""D"": 5000, ""draw"": 1, ""k"": 6, ""kind"": ""topk""}",results/archives/PAPERB_B9C_REMAINING_AUTHOR_RUN_050926.zip,PAPERB_B9C_REMAINING_AUTHOR_RUN_050926/raw/g5/g5__recovered29__n6p0__top6__d1.npz,46fe9edb79c845d76615e7988f7bb5b0819ae8edc8066a449cc7ff975e0327e7
g5,g5__recovered29__n6p0__top6__d1,recovered29,6.0,Min-Max,2498,894.4690339355212,"{""D"": 5000, ""draw"": 1, ""k"": 6, ""kind"": ""topk""}",results/archives/PAPERB_B9C_REMAINING_AUTHOR_RUN_050926.zip,PAPERB_B9C_REMAINING_AUTHOR_RUN_050926/raw/g5/g5__recovered29__n6p0__top6__d1.npz,46fe9edb79c845d76615e7988f7bb5b0819ae8edc8066a449cc7ff975e0327e7
g5,g5__recovered29__n6p0__top7__d1,recovered29,6.0,WCL,2498,2075.5708075584976,"{""D"": 5000, ""draw"": 1, ""k"": 7, ""kind"": ""topk""}",results/archives/PAPERB_B9C_REMAINING_AUTHOR_RUN_050926.zip,PAPERB_B9C_REMAINING_AUTHOR_RUN_050926/raw/g5/g5__recovered29__n6p0__top7__d1.npz,1740635a97ec3958dca356c4125ce1e3a199e1156a5668932745a3aa2f0c3b7b
g5,g5__recovered29__n6p0__top7__d1,recovered29,6.0,ABS,2498,921.3969131865488,"{""D"": 5000, ""draw"": 1, ""k"": 7, ""kind"": ""topk""}",results/archives/PAPERB_B9C_REMAINING_AUTHOR_RUN_050926.zip,PAPERB_B9C_REMAINING_AUTHOR_RUN_050926/raw/g5/g5__recovered29__n6p0__top7__d1.npz,1740635a97ec3958dca356c4125ce1e3a199e1156a5668932745a3aa2f0c3b7b
g5,g5__recovered29__n6p0__top7__d1,recovered29,6.0,DIFF,2498,1395.3968428472963,"{""D"": 5000, ""draw"": 1, ""k"": 7, ""kind"": ""topk""}",results/archives/PAPERB_B9C_REMAINING_AUTHOR_RUN_050926.zip,PAPERB_B9C_REMAINING_AUTHOR_RUN_050926/raw/g5/g5__recovered29__n6p0__top7__d1.npz,1740635a97ec3958dca356c4125ce1e3a199e1156a5668932745a3aa2f0c3b7b
g5,g5__recovered29__n6p0__top7__d1,recovered29,6.0,Min-Max,2498,1947.6626815499515,"{""D"": 5000, ""draw"": 1, ""k"": 7, ""kind"": ""topk""}",results/archives/PAPERB_B9C_REMAINING_AUTHOR_RUN_050926.zip,PAPERB_B9C_REMAINING_AUTHOR_RUN_050926/raw/g5/g5__recovered29__n6p0__top7__d1.npz,1740635a97ec3958dca356c4125ce1e3a199e1156a5668932745a3aa2f0c3b7b
g5,g5__recovered29__n6p0__legacy_iso__d1,recovered29,6.0,WCL,2498,775.9630920000836,"{""kind"": ""legacy_iso"", ""seed"": 4763}",results/archives/PAPERB_B9C_REMAINING_AUTHOR_RUN_050926.zip,PAPERB_B9C_REMAINING_AUTHOR_RUN_050926/raw/g5/g5__recovered29__n6p0__legacy_iso__d1.npz,80198e88db4a9f0ce2daf691f614fbe32f7bd3ecabd113ab2030277e3f479a97
g5,g5__recovered29__n6p0__legacy_iso__d1,recovered29,6.0,ABS,2498,666.9695124124335,"{""kind"": ""legacy_iso"", ""seed"": 4763}",results/archives/PAPERB_B9C_REMAINING_AUTHOR_RUN_050926.zip,PAPERB_B9C_REMAINING_AUTHOR_RUN_050926/raw/g5/g5__recovered29__n6p0__legacy_iso__d1.npz,80198e88db4a9f0ce2daf691f614fbe32f7bd3ecabd113ab2030277e3f479a97
g5,g5__recovered29__n6p0__legacy_iso__d1,recovered29,6.0,DIFF,2498,1321.5110621899482,"{""kind"": ""legacy_iso"", ""seed"": 4763}",results/archives/PAPERB_B9C_REMAINING_AUTHOR_RUN_050926.zip,PAPERB_B9C_REMAINING_AUTHOR_RUN_050926/raw/g5/g5__recovered29__n6p0__legacy_iso__d1.npz,80198e88db4a9f0ce2daf691f614fbe32f7bd3ecabd113ab2030277e3f479a97
g5,g5__recovered29__n6p0__legacy_iso__d1,recovered29,6.0,Min-Max,2498,492.40873702752754,"{""kind"": ""legacy_iso"", ""seed"": 4763}",results/archives/PAPERB_B9C_REMAINING_AUTHOR_RUN_050926.zip,PAPERB_B9C_REMAINING_AUTHOR_RUN_050926/raw/g5/g5__recovered29__n6p0__legacy_iso__d1.npz,80198e88db4a9f0ce2daf691f614fbe32f7bd3ecabd113ab2030277e3f479a97
g5,g5__recovered29__n6p0__op_iso__d1,recovered29,6.0,WCL,2498,618.9897292837322,"{""kind"": ""opcenter_exact_iso"", ""seed"": 7763}",results/archives/PAPERB_B9C_REMAINING_AUTHOR_RUN_050926.zip,PAPERB_B9C_REMAINING_AUTHOR_RUN_050926/raw/g5/g5__recovered29__n6p0__op_iso__d1.npz,aabdadfca553db0d56641f1681d98dee0649eca32bd6b92bc9c3e89eb06a3e92
g5,g5__recovered29__n6p0__op_iso__d1,recovered29,6.0,ABS,2498,620.8005083738822,"{""kind"": ""opcenter_exact_iso"", ""seed"": 7763}",results/archives/PAPERB_B9C_REMAINING_AUTHOR_RUN_050926.zip,PAPERB_B9C_REMAINING_AUTHOR_RUN_050926/raw/g5/g5__recovered29__n6p0__op_iso__d1.npz,aabdadfca553db0d56641f1681d98dee0649eca32bd6b92bc9c3e89eb06a3e92
g5,g5__recovered29__n6p0__op_iso__d1,recovered29,6.0,DIFF,2498,914.7239519300845,"{""kind"": ""opcenter_exact_iso"", ""seed"": 7763}",results/archives/PAPERB_B9C_REMAINING_AUTHOR_RUN_050926.zip,PAPERB_B9C_REMAINING_AUTHOR_RUN_050926/raw/g5/g5__recovered29__n6p0__op_iso__d1.npz,aabdadfca553db0d56641f1681d98dee0649eca32bd6b92bc9c3e89eb06a3e92
g5,g5__recovered29__n6p0__op_iso__d1,recovered29,6.0,Min-Max,2498,467.6884751714486,"{""kind"": ""opcenter_exact_iso"", ""seed"": 7763}",results/archives/PAPERB_B9C_REMAINING_AUTHOR_RUN_050926.zip,PAPERB_B9C_REMAINING_AUTHOR_RUN_050926/raw/g5/g5__recovered29__n6p0__op_iso__d1.npz,aabdadfca553db0d56641f1681d98dee0649eca32bd6b92bc9c3e89eb06a3e92
g5,g5__recovered29__n6p0__one__d2,recovered29,6.0,WCL,2498,637.0643793954389,"{""D"": 10000, ""draw"": 2, ""f"": 1, ""kind"": ""fraction""}",results/archives/PAPERB_B9C_REMAINING_AUTHOR_RUN_050926.zip,PAPERB_B9C_REMAINING_AUTHOR_RUN_050926/raw/g5/g5__recovered29__n6p0__one__d2.npz,6bc56377106c62a74ce804ee3ea7efeb12f7242c7966fd7a67ff8616f52a396f
g5,g5__recovered29__n6p0__one__d2,recovered29,6.0,ABS,2498,649.112290456086,"{""D"": 10000, ""draw"": 2, ""f"": 1, ""kind"": ""fraction""}",results/archives/PAPERB_B9C_REMAINING_AUTHOR_RUN_050926.zip,PAPERB_B9C_REMAINING_AUTHOR_RUN_050926/raw/g5/g5__recovered29__n6p0__one__d2.npz,6bc56377106c62a74ce804ee3ea7efeb12f7242c7966fd7a67ff8616f52a396f
g5,g5__recovered29__n6p0__one__d2,recovered29,6.0,DIFF,2498,864.2988617080282,"{""D"": 10000, ""draw"": 2, ""f"": 1, ""kind"": ""fraction""}",results/archives/PAPERB_B9C_REMAINING_AUTHOR_RUN_050926.zip,PAPERB_B9C_REMAINING_AUTHOR_RUN_050926/raw/g5/g5__recovered29__n6p0__one__d2.npz,6bc56377106c62a74ce804ee3ea7efeb12f7242c7966fd7a67ff8616f52a396f
g5,g5__recovered29__n6p0__one__d2,recovered29,6.0,Min-Max,2498,540.5884455267151,"{""D"": 10000, ""draw"": 2, ""f"": 1, ""kind"": ""fraction""}",results/archives/PAPERB_B9C_REMAINING_AUTHOR_RUN_050926.zip,PAPERB_B9C_REMAINING_AUTHOR_RUN_050926/raw/g5/g5__recovered29__n6p0__one__d2.npz,6bc56377106c62a74ce804ee3ea7efeb12f7242c7966fd7a67ff8616f52a396f
g5,g5__recovered29__n6p0__all__d2,recovered29,6.0,WCL,2498,7118.5656482265695,"{""D"": 10000, ""draw"": 2, ""f"": 29, ""kind"": ""fraction""}",results/archives/PAPERB_B9C_REMAINING_AUTHOR_RUN_050926.zip,PAPERB_B9C_REMAINING_AUTHOR_RUN_050926/raw/g5/g5__recovered29__n6p0__all__d2.npz,26c92418fff2d7700148b87b9d73ee64902a52955af3d069c0895a5b70dd92e9
g5,g5__recovered29__n6p0__all__d2,recovered29,6.0,ABS,2498,3641.104057811537,"{""D"": 10000, ""draw"": 2, ""f"": 29, ""kind"": ""fraction""}",results/archives/PAPERB_B9C_REMAINING_AUTHOR_RUN_050926.zip,PAPERB_B9C_REMAINING_AUTHOR_RUN_050926/raw/g5/g5__recovered29__n6p0__all__d2.npz,26c92418fff2d7700148b87b9d73ee64902a52955af3d069c0895a5b70dd92e9
g5,g5__recovered29__n6p0__all__d2,recovered29,6.0,DIFF,2498,4061.186488426115,"{""D"": 10000, ""draw"": 2, ""f"": 29, ""kind"": ""fraction""}",results/archives/PAPERB_B9C_REMAINING_AUTHOR_RUN_050926.zip,PAPERB_B9C_REMAINING_AUTHOR_RUN_050926/raw/g5/g5__recovered29__n6p0__all__d2.npz,26c92418fff2d7700148b87b9d73ee64902a52955af3d069c0895a5b70dd92e9
g5,g5__recovered29__n6p0__all__d2,recovered29,6.0,Min-Max,2498,4331.815328287773,"{""D"": 10000, ""draw"": 2, ""f"": 29, ""kind"": ""fraction""}",results/archives/PAPERB_B9C_REMAINING_AUTHOR_RUN_050926.zip,PAPERB_B9C_REMAINING_AUTHOR_RUN_050926/raw/g5/g5__recovered29__n6p0__all__d2.npz,26c92418fff2d7700148b87b9d73ee64902a52955af3d069c0895a5b70dd92e9
g5,g5__recovered29__n6p0__top6__d2,recovered29,6.0,WCL,2498,910.0945823715379,"{""D"": 5000, ""draw"": 2, ""k"": 6, ""kind"": ""topk""}",results/archives/PAPERB_B9C_REMAINING_AUTHOR_RUN_050926.zip,PAPERB_B9C_REMAINING_AUTHOR_RUN_050926/raw/g5/g5__recovered29__n6p0__top6__d2.npz,69df3c870882a9492fc1a89fd3d2bb78116cd7146118cb25fd6a4c40e7697130
g5,g5__recovered29__n6p0__top6__d2,recovered29,6.0,ABS,2498,808.1895632336807,"{""D"": 5000, ""draw"": 2, ""k"": 6, ""kind"": ""topk""}",results/archives/PAPERB_B9C_REMAINING_AUTHOR_RUN_050926.zip,PAPERB_B9C_REMAINING_AUTHOR_RUN_050926/raw/g5/g5__recovered29__n6p0__top6__d2.npz,69df3c870882a9492fc1a89fd3d2bb78116cd7146118cb25fd6a4c40e7697130
g5,g5__recovered29__n6p0__top6__d2,recovered29,6.0,DIFF,2498,1037.9112125429267,"{""D"": 5000, ""draw"": 2, ""k"": 6, ""kind"": ""topk""}",results/archives/PAPERB_B9C_REMAINING_AUTHOR_RUN_050926.zip,PAPERB_B9C_REMAINING_AUTHOR_RUN_050926/raw/g5/g5__recovered29__n6p0__top6__d2.npz,69df3c870882a9492fc1a89fd3d2bb78116cd7146118cb25fd6a4c40e7697130
g5,g5__recovered29__n6p0__top6__d2,recovered29,6.0,Min-Max,2498,866.4942582720905,"{""D"": 5000, ""draw"": 2, ""k"": 6, ""kind"": ""topk""}",results/archives/PAPERB_B9C_REMAINING_AUTHOR_RUN_050926.zip,PAPERB_B9C_REMAINING_AUTHOR_RUN_050926/raw/g5/g5__recovered29__n6p0__top6__d2.npz,69df3c870882a9492fc1a89fd3d2bb78116cd7146118cb25fd6a4c40e7697130
g5,g5__recovered29__n6p0__top7__d2,recovered29,6.0,WCL,2498,1941.2308445274707,"{""D"": 5000, ""draw"": 2, ""k"": 7, ""kind"": ""topk""}",results/archives/PAPERB_B9C_REMAINING_AUTHOR_RUN_050926.zip,PAPERB_B9C_REMAINING_AUTHOR_RUN_050926/raw/g5/g5__recovered29__n6p0__top7__d2.npz,fe3a816a5a8210244d174414ce8bf0e5bc804c19f2ee06954807947706f3d1ba
g5,g5__recovered29__n6p0__top7__d2,recovered29,6.0,ABS,2498,891.4043787881784,"{""D"": 5000, ""draw"": 2, ""k"": 7, ""kind"": ""topk""}",results/archives/PAPERB_B9C_REMAINING_AUTHOR_RUN_050926.zip,PAPERB_B9C_REMAINING_AUTHOR_RUN_050926/raw/g5/g5__recovered29__n6p0__top7__d2.npz,fe3a816a5a8210244d174414ce8bf0e5bc804c19f2ee06954807947706f3d1ba
g5,g5__recovered29__n6p0__top7__d2,recovered29,6.0,DIFF,2498,1051.9561164480278,"{""D"": 5000, ""draw"": 2, ""k"": 7, ""kind"": ""topk""}",results/archives/PAPERB_B9C_REMAINING_AUTHOR_RUN_050926.zip,PAPERB_B9C_REMAINING_AUTHOR_RUN_050926/raw/g5/g5__recovered29__n6p0__top7__d2.npz,fe3a816a5a8210244d174414ce8bf0e5bc804c19f2ee06954807947706f3d1ba
g5,g5__recovered29__n6p0__top7__d2,recovered29,6.0,Min-Max,2498,1389.3050698680213,"{""D"": 5000, ""draw"": 2, ""k"": 7, ""kind"": ""topk""}",results/archives/PAPERB_B9C_REMAINING_AUTHOR_RUN_050926.zip,PAPERB_B9C_REMAINING_AUTHOR_RUN_050926/raw/g5/g5__recovered29__n6p0__top7__d2.npz,fe3a816a5a8210244d174414ce8bf0e5bc804c19f2ee06954807947706f3d1ba
g5,g5__recovered29__n6p0__legacy_iso__d2,recovered29,6.0,WCL,2498,934.9438231264523,"{""kind"": ""legacy_iso"", ""seed"": 4776}",results/archives/PAPERB_B9C_REMAINING_AUTHOR_RUN_050926.zip,PAPERB_B9C_REMAINING_AUTHOR_RUN_050926/raw/g5/g5__recovered29__n6p0__legacy_iso__d2.npz,fc9e0c9fa16c6c4ade8f434d8dbe4db376b84bb8a9114af22eb476cb0dcb56c9
g5,g5__recovered29__n6p0__legacy_iso__d2,recovered29,6.0,ABS,2498,752.0627440513344,"{""kind"": ""legacy_iso"", ""seed"": 4776}",results/archives/PAPERB_B9C_REMAINING_AUTHOR_RUN_050926.zip,PAPERB_B9C_REMAINING_AUTHOR_RUN_050926/raw/g5/g5__recovered29__n6p0__legacy_iso__d2.npz,fc9e0c9fa16c6c4ade8f434d8dbe4db376b84bb8a9114af22eb476cb0dcb56c9
g5,g5__recovered29__n6p0__legacy_iso__d2,recovered29,6.0,DIFF,2498,1174.9824925079934,"{""kind"": ""legacy_iso"", ""seed"": 4776}",results/archives/PAPERB_B9C_REMAINING_AUTHOR_RUN_050926.zip,PAPERB_B9C_REMAINING_AUTHOR_RUN_050926/raw/g5/g5__recovered29__n6p0__legacy_iso__d2.npz,fc9e0c9fa16c6c4ade8f434d8dbe4db376b84bb8a9114af22eb476cb0dcb56c9
g5,g5__recovered29__n6p0__legacy_iso__d2,recovered29,6.0,Min-Max,2498,597.1377499876198,"{""kind"": ""legacy_iso"", ""seed"": 4776}",results/archives/PAPERB_B9C_REMAINING_AUTHOR_RUN_050926.zip,PAPERB_B9C_REMAINING_AUTHOR_RUN_050926/raw/g5/g5__recovered29__n6p0__legacy_iso__d2.npz,fc9e0c9fa16c6c4ade8f434d8dbe4db376b84bb8a9114af22eb476cb0dcb56c9
g5,g5__recovered29__n6p0__op_iso__d2,recovered29,6.0,WCL,2498,679.8383422006143,"{""kind"": ""opcenter_exact_iso"", ""seed"": 7776}",results/archives/PAPERB_B9C_REMAINING_AUTHOR_RUN_050926.zip,PAPERB_B9C_REMAINING_AUTHOR_RUN_050926/raw/g5/g5__recovered29__n6p0__op_iso__d2.npz,26feac9c4a0fb21800c8cccb44d2eb12e6a56a7da545de8eeaadb6707f37280b
g5,g5__recovered29__n6p0__op_iso__d2,recovered29,6.0,ABS,2498,658.7000966517282,"{""kind"": ""opcenter_exact_iso"", ""seed"": 7776}",results/archives/PAPERB_B9C_REMAINING_AUTHOR_RUN_050926.zip,PAPERB_B9C_REMAINING_AUTHOR_RUN_050926/raw/g5/g5__recovered29__n6p0__op_iso__d2.npz,26feac9c4a0fb21800c8cccb44d2eb12e6a56a7da545de8eeaadb6707f37280b
g5,g5__recovered29__n6p0__op_iso__d2,recovered29,6.0,DIFF,2498,1013.4278968823343,"{""kind"": ""opcenter_exact_iso"", ""seed"": 7776}",results/archives/PAPERB_B9C_REMAINING_AUTHOR_RUN_050926.zip,PAPERB_B9C_REMAINING_AUTHOR_RUN_050926/raw/g5/g5__recovered29__n6p0__op_iso__d2.npz,26feac9c4a0fb21800c8cccb44d2eb12e6a56a7da545de8eeaadb6707f37280b
g5,g5__recovered29__n6p0__op_iso__d2,recovered29,6.0,Min-Max,2498,478.1648205379737,"{""kind"": ""opcenter_exact_iso"", ""seed"": 7776}",results/archives/PAPERB_B9C_REMAINING_AUTHOR_RUN_050926.zip,PAPERB_B9C_REMAINING_AUTHOR_RUN_050926/raw/g5/g5__recovered29__n6p0__op_iso__d2.npz,26feac9c4a0fb21800c8cccb44d2eb12e6a56a7da545de8eeaadb6707f37280b
g5,g5__recovered29__n6p0__one__d3,recovered29,6.0,WCL,2498,619.4023836218211,"{""D"": 10000, ""draw"": 3, ""f"": 1, ""kind"": ""fraction""}",results/archives/PAPERB_B9C_REMAINING_AUTHOR_RUN_050926.zip,PAPERB_B9C_REMAINING_AUTHOR_RUN_050926/raw/g5/g5__recovered29__n6p0__one__d3.npz,9fd5906a21ed9aa9b1a1f0c7218b7c9a89e111876cba02319a1a2fdee2dfb15f
g5,g5__recovered29__n6p0__one__d3,recovered29,6.0,ABS,2498,658.3588727495318,"{""D"": 10000, ""draw"": 3, ""f"": 1, ""kind"": ""fraction""}",results/archives/PAPERB_B9C_REMAINING_AUTHOR_RUN_050926.zip,PAPERB_B9C_REMAINING_AUTHOR_RUN_050926/raw/g5/g5__recovered29__n6p0__one__d3.npz,9fd5906a21ed9aa9b1a1f0c7218b7c9a89e111876cba02319a1a2fdee2dfb15f
g5,g5__recovered29__n6p0__one__d3,recovered29,6.0,DIFF,2498,914.3634881590507,"{""D"": 10000, ""draw"": 3, ""f"": 1, ""kind"": ""fraction""}",results/archives/PAPERB_B9C_REMAINING_AUTHOR_RUN_050926.zip,PAPERB_B9C_REMAINING_AUTHOR_RUN_050926/raw/g5/g5__recovered29__n6p0__one__d3.npz,9fd5906a21ed9aa9b1a1f0c7218b7c9a89e111876cba02319a1a2fdee2dfb15f
g5,g5__recovered29__n6p0__one__d3,recovered29,6.0,Min-Max,2498,504.85168801974214,"{""D"": 10000, ""draw"": 3, ""f"": 1, ""kind"": ""fraction""}",results/archives/PAPERB_B9C_REMAINING_AUTHOR_RUN_050926.zip,PAPERB_B9C_REMAINING_AUTHOR_RUN_050926/raw/g5/g5__recovered29__n6p0__one__d3.npz,9fd5906a21ed9aa9b1a1f0c7218b7c9a89e111876cba02319a1a2fdee2dfb15f
g5,g5__recovered29__n6p0__all__d3,recovered29,6.0,WCL,2498,6007.518461564863,"{""D"": 10000, ""draw"": 3, ""f"": 29, ""kind"": ""fraction""}",results/archives/PAPERB_B9C_REMAINING_AUTHOR_RUN_050926.zip,PAPERB_B9C_REMAINING_AUTHOR_RUN_050926/raw/g5/g5__recovered29__n6p0__all__d3.npz,e30ebf93a672c067b8b915ee573891438edd7e6749bb105f79a04353ebbefe42
g5,g5__recovered29__n6p0__all__d3,recovered29,6.0,ABS,2498,3248.5681654213486,"{""D"": 10000, ""draw"": 3, ""f"": 29, ""kind"": ""fraction""}",results/archives/PAPERB_B9C_REMAINING_AUTHOR_RUN_050926.zip,PAPERB_B9C_REMAINING_AUTHOR_RUN_050926/raw/g5/g5__recovered29__n6p0__all__d3.npz,e30ebf93a672c067b8b915ee573891438edd7e6749bb105f79a04353ebbefe42
g5,g5__recovered29__n6p0__all__d3,recovered29,6.0,DIFF,2498,3654.7023810659666,"{""D"": 10000, ""draw"": 3, ""f"": 29, ""kind"": ""fraction""}",results/archives/PAPERB_B9C_REMAINING_AUTHOR_RUN_050926.zip,PAPERB_B9C_REMAINING_AUTHOR_RUN_050926/raw/g5/g5__recovered29__n6p0__all__d3.npz,e30ebf93a672c067b8b915ee573891438edd7e6749bb105f79a04353ebbefe42
g5,g5__recovered29__n6p0__all__d3,recovered29,6.0,Min-Max,2498,2995.935617283877,"{""D"": 10000, ""draw"": 3, ""f"": 29, ""kind"": ""fraction""}",results/archives/PAPERB_B9C_REMAINING_AUTHOR_RUN_050926.zip,PAPERB_B9C_REMAINING_AUTHOR_RUN_050926/raw/g5/g5__recovered29__n6p0__all__d3.npz,e30ebf93a672c067b8b915ee573891438edd7e6749bb105f79a04353ebbefe42
g5,g5__recovered29__n6p0__top6__d3,recovered29,6.0,WCL,2498,921.2825263453574,"{""D"": 5000, ""draw"": 3, ""k"": 6, ""kind"": ""topk""}",results/archives/PAPERB_B9C_REMAINING_AUTHOR_RUN_050926.zip,PAPERB_B9C_REMAINING_AUTHOR_RUN_050926/raw/g5/g5__recovered29__n6p0__top6__d3.npz,7c932e43087baf7735e762826b6d825b3eb9ad06a9a7a617fa8432fa3f955620
g5,g5__recovered29__n6p0__top6__d3,recovered29,6.0,ABS,2498,755.6221709035631,"{""D"": 5000, ""draw"": 3, ""k"": 6, ""kind"": ""topk""}",results/archives/PAPERB_B9C_REMAINING_AUTHOR_RUN_050926.zip,PAPERB_B9C_REMAINING_AUTHOR_RUN_050926/raw/g5/g5__recovered29__n6p0__top6__d3.npz,7c932e43087baf7735e762826b6d825b3eb9ad06a9a7a617fa8432fa3f955620
g5,g5__recovered29__n6p0__top6__d3,recovered29,6.0,DIFF,2498,958.927252875728,"{""D"": 5000, ""draw"": 3, ""k"": 6, ""kind"": ""topk""}",results/archives/PAPERB_B9C_REMAINING_AUTHOR_RUN_050926.zip,PAPERB_B9C_REMAINING_AUTHOR_RUN_050926/raw/g5/g5__recovered29__n6p0__top6__d3.npz,7c932e43087baf7735e762826b6d825b3eb9ad06a9a7a617fa8432fa3f955620
g5,g5__recovered29__n6p0__top6__d3,recovered29,6.0,Min-Max,2498,794.2950800114922,"{""D"": 5000, ""draw"": 3, ""k"": 6, ""kind"": ""topk""}",results/archives/PAPERB_B9C_REMAINING_AUTHOR_RUN_050926.zip,PAPERB_B9C_REMAINING_AUTHOR_RUN_050926/raw/g5/g5__recovered29__n6p0__top6__d3.npz,7c932e43087baf7735e762826b6d825b3eb9ad06a9a7a617fa8432fa3f955620
g5,g5__recovered29__n6p0__top7__d3,recovered29,6.0,WCL,2498,2003.2238717169737,"{""D"": 5000, ""draw"": 3, ""k"": 7, ""kind"": ""topk""}",results/archives/PAPERB_B9C_REMAINING_AUTHOR_RUN_050926.zip,PAPERB_B9C_REMAINING_AUTHOR_RUN_050926/raw/g5/g5__recovered29__n6p0__top7__d3.npz,00bd2399c78bb5cd13a735870253aa2a5f553ac010617d32d1a40b38ccc3e4bd
g5,g5__recovered29__n6p0__top7__d3,recovered29,6.0,ABS,2498,1010.92055401536,"{""D"": 5000, ""draw"": 3, ""k"": 7, ""kind"": ""topk""}",results/archives/PAPERB_B9C_REMAINING_AUTHOR_RUN_050926.zip,PAPERB_B9C_REMAINING_AUTHOR_RUN_050926/raw/g5/g5__recovered29__n6p0__top7__d3.npz,00bd2399c78bb5cd13a735870253aa2a5f553ac010617d32d1a40b38ccc3e4bd
g5,g5__recovered29__n6p0__top7__d3,recovered29,6.0,DIFF,2498,1276.3197803954326,"{""D"": 5000, ""draw"": 3, ""k"": 7, ""kind"": ""topk""}",results/archives/PAPERB_B9C_REMAINING_AUTHOR_RUN_050926.zip,PAPERB_B9C_REMAINING_AUTHOR_RUN_050926/raw/g5/g5__recovered29__n6p0__top7__d3.npz,00bd2399c78bb5cd13a735870253aa2a5f553ac010617d32d1a40b38ccc3e4bd
g5,g5__recovered29__n6p0__top7__d3,recovered29,6.0,Min-Max,2498,1441.6993288637161,"{""D"": 5000, ""draw"": 3, ""k"": 7, ""kind"": ""topk""}",results/archives/PAPERB_B9C_REMAINING_AUTHOR_RUN_050926.zip,PAPERB_B9C_REMAINING_AUTHOR_RUN_050926/raw/g5/g5__recovered29__n6p0__top7__d3.npz,00bd2399c78bb5cd13a735870253aa2a5f553ac010617d32d1a40b38ccc3e4bd
g5,g5__recovered29__n6p0__legacy_iso__d3,recovered29,6.0,WCL,2498,577.3915658309968,"{""kind"": ""legacy_iso"", ""seed"": 4789}",results/archives/PAPERB_B9C_REMAINING_AUTHOR_RUN_050926.zip,PAPERB_B9C_REMAINING_AUTHOR_RUN_050926/raw/g5/g5__recovered29__n6p0__legacy_iso__d3.npz,5739e803e1045ef6d9a547da8c6d8055ec92260baf350e881405bb3281ce2e7e
g5,g5__recovered29__n6p0__legacy_iso__d3,recovered29,6.0,ABS,2498,533.5738174867431,"{""kind"": ""legacy_iso"", ""seed"": 4789}",results/archives/PAPERB_B9C_REMAINING_AUTHOR_RUN_050926.zip,PAPERB_B9C_REMAINING_AUTHOR_RUN_050926/raw/g5/g5__recovered29__n6p0__legacy_iso__d3.npz,5739e803e1045ef6d9a547da8c6d8055ec92260baf350e881405bb3281ce2e7e
g5,g5__recovered29__n6p0__legacy_iso__d3,recovered29,6.0,DIFF,2498,862.5935658000931,"{""kind"": ""legacy_iso"", ""seed"": 4789}",results/archives/PAPERB_B9C_REMAINING_AUTHOR_RUN_050926.zip,PAPERB_B9C_REMAINING_AUTHOR_RUN_050926/raw/g5/g5__recovered29__n6p0__legacy_iso__d3.npz,5739e803e1045ef6d9a547da8c6d8055ec92260baf350e881405bb3281ce2e7e
g5,g5__recovered29__n6p0__legacy_iso__d3,recovered29,6.0,Min-Max,2498,446.5446171617542,"{""kind"": ""legacy_iso"", ""seed"": 4789}",results/archives/PAPERB_B9C_REMAINING_AUTHOR_RUN_050926.zip,PAPERB_B9C_REMAINING_AUTHOR_RUN_050926/raw/g5/g5__recovered29__n6p0__legacy_iso__d3.npz,5739e803e1045ef6d9a547da8c6d8055ec92260baf350e881405bb3281ce2e7e
g5,g5__recovered29__n6p0__op_iso__d3,recovered29,6.0,WCL,2498,712.3477873611237,"{""kind"": ""opcenter_exact_iso"", ""seed"": 7789}",results/archives/PAPERB_B9C_REMAINING_AUTHOR_RUN_050926.zip,PAPERB_B9C_REMAINING_AUTHOR_RUN_050926/raw/g5/g5__recovered29__n6p0__op_iso__d3.npz,8fb5be58b34bf84138d4c0da54d855501fa52bfd25fae4ce0dba667a2f5a1bbb
g5,g5__recovered29__n6p0__op_iso__d3,recovered29,6.0,ABS,2498,657.8383067879861,"{""kind"": ""opcenter_exact_iso"", ""seed"": 7789}",results/archives/PAPERB_B9C_REMAINING_AUTHOR_RUN_050926.zip,PAPERB_B9C_REMAINING_AUTHOR_RUN_050926/raw/g5/g5__recovered29__n6p0__op_iso__d3.npz,8fb5be58b34bf84138d4c0da54d855501fa52bfd25fae4ce0dba667a2f5a1bbb
g5,g5__recovered29__n6p0__op_iso__d3,recovered29,6.0,DIFF,2498,1124.3482057372762,"{""kind"": ""opcenter_exact_iso"", ""seed"": 7789}",results/archives/PAPERB_B9C_REMAINING_AUTHOR_RUN_050926.zip,PAPERB_B9C_REMAINING_AUTHOR_RUN_050926/raw/g5/g5__recovered29__n6p0__op_iso__d3.npz,8fb5be58b34bf84138d4c0da54d855501fa52bfd25fae4ce0dba667a2f5a1bbb
g5,g5__recovered29__n6p0__op_iso__d3,recovered29,6.0,Min-Max,2498,494.8493221120334,"{""kind"": ""opcenter_exact_iso"", ""seed"": 7789}",results/archives/PAPERB_B9C_REMAINING_AUTHOR_RUN_050926.zip,PAPERB_B9C_REMAINING_AUTHOR_RUN_050926/raw/g5/g5__recovered29__n6p0__op_iso__d3.npz,8fb5be58b34bf84138d4c0da54d855501fa52bfd25fae4ce0dba667a2f5a1bbb
g5,g5__recovered29__n6p0__one__d4,recovered29,6.0,WCL,2498,611.0230442357513,"{""D"": 10000, ""draw"": 4, ""f"": 1, ""kind"": ""fraction""}",results/archives/PAPERB_B9C_REMAINING_AUTHOR_RUN_050926.zip,PAPERB_B9C_REMAINING_AUTHOR_RUN_050926/raw/g5/g5__recovered29__n6p0__one__d4.npz,4e35662cd6ac314d4277e964a9aa7cfdb40770d5e09ad8d557facfc06676751c
g5,g5__recovered29__n6p0__one__d4,recovered29,6.0,ABS,2498,640.2931797153428,"{""D"": 10000, ""draw"": 4, ""f"": 1, ""kind"": ""fraction""}",results/archives/PAPERB_B9C_REMAINING_AUTHOR_RUN_050926.zip,PAPERB_B9C_REMAINING_AUTHOR_RUN_050926/raw/g5/g5__recovered29__n6p0__one__d4.npz,4e35662cd6ac314d4277e964a9aa7cfdb40770d5e09ad8d557facfc06676751c
g5,g5__recovered29__n6p0__one__d4,recovered29,6.0,DIFF,2498,937.0919801739449,"{""D"": 10000, ""draw"": 4, ""f"": 1, ""kind"": ""fraction""}",results/archives/PAPERB_B9C_REMAINING_AUTHOR_RUN_050926.zip,PAPERB_B9C_REMAINING_AUTHOR_RUN_050926/raw/g5/g5__recovered29__n6p0__one__d4.npz,4e35662cd6ac314d4277e964a9aa7cfdb40770d5e09ad8d557facfc06676751c
g5,g5__recovered29__n6p0__one__d4,recovered29,6.0,Min-Max,2498,463.77690871508423,"{""D"": 10000, ""draw"": 4, ""f"": 1, ""kind"": ""fraction""}",results/archives/PAPERB_B9C_REMAINING_AUTHOR_RUN_050926.zip,PAPERB_B9C_REMAINING_AUTHOR_RUN_050926/raw/g5/g5__recovered29__n6p0__one__d4.npz,4e35662cd6ac314d4277e964a9aa7cfdb40770d5e09ad8d557facfc06676751c
g5,g5__recovered29__n6p0__all__d4,recovered29,6.0,WCL,2498,6845.75095771746,"{""D"": 10000, ""draw"": 4, ""f"": 29, ""kind"": ""fraction""}",results/archives/PAPERB_B9C_REMAINING_AUTHOR_RUN_050926.zip,PAPERB_B9C_REMAINING_AUTHOR_RUN_050926/raw/g5/g5__recovered29__n6p0__all__d4.npz,af73da652a8751e32cb7051400ab521b1a1ebe44368bca9eee347ae37866bc7f
g5,g5__recovered29__n6p0__all__d4,recovered29,6.0,ABS,2498,3175.0771938611015,"{""D"": 10000, ""draw"": 4, ""f"": 29, ""kind"": ""fraction""}",results/archives/PAPERB_B9C_REMAINING_AUTHOR_RUN_050926.zip,PAPERB_B9C_REMAINING_AUTHOR_RUN_050926/raw/g5/g5__recovered29__n6p0__all__d4.npz,af73da652a8751e32cb7051400ab521b1a1ebe44368bca9eee347ae37866bc7f
g5,g5__recovered29__n6p0__all__d4,recovered29,6.0,DIFF,2498,3490.3503357391046,"{""D"": 10000, ""draw"": 4, ""f"": 29, ""kind"": ""fraction""}",results/archives/PAPERB_B9C_REMAINING_AUTHOR_RUN_050926.zip,PAPERB_B9C_REMAINING_AUTHOR_RUN_050926/raw/g5/g5__recovered29__n6p0__all__d4.npz,af73da652a8751e32cb7051400ab521b1a1ebe44368bca9eee347ae37866bc7f
g5,g5__recovered29__n6p0__all__d4,recovered29,6.0,Min-Max,2498,3781.6923194054534,"{""D"": 10000, ""draw"": 4, ""f"": 29, ""kind"": ""fraction""}",results/archives/PAPERB_B9C_REMAINING_AUTHOR_RUN_050926.zip,PAPERB_B9C_REMAINING_AUTHOR_RUN_050926/raw/g5/g5__recovered29__n6p0__all__d4.npz,af73da652a8751e32cb7051400ab521b1a1ebe44368bca9eee347ae37866bc7f
g5,g5__recovered29__n6p0__top6__d4,recovered29,6.0,WCL,2498,918.0423603619352,"{""D"": 5000, ""draw"": 4, ""k"": 6, ""kind"": ""topk""}",results/archives/PAPERB_B9C_REMAINING_AUTHOR_RUN_050926.zip,PAPERB_B9C_REMAINING_AUTHOR_RUN_050926/raw/g5/g5__recovered29__n6p0__top6__d4.npz,1c5f28108ab482e6af7bef5ea88f072e31ab0016409081a357135b81f91d3a82
g5,g5__recovered29__n6p0__top6__d4,recovered29,6.0,ABS,2498,828.5560644396849,"{""D"": 5000, ""draw"": 4, ""k"": 6, ""kind"": ""topk""}",results/archives/PAPERB_B9C_REMAINING_AUTHOR_RUN_050926.zip,PAPERB_B9C_REMAINING_AUTHOR_RUN_050926/raw/g5/g5__recovered29__n6p0__top6__d4.npz,1c5f28108ab482e6af7bef5ea88f072e31ab0016409081a357135b81f91d3a82
g5,g5__recovered29__n6p0__top6__d4,recovered29,6.0,DIFF,2498,1025.7135249432572,"{""D"": 5000, ""draw"": 4, ""k"": 6, ""kind"": ""topk""}",results/archives/PAPERB_B9C_REMAINING_AUTHOR_RUN_050926.zip,PAPERB_B9C_REMAINING_AUTHOR_RUN_050926/raw/g5/g5__recovered29__n6p0__top6__d4.npz,1c5f28108ab482e6af7bef5ea88f072e31ab0016409081a357135b81f91d3a82
g5,g5__recovered29__n6p0__top6__d4,recovered29,6.0,Min-Max,2498,811.1207659351719,"{""D"": 5000, ""draw"": 4, ""k"": 6, ""kind"": ""topk""}",results/archives/PAPERB_B9C_REMAINING_AUTHOR_RUN_050926.zip,PAPERB_B9C_REMAINING_AUTHOR_RUN_050926/raw/g5/g5__recovered29__n6p0__top6__d4.npz,1c5f28108ab482e6af7bef5ea88f072e31ab0016409081a357135b81f91d3a82
g5,g5__recovered29__n6p0__top7__d4,recovered29,6.0,WCL,2498,2226.32970278813,"{""D"": 5000, ""draw"": 4, ""k"": 7, ""kind"": ""topk""}",results/archives/PAPERB_B9C_REMAINING_AUTHOR_RUN_050926.zip,PAPERB_B9C_REMAINING_AUTHOR_RUN_050926/raw/g5/g5__recovered29__n6p0__top7__d4.npz,efff61edb3075c8504a7eb2022fdf3922c38ac0bd90cba8a0d9705137eb3ec51
g5,g5__recovered29__n6p0__top7__d4,recovered29,6.0,ABS,2498,926.8846651632679,"{""D"": 5000, ""draw"": 4, ""k"": 7, ""kind"": ""topk""}",results/archives/PAPERB_B9C_REMAINING_AUTHOR_RUN_050926.zip,PAPERB_B9C_REMAINING_AUTHOR_RUN_050926/raw/g5/g5__recovered29__n6p0__top7__d4.npz,efff61edb3075c8504a7eb2022fdf3922c38ac0bd90cba8a0d9705137eb3ec51
g5,g5__recovered29__n6p0__top7__d4,recovered29,6.0,DIFF,2498,1281.8601481622331,"{""D"": 5000, ""draw"": 4, ""k"": 7, ""kind"": ""topk""}",results/archives/PAPERB_B9C_REMAINING_AUTHOR_RUN_050926.zip,PAPERB_B9C_REMAINING_AUTHOR_RUN_050926/raw/g5/g5__recovered29__n6p0__top7__d4.npz,efff61edb3075c8504a7eb2022fdf3922c38ac0bd90cba8a0d9705137eb3ec51
g5,g5__recovered29__n6p0__top7__d4,recovered29,6.0,Min-Max,2498,1585.5701544278563,"{""D"": 5000, ""draw"": 4, ""k"": 7, ""kind"": ""topk""}",results/archives/PAPERB_B9C_REMAINING_AUTHOR_RUN_050926.zip,PAPERB_B9C_REMAINING_AUTHOR_RUN_050926/raw/g5/g5__recovered29__n6p0__top7__d4.npz,efff61edb3075c8504a7eb2022fdf3922c38ac0bd90cba8a0d9705137eb3ec51
g5,g5__recovered29__n6p0__legacy_iso__d4,recovered29,6.0,WCL,2498,666.2117410451096,"{""kind"": ""legacy_iso"", ""seed"": 4802}",results/archives/PAPERB_B9C_REMAINING_AUTHOR_RUN_050926.zip,PAPERB_B9C_REMAINING_AUTHOR_RUN_050926/raw/g5/g5__recovered29__n6p0__legacy_iso__d4.npz,5f83bbd1b203026fa9122db1d2863786d9e3d810f40112911e763d1f679cce93
g5,g5__recovered29__n6p0__legacy_iso__d4,recovered29,6.0,ABS,2498,622.2347299081681,"{""kind"": ""legacy_iso"", ""seed"": 4802}",results/archives/PAPERB_B9C_REMAINING_AUTHOR_RUN_050926.zip,PAPERB_B9C_REMAINING_AUTHOR_RUN_050926/raw/g5/g5__recovered29__n6p0__legacy_iso__d4.npz,5f83bbd1b203026fa9122db1d2863786d9e3d810f40112911e763d1f679cce93
g5,g5__recovered29__n6p0__legacy_iso__d4,recovered29,6.0,DIFF,2498,937.8502959640277,"{""kind"": ""legacy_iso"", ""seed"": 4802}",results/archives/PAPERB_B9C_REMAINING_AUTHOR_RUN_050926.zip,PAPERB_B9C_REMAINING_AUTHOR_RUN_050926/raw/g5/g5__recovered29__n6p0__legacy_iso__d4.npz,5f83bbd1b203026fa9122db1d2863786d9e3d810f40112911e763d1f679cce93
g5,g5__recovered29__n6p0__legacy_iso__d4,recovered29,6.0,Min-Max,2498,463.5578968682054,"{""kind"": ""legacy_iso"", ""seed"": 4802}",results/archives/PAPERB_B9C_REMAINING_AUTHOR_RUN_050926.zip,PAPERB_B9C_REMAINING_AUTHOR_RUN_050926/raw/g5/g5__recovered29__n6p0__legacy_iso__d4.npz,5f83bbd1b203026fa9122db1d2863786d9e3d810f40112911e763d1f679cce93
g5,g5__recovered29__n6p0__op_iso__d4,recovered29,6.0,WCL,2498,569.9917852250564,"{""kind"": ""opcenter_exact_iso"", ""seed"": 7802}",results/archives/PAPERB_B9C_REMAINING_AUTHOR_RUN_050926.zip,PAPERB_B9C_REMAINING_AUTHOR_RUN_050926/raw/g5/g5__recovered29__n6p0__op_iso__d4.npz,7dc9546643279d9941e082fd596d76db09a1ee03b1a2fa0a862ff96f63c427ad
g5,g5__recovered29__n6p0__op_iso__d4,recovered29,6.0,ABS,2498,633.9322052770356,"{""kind"": ""opcenter_exact_iso"", ""seed"": 7802}",results/archives/PAPERB_B9C_REMAINING_AUTHOR_RUN_050926.zip,PAPERB_B9C_REMAINING_AUTHOR_RUN_050926/raw/g5/g5__recovered29__n6p0__op_iso__d4.npz,7dc9546643279d9941e082fd596d76db09a1ee03b1a2fa0a862ff96f63c427ad
g5,g5__recovered29__n6p0__op_iso__d4,recovered29,6.0,DIFF,2498,895.9637489893046,"{""kind"": ""opcenter_exact_iso"", ""seed"": 7802}",results/archives/PAPERB_B9C_REMAINING_AUTHOR_RUN_050926.zip,PAPERB_B9C_REMAINING_AUTHOR_RUN_050926/raw/g5/g5__recovered29__n6p0__op_iso__d4.npz,7dc9546643279d9941e082fd596d76db09a1ee03b1a2fa0a862ff96f63c427ad
g5,g5__recovered29__n6p0__op_iso__d4,recovered29,6.0,Min-Max,2498,453.7920884483581,"{""kind"": ""opcenter_exact_iso"", ""seed"": 7802}",results/archives/PAPERB_B9C_REMAINING_AUTHOR_RUN_050926.zip,PAPERB_B9C_REMAINING_AUTHOR_RUN_050926/raw/g5/g5__recovered29__n6p0__op_iso__d4.npz,7dc9546643279d9941e082fd596d76db09a1ee03b1a2fa0a862ff96f63c427ad
g5,g5__recovered29__n6p0__one__d5,recovered29,6.0,WCL,2498,611.0230442357513,"{""D"": 10000, ""draw"": 5, ""f"": 1, ""kind"": ""fraction""}",results/archives/PAPERB_B9C_REMAINING_AUTHOR_RUN_050926.zip,PAPERB_B9C_REMAINING_AUTHOR_RUN_050926/raw/g5/g5__recovered29__n6p0__one__d5.npz,a1c1f22bafa8fe29eff54a8fa3a820086815cf3c631931ccfe119d6f679fdf69
g5,g5__recovered29__n6p0__one__d5,recovered29,6.0,ABS,2498,640.8406079156141,"{""D"": 10000, ""draw"": 5, ""f"": 1, ""kind"": ""fraction""}",results/archives/PAPERB_B9C_REMAINING_AUTHOR_RUN_050926.zip,PAPERB_B9C_REMAINING_AUTHOR_RUN_050926/raw/g5/g5__recovered29__n6p0__one__d5.npz,a1c1f22bafa8fe29eff54a8fa3a820086815cf3c631931ccfe119d6f679fdf69
g5,g5__recovered29__n6p0__one__d5,recovered29,6.0,DIFF,2498,939.1308330865527,"{""D"": 10000, ""draw"": 5, ""f"": 1, ""kind"": ""fraction""}",results/archives/PAPERB_B9C_REMAINING_AUTHOR_RUN_050926.zip,PAPERB_B9C_REMAINING_AUTHOR_RUN_050926/raw/g5/g5__recovered29__n6p0__one__d5.npz,a1c1f22bafa8fe29eff54a8fa3a820086815cf3c631931ccfe119d6f679fdf69
g5,g5__recovered29__n6p0__one__d5,recovered29,6.0,Min-Max,2498,460.7065442783693,"{""D"": 10000, ""draw"": 5, ""f"": 1, ""kind"": ""fraction""}",results/archives/PAPERB_B9C_REMAINING_AUTHOR_RUN_050926.zip,PAPERB_B9C_REMAINING_AUTHOR_RUN_050926/raw/g5/g5__recovered29__n6p0__one__d5.npz,a1c1f22bafa8fe29eff54a8fa3a820086815cf3c631931ccfe119d6f679fdf69
g5,g5__recovered29__n6p0__all__d5,recovered29,6.0,WCL,2498,5688.211800147359,"{""D"": 10000, ""draw"": 5, ""f"": 29, ""kind"": ""fraction""}",results/archives/PAPERB_B9C_REMAINING_AUTHOR_RUN_050926.zip,PAPERB_B9C_REMAINING_AUTHOR_RUN_050926/raw/g5/g5__recovered29__n6p0__all__d5.npz,8e6d3180831dcaf12b47da2de9f781331af0bd42eeb9e5fca07c442911fcc0d5
g5,g5__recovered29__n6p0__all__d5,recovered29,6.0,ABS,2498,2565.315687733714,"{""D"": 10000, ""draw"": 5, ""f"": 29, ""kind"": ""fraction""}",results/archives/PAPERB_B9C_REMAINING_AUTHOR_RUN_050926.zip,PAPERB_B9C_REMAINING_AUTHOR_RUN_050926/raw/g5/g5__recovered29__n6p0__all__d5.npz,8e6d3180831dcaf12b47da2de9f781331af0bd42eeb9e5fca07c442911fcc0d5
g5,g5__recovered29__n6p0__all__d5,recovered29,6.0,DIFF,2498,2736.2553225474326,"{""D"": 10000, ""draw"": 5, ""f"": 29, ""kind"": ""fraction""}",results/archives/PAPERB_B9C_REMAINING_AUTHOR_RUN_050926.zip,PAPERB_B9C_REMAINING_AUTHOR_RUN_050926/raw/g5/g5__recovered29__n6p0__all__d5.npz,8e6d3180831dcaf12b47da2de9f781331af0bd42eeb9e5fca07c442911fcc0d5
g5,g5__recovered29__n6p0__all__d5,recovered29,6.0,Min-Max,2498,2936.884225157416,"{""D"": 10000, ""draw"": 5, ""f"": 29, ""kind"": ""fraction""}",results/archives/PAPERB_B9C_REMAINING_AUTHOR_RUN_050926.zip,PAPERB_B9C_REMAINING_AUTHOR_RUN_050926/raw/g5/g5__recovered29__n6p0__all__d5.npz,8e6d3180831dcaf12b47da2de9f781331af0bd42eeb9e5fca07c442911fcc0d5
g5,g5__recovered29__n6p0__top6__d5,recovered29,6.0,WCL,2498,915.8285145025175,"{""D"": 5000, ""draw"": 5, ""k"": 6, ""kind"": ""topk""}",results/archives/PAPERB_B9C_REMAINING_AUTHOR_RUN_050926.zip,PAPERB_B9C_REMAINING_AUTHOR_RUN_050926/raw/g5/g5__recovered29__n6p0__top6__d5.npz,33ce8c2f5ccbb07fbad8b0d8b78d40cdf149deed559feaeb31fb3b37a3e16688
g5,g5__recovered29__n6p0__top6__d5,recovered29,6.0,ABS,2498,856.8404781580275,"{""D"": 5000, ""draw"": 5, ""k"": 6, ""kind"": ""topk""}",results/archives/PAPERB_B9C_REMAINING_AUTHOR_RUN_050926.zip,PAPERB_B9C_REMAINING_AUTHOR_RUN_050926/raw/g5/g5__recovered29__n6p0__top6__d5.npz,33ce8c2f5ccbb07fbad8b0d8b78d40cdf149deed559feaeb31fb3b37a3e16688
g5,g5__recovered29__n6p0__top6__d5,recovered29,6.0,DIFF,2498,1008.5476471440272,"{""D"": 5000, ""draw"": 5, ""k"": 6, ""kind"": ""topk""}",results/archives/PAPERB_B9C_REMAINING_AUTHOR_RUN_050926.zip,PAPERB_B9C_REMAINING_AUTHOR_RUN_050926/raw/g5/g5__recovered29__n6p0__top6__d5.npz,33ce8c2f5ccbb07fbad8b0d8b78d40cdf149deed559feaeb31fb3b37a3e16688
g5,g5__recovered29__n6p0__top6__d5,recovered29,6.0,Min-Max,2498,911.9532189646195,"{""D"": 5000, ""draw"": 5, ""k"": 6, ""kind"": ""topk""}",results/archives/PAPERB_B9C_REMAINING_AUTHOR_RUN_050926.zip,PAPERB_B9C_REMAINING_AUTHOR_RUN_050926/raw/g5/g5__recovered29__n6p0__top6__d5.npz,33ce8c2f5ccbb07fbad8b0d8b78d40cdf149deed559feaeb31fb3b37a3e16688
g5,g5__recovered29__n6p0__top7__d5,recovered29,6.0,WCL,2498,2344.0517439430005,"{""D"": 5000, ""draw"": 5, ""k"": 7, ""kind"": ""topk""}",results/archives/PAPERB_B9C_REMAINING_AUTHOR_RUN_050926.zip,PAPERB_B9C_REMAINING_AUTHOR_RUN_050926/raw/g5/g5__recovered29__n6p0__top7__d5.npz,c72be614b63f254e820c27186773442f647d005659b0d070965e123feb1c6b7f
g5,g5__recovered29__n6p0__top7__d5,recovered29,6.0,ABS,2498,844.7076696875617,"{""D"": 5000, ""draw"": 5, ""k"": 7, ""kind"": ""topk""}",results/archives/PAPERB_B9C_REMAINING_AUTHOR_RUN_050926.zip,PAPERB_B9C_REMAINING_AUTHOR_RUN_050926/raw/g5/g5__recovered29__n6p0__top7__d5.npz,c72be614b63f254e820c27186773442f647d005659b0d070965e123feb1c6b7f
g5,g5__recovered29__n6p0__top7__d5,recovered29,6.0,DIFF,2498,1416.5699881451487,"{""D"": 5000, ""draw"": 5, ""k"": 7, ""kind"": ""topk""}",results/archives/PAPERB_B9C_REMAINING_AUTHOR_RUN_050926.zip,PAPERB_B9C_REMAINING_AUTHOR_RUN_050926/raw/g5/g5__recovered29__n6p0__top7__d5.npz,c72be614b63f254e820c27186773442f647d005659b0d070965e123feb1c6b7f
g5,g5__recovered29__n6p0__top7__d5,recovered29,6.0,Min-Max,2498,1521.9368516564475,"{""D"": 5000, ""draw"": 5, ""k"": 7, ""kind"": ""topk""}",results/archives/PAPERB_B9C_REMAINING_AUTHOR_RUN_050926.zip,PAPERB_B9C_REMAINING_AUTHOR_RUN_050926/raw/g5/g5__recovered29__n6p0__top7__d5.npz,c72be614b63f254e820c27186773442f647d005659b0d070965e123feb1c6b7f
g5,g5__recovered29__n6p0__legacy_iso__d5,recovered29,6.0,WCL,2498,791.9772565183391,"{""kind"": ""legacy_iso"", ""seed"": 4815}",results/archives/PAPERB_B9C_REMAINING_AUTHOR_RUN_050926.zip,PAPERB_B9C_REMAINING_AUTHOR_RUN_050926/raw/g5/g5__recovered29__n6p0__legacy_iso__d5.npz,4433810dcabe23b20a40ea863c942b0a66bd68e874e9e6e5786dbff33b37059f
g5,g5__recovered29__n6p0__legacy_iso__d5,recovered29,6.0,ABS,2498,613.8428726106049,"{""kind"": ""legacy_iso"", ""seed"": 4815}",results/archives/PAPERB_B9C_REMAINING_AUTHOR_RUN_050926.zip,PAPERB_B9C_REMAINING_AUTHOR_RUN_050926/raw/g5/g5__recovered29__n6p0__legacy_iso__d5.npz,4433810dcabe23b20a40ea863c942b0a66bd68e874e9e6e5786dbff33b37059f
g5,g5__recovered29__n6p0__legacy_iso__d5,recovered29,6.0,DIFF,2498,1323.5850296834637,"{""kind"": ""legacy_iso"", ""seed"": 4815}",results/archives/PAPERB_B9C_REMAINING_AUTHOR_RUN_050926.zip,PAPERB_B9C_REMAINING_AUTHOR_RUN_050926/raw/g5/g5__recovered29__n6p0__legacy_iso__d5.npz,4433810dcabe23b20a40ea863c942b0a66bd68e874e9e6e5786dbff33b37059f
g5,g5__recovered29__n6p0__legacy_iso__d5,recovered29,6.0,Min-Max,2498,479.6532390476332,"{""kind"": ""legacy_iso"", ""seed"": 4815}",results/archives/PAPERB_B9C_REMAINING_AUTHOR_RUN_050926.zip,PAPERB_B9C_REMAINING_AUTHOR_RUN_050926/raw/g5/g5__recovered29__n6p0__legacy_iso__d5.npz,4433810dcabe23b20a40ea863c942b0a66bd68e874e9e6e5786dbff33b37059f
g5,g5__recovered29__n6p0__op_iso__d5,recovered29,6.0,WCL,2498,631.300186535384,"{""kind"": ""opcenter_exact_iso"", ""seed"": 7815}",results/archives/PAPERB_B9C_REMAINING_AUTHOR_RUN_050926.zip,PAPERB_B9C_REMAINING_AUTHOR_RUN_050926/raw/g5/g5__recovered29__n6p0__op_iso__d5.npz,3df635e3a2da54f10f9f84189200fa7760f0f87f8d8ded52051b20b3e0c184a6
g5,g5__recovered29__n6p0__op_iso__d5,recovered29,6.0,ABS,2498,665.9971478295823,"{""kind"": ""opcenter_exact_iso"", ""seed"": 7815}",results/archives/PAPERB_B9C_REMAINING_AUTHOR_RUN_050926.zip,PAPERB_B9C_REMAINING_AUTHOR_RUN_050926/raw/g5/g5__recovered29__n6p0__op_iso__d5.npz,3df635e3a2da54f10f9f84189200fa7760f0f87f8d8ded52051b20b3e0c184a6
g5,g5__recovered29__n6p0__op_iso__d5,recovered29,6.0,DIFF,2498,925.1915679708843,"{""kind"": ""opcenter_exact_iso"", ""seed"": 7815}",results/archives/PAPERB_B9C_REMAINING_AUTHOR_RUN_050926.zip,PAPERB_B9C_REMAINING_AUTHOR_RUN_050926/raw/g5/g5__recovered29__n6p0__op_iso__d5.npz,3df635e3a2da54f10f9f84189200fa7760f0f87f8d8ded52051b20b3e0c184a6
g5,g5__recovered29__n6p0__op_iso__d5,recovered29,6.0,Min-Max,2498,486.38456673843643,"{""kind"": ""opcenter_exact_iso"", ""seed"": 7815}",results/archives/PAPERB_B9C_REMAINING_AUTHOR_RUN_050926.zip,PAPERB_B9C_REMAINING_AUTHOR_RUN_050926/raw/g5/g5__recovered29__n6p0__op_iso__d5.npz,3df635e3a2da54f10f9f84189200fa7760f0f87f8d8ded52051b20b3e0c184a6
g5,g5__recovered29__n6p0__one__d6,recovered29,6.0,WCL,2498,676.0292388770904,"{""D"": 10000, ""draw"": 6, ""f"": 1, ""kind"": ""fraction""}",results/archives/PAPERB_B9C_REMAINING_AUTHOR_RUN_050926.zip,PAPERB_B9C_REMAINING_AUTHOR_RUN_050926/raw/g5/g5__recovered29__n6p0__one__d6.npz,6758e015683cbc511f03aadcc4187121b6047aadfcdbe78c02f3d0524e183e2a
g5,g5__recovered29__n6p0__one__d6,recovered29,6.0,ABS,2498,667.400720907249,"{""D"": 10000, ""draw"": 6, ""f"": 1, ""kind"": ""fraction""}",results/archives/PAPERB_B9C_REMAINING_AUTHOR_RUN_050926.zip,PAPERB_B9C_REMAINING_AUTHOR_RUN_050926/raw/g5/g5__recovered29__n6p0__one__d6.npz,6758e015683cbc511f03aadcc4187121b6047aadfcdbe78c02f3d0524e183e2a
g5,g5__recovered29__n6p0__one__d6,recovered29,6.0,DIFF,2498,983.860297580175,"{""D"": 10000, ""draw"": 6, ""f"": 1, ""kind"": ""fraction""}",results/archives/PAPERB_B9C_REMAINING_AUTHOR_RUN_050926.zip,PAPERB_B9C_REMAINING_AUTHOR_RUN_050926/raw/g5/g5__recovered29__n6p0__one__d6.npz,6758e015683cbc511f03aadcc4187121b6047aadfcdbe78c02f3d0524e183e2a
g5,g5__recovered29__n6p0__one__d6,recovered29,6.0,Min-Max,2498,527.0401251232213,"{""D"": 10000, ""draw"": 6, ""f"": 1, ""kind"": ""fraction""}",results/archives/PAPERB_B9C_REMAINING_AUTHOR_RUN_050926.zip,PAPERB_B9C_REMAINING_AUTHOR_RUN_050926/raw/g5/g5__recovered29__n6p0__one__d6.npz,6758e015683cbc511f03aadcc4187121b6047aadfcdbe78c02f3d0524e183e2a
g5,g5__recovered29__n6p0__all__d6,recovered29,6.0,WCL,2498,5137.143208409165,"{""D"": 10000, ""draw"": 6, ""f"": 29, ""kind"": ""fraction""}",results/archives/PAPERB_B9C_REMAINING_AUTHOR_RUN_050926.zip,PAPERB_B9C_REMAINING_AUTHOR_RUN_050926/raw/g5/g5__recovered29__n6p0__all__d6.npz,37f29d9f5c90f1f8a160e4cc5cf6c323a5a53aae70de07ffd89d556313c0cd12
g5,g5__recovered29__n6p0__all__d6,recovered29,6.0,ABS,2498,2207.3225616710174,"{""D"": 10000, ""draw"": 6, ""f"": 29, ""kind"": ""fraction""}",results/archives/PAPERB_B9C_REMAINING_AUTHOR_RUN_050926.zip,PAPERB_B9C_REMAINING_AUTHOR_RUN_050926/raw/g5/g5__recovered29__n6p0__all__d6.npz,37f29d9f5c90f1f8a160e4cc5cf6c323a5a53aae70de07ffd89d556313c0cd12
g5,g5__recovered29__n6p0__all__d6,recovered29,6.0,DIFF,2498,2547.2628658871868,"{""D"": 10000, ""draw"": 6, ""f"": 29, ""kind"": ""fraction""}",results/archives/PAPERB_B9C_REMAINING_AUTHOR_RUN_050926.zip,PAPERB_B9C_REMAINING_AUTHOR_RUN_050926/raw/g5/g5__recovered29__n6p0__all__d6.npz,37f29d9f5c90f1f8a160e4cc5cf6c323a5a53aae70de07ffd89d556313c0cd12
g5,g5__recovered29__n6p0__all__d6,recovered29,6.0,Min-Max,2498,2229.758288606794,"{""D"": 10000, ""draw"": 6, ""f"": 29, ""kind"": ""fraction""}",results/archives/PAPERB_B9C_REMAINING_AUTHOR_RUN_050926.zip,PAPERB_B9C_REMAINING_AUTHOR_RUN_050926/raw/g5/g5__recovered29__n6p0__all__d6.npz,37f29d9f5c90f1f8a160e4cc5cf6c323a5a53aae70de07ffd89d556313c0cd12
g5,g5__recovered29__n6p0__top6__d6,recovered29,6.0,WCL,2498,903.1386991786858,"{""D"": 5000, ""draw"": 6, ""k"": 6, ""kind"": ""topk""}",results/archives/PAPERB_B9C_REMAINING_AUTHOR_RUN_050926.zip,PAPERB_B9C_REMAINING_AUTHOR_RUN_050926/raw/g5/g5__recovered29__n6p0__top6__d6.npz,54c1bd5a5cd57f148e63b02ae4d6f942dd56176c4d51c6900ce3d7e02b193e81
g5,g5__recovered29__n6p0__top6__d6,recovered29,6.0,ABS,2498,827.0831519595508,"{""D"": 5000, ""draw"": 6, ""k"": 6, ""kind"": ""topk""}",results/archives/PAPERB_B9C_REMAINING_AUTHOR_RUN_050926.zip,PAPERB_B9C_REMAINING_AUTHOR_RUN_050926/raw/g5/g5__recovered29__n6p0__top6__d6.npz,54c1bd5a5cd57f148e63b02ae4d6f942dd56176c4d51c6900ce3d7e02b193e81
g5,g5__recovered29__n6p0__top6__d6,recovered29,6.0,DIFF,2498,1007.4382875251843,"{""D"": 5000, ""draw"": 6, ""k"": 6, ""kind"": ""topk""}",results/archives/PAPERB_B9C_REMAINING_AUTHOR_RUN_050926.zip,PAPERB_B9C_REMAINING_AUTHOR_RUN_050926/raw/g5/g5__recovered29__n6p0__top6__d6.npz,54c1bd5a5cd57f148e63b02ae4d6f942dd56176c4d51c6900ce3d7e02b193e81
g5,g5__recovered29__n6p0__top6__d6,recovered29,6.0,Min-Max,2498,872.3628761293157,"{""D"": 5000, ""draw"": 6, ""k"": 6, ""kind"": ""topk""}",results/archives/PAPERB_B9C_REMAINING_AUTHOR_RUN_050926.zip,PAPERB_B9C_REMAINING_AUTHOR_RUN_050926/raw/g5/g5__recovered29__n6p0__top6__d6.npz,54c1bd5a5cd57f148e63b02ae4d6f942dd56176c4d51c6900ce3d7e02b193e81
g5,g5__recovered29__n6p0__top7__d6,recovered29,6.0,WCL,2498,1965.0881533740076,"{""D"": 5000, ""draw"": 6, ""k"": 7, ""kind"": ""topk""}",results/archives/PAPERB_B9C_REMAINING_AUTHOR_RUN_050926.zip,PAPERB_B9C_REMAINING_AUTHOR_RUN_050926/raw/g5/g5__recovered29__n6p0__top7__d6.npz,73b6d41b44fe1b2ee0b265521b1893f6ea8b3f9924fb59a1dfb080edd564aadf
g5,g5__recovered29__n6p0__top7__d6,recovered29,6.0,ABS,2498,979.6969423924783,"{""D"": 5000, ""draw"": 6, ""k"": 7, ""kind"": ""topk""}",results/archives/PAPERB_B9C_REMAINING_AUTHOR_RUN_050926.zip,PAPERB_B9C_REMAINING_AUTHOR_RUN_050926/raw/g5/g5__recovered29__n6p0__top7__d6.npz,73b6d41b44fe1b2ee0b265521b1893f6ea8b3f9924fb59a1dfb080edd564aadf
g5,g5__recovered29__n6p0__top7__d6,recovered29,6.0,DIFF,2498,1240.5469820598328,"{""D"": 5000, ""draw"": 6, ""k"": 7, ""kind"": ""topk""}",results/archives/PAPERB_B9C_REMAINING_AUTHOR_RUN_050926.zip,PAPERB_B9C_REMAINING_AUTHOR_RUN_050926/raw/g5/g5__recovered29__n6p0__top7__d6.npz,73b6d41b44fe1b2ee0b265521b1893f6ea8b3f9924fb59a1dfb080edd564aadf
g5,g5__recovered29__n6p0__top7__d6,recovered29,6.0,Min-Max,2498,1312.9320425214114,"{""D"": 5000, ""draw"": 6, ""k"": 7, ""kind"": ""topk""}",results/archives/PAPERB_B9C_REMAINING_AUTHOR_RUN_050926.zip,PAPERB_B9C_REMAINING_AUTHOR_RUN_050926/raw/g5/g5__recovered29__n6p0__top7__d6.npz,73b6d41b44fe1b2ee0b265521b1893f6ea8b3f9924fb59a1dfb080edd564aadf
g5,g5__recovered29__n6p0__legacy_iso__d6,recovered29,6.0,WCL,2498,540.7419106667172,"{""kind"": ""legacy_iso"", ""seed"": 4828}",results/archives/PAPERB_B9C_REMAINING_AUTHOR_RUN_050926.zip,PAPERB_B9C_REMAINING_AUTHOR_RUN_050926/raw/g5/g5__recovered29__n6p0__legacy_iso__d6.npz,1a2751b361ec4afaaaa42b8722500a04fc189b60aa5d4b5a7071cbb86f9d654f
g5,g5__recovered29__n6p0__legacy_iso__d6,recovered29,6.0,ABS,2498,564.6393444236036,"{""kind"": ""legacy_iso"", ""seed"": 4828}",results/archives/PAPERB_B9C_REMAINING_AUTHOR_RUN_050926.zip,PAPERB_B9C_REMAINING_AUTHOR_RUN_050926/raw/g5/g5__recovered29__n6p0__legacy_iso__d6.npz,1a2751b361ec4afaaaa42b8722500a04fc189b60aa5d4b5a7071cbb86f9d654f
g5,g5__recovered29__n6p0__legacy_iso__d6,recovered29,6.0,DIFF,2498,881.5441569277127,"{""kind"": ""legacy_iso"", ""seed"": 4828}",results/archives/PAPERB_B9C_REMAINING_AUTHOR_RUN_050926.zip,PAPERB_B9C_REMAINING_AUTHOR_RUN_050926/raw/g5/g5__recovered29__n6p0__legacy_iso__d6.npz,1a2751b361ec4afaaaa42b8722500a04fc189b60aa5d4b5a7071cbb86f9d654f
g5,g5__recovered29__n6p0__legacy_iso__d6,recovered29,6.0,Min-Max,2498,491.9920506495864,"{""kind"": ""legacy_iso"", ""seed"": 4828}",results/archives/PAPERB_B9C_REMAINING_AUTHOR_RUN_050926.zip,PAPERB_B9C_REMAINING_AUTHOR_RUN_050926/raw/g5/g5__recovered29__n6p0__legacy_iso__d6.npz,1a2751b361ec4afaaaa42b8722500a04fc189b60aa5d4b5a7071cbb86f9d654f
g5,g5__recovered29__n6p0__op_iso__d6,recovered29,6.0,WCL,2498,640.4858880648014,"{""kind"": ""opcenter_exact_iso"", ""seed"": 7828}",results/archives/PAPERB_B9C_REMAINING_AUTHOR_RUN_050926.zip,PAPERB_B9C_REMAINING_AUTHOR_RUN_050926/raw/g5/g5__recovered29__n6p0__op_iso__d6.npz,ed15b47bb5d0831988cdac3a317081502f4e11d34e7890cb244ffc46e9d9ede2
g5,g5__recovered29__n6p0__op_iso__d6,recovered29,6.0,ABS,2498,653.8967313603557,"{""kind"": ""opcenter_exact_iso"", ""seed"": 7828}",results/archives/PAPERB_B9C_REMAINING_AUTHOR_RUN_050926.zip,PAPERB_B9C_REMAINING_AUTHOR_RUN_050926/raw/g5/g5__recovered29__n6p0__op_iso__d6.npz,ed15b47bb5d0831988cdac3a317081502f4e11d34e7890cb244ffc46e9d9ede2
g5,g5__recovered29__n6p0__op_iso__d6,recovered29,6.0,DIFF,2498,889.5256384043464,"{""kind"": ""opcenter_exact_iso"", ""seed"": 7828}",results/archives/PAPERB_B9C_REMAINING_AUTHOR_RUN_050926.zip,PAPERB_B9C_REMAINING_AUTHOR_RUN_050926/raw/g5/g5__recovered29__n6p0__op_iso__d6.npz,ed15b47bb5d0831988cdac3a317081502f4e11d34e7890cb244ffc46e9d9ede2
g5,g5__recovered29__n6p0__op_iso__d6,recovered29,6.0,Min-Max,2498,472.24336585489607,"{""kind"": ""opcenter_exact_iso"", ""seed"": 7828}",results/archives/PAPERB_B9C_REMAINING_AUTHOR_RUN_050926.zip,PAPERB_B9C_REMAINING_AUTHOR_RUN_050926/raw/g5/g5__recovered29__n6p0__op_iso__d6.npz,ed15b47bb5d0831988cdac3a317081502f4e11d34e7890cb244ffc46e9d9ede2
g5,g5__recovered29__n6p0__one__d7,recovered29,6.0,WCL,2498,612.147024681859,"{""D"": 10000, ""draw"": 7, ""f"": 1, ""kind"": ""fraction""}",results/archives/PAPERB_B9C_REMAINING_AUTHOR_RUN_050926.zip,PAPERB_B9C_REMAINING_AUTHOR_RUN_050926/raw/g5/g5__recovered29__n6p0__one__d7.npz,4574651dc93b2cbcd5319cdd7b26a4a2be56da5d149b4856dc14b5d882de9d66
g5,g5__recovered29__n6p0__one__d7,recovered29,6.0,ABS,2498,647.5318984431553,"{""D"": 10000, ""draw"": 7, ""f"": 1, ""kind"": ""fraction""}",results/archives/PAPERB_B9C_REMAINING_AUTHOR_RUN_050926.zip,PAPERB_B9C_REMAINING_AUTHOR_RUN_050926/raw/g5/g5__recovered29__n6p0__one__d7.npz,4574651dc93b2cbcd5319cdd7b26a4a2be56da5d149b4856dc14b5d882de9d66
g5,g5__recovered29__n6p0__one__d7,recovered29,6.0,DIFF,2498,935.1131610080904,"{""D"": 10000, ""draw"": 7, ""f"": 1, ""kind"": ""fraction""}",results/archives/PAPERB_B9C_REMAINING_AUTHOR_RUN_050926.zip,PAPERB_B9C_REMAINING_AUTHOR_RUN_050926/raw/g5/g5__recovered29__n6p0__one__d7.npz,4574651dc93b2cbcd5319cdd7b26a4a2be56da5d149b4856dc14b5d882de9d66
g5,g5__recovered29__n6p0__one__d7,recovered29,6.0,Min-Max,2498,459.2131018780125,"{""D"": 10000, ""draw"": 7, ""f"": 1, ""kind"": ""fraction""}",results/archives/PAPERB_B9C_REMAINING_AUTHOR_RUN_050926.zip,PAPERB_B9C_REMAINING_AUTHOR_RUN_050926/raw/g5/g5__recovered29__n6p0__one__d7.npz,4574651dc93b2cbcd5319cdd7b26a4a2be56da5d149b4856dc14b5d882de9d66
g5,g5__recovered29__n6p0__all__d7,recovered29,6.0,WCL,2498,7095.320409580323,"{""D"": 10000, ""draw"": 7, ""f"": 29, ""kind"": ""fraction""}",results/archives/PAPERB_B9C_REMAINING_AUTHOR_RUN_050926.zip,PAPERB_B9C_REMAINING_AUTHOR_RUN_050926/raw/g5/g5__recovered29__n6p0__all__d7.npz,492563774c274a03e453a6065fa17fe0b950ce9d27615f042bff7c95f88de333
g5,g5__recovered29__n6p0__all__d7,recovered29,6.0,ABS,2498,3631.3317556537086,"{""D"": 10000, ""draw"": 7, ""f"": 29, ""kind"": ""fraction""}",results/archives/PAPERB_B9C_REMAINING_AUTHOR_RUN_050926.zip,PAPERB_B9C_REMAINING_AUTHOR_RUN_050926/raw/g5/g5__recovered29__n6p0__all__d7.npz,492563774c274a03e453a6065fa17fe0b950ce9d27615f042bff7c95f88de333
g5,g5__recovered29__n6p0__all__d7,recovered29,6.0,DIFF,2498,4201.853019218421,"{""D"": 10000, ""draw"": 7, ""f"": 29, ""kind"": ""fraction""}",results/archives/PAPERB_B9C_REMAINING_AUTHOR_RUN_050926.zip,PAPERB_B9C_REMAINING_AUTHOR_RUN_050926/raw/g5/g5__recovered29__n6p0__all__d7.npz,492563774c274a03e453a6065fa17fe0b950ce9d27615f042bff7c95f88de333
g5,g5__recovered29__n6p0__all__d7,recovered29,6.0,Min-Max,2498,4342.549850252244,"{""D"": 10000, ""draw"": 7, ""f"": 29, ""kind"": ""fraction""}",results/archives/PAPERB_B9C_REMAINING_AUTHOR_RUN_050926.zip,PAPERB_B9C_REMAINING_AUTHOR_RUN_050926/raw/g5/g5__recovered29__n6p0__all__d7.npz,492563774c274a03e453a6065fa17fe0b950ce9d27615f042bff7c95f88de333
g5,g5__recovered29__n6p0__top6__d7,recovered29,6.0,WCL,2498,884.6824018270964,"{""D"": 5000, ""draw"": 7, ""k"": 6, ""kind"": ""topk""}",results/archives/PAPERB_B9C_REMAINING_AUTHOR_RUN_050926.zip,PAPERB_B9C_REMAINING_AUTHOR_RUN_050926/raw/g5/g5__recovered29__n6p0__top6__d7.npz,e04f34ca39b8eb4bb1648e7bee3ce72e3083940967ffb73275289af0b56731a4
g5,g5__recovered29__n6p0__top6__d7,recovered29,6.0,ABS,2498,827.3548386988261,"{""D"": 5000, ""draw"": 7, ""k"": 6, ""kind"": ""topk""}",results/archives/PAPERB_B9C_REMAINING_AUTHOR_RUN_050926.zip,PAPERB_B9C_REMAINING_AUTHOR_RUN_050926/raw/g5/g5__recovered29__n6p0__top6__d7.npz,e04f34ca39b8eb4bb1648e7bee3ce72e3083940967ffb73275289af0b56731a4
g5,g5__recovered29__n6p0__top6__d7,recovered29,6.0,DIFF,2498,1151.7445848549487,"{""D"": 5000, ""draw"": 7, ""k"": 6, ""kind"": ""topk""}",results/archives/PAPERB_B9C_REMAINING_AUTHOR_RUN_050926.zip,PAPERB_B9C_REMAINING_AUTHOR_RUN_050926/raw/g5/g5__recovered29__n6p0__top6__d7.npz,e04f34ca39b8eb4bb1648e7bee3ce72e3083940967ffb73275289af0b56731a4
g5,g5__recovered29__n6p0__top6__d7,recovered29,6.0,Min-Max,2498,832.5390854218499,"{""D"": 5000, ""draw"": 7, ""k"": 6, ""kind"": ""topk""}",results/archives/PAPERB_B9C_REMAINING_AUTHOR_RUN_050926.zip,PAPERB_B9C_REMAINING_AUTHOR_RUN_050926/raw/g5/g5__recovered29__n6p0__top6__d7.npz,e04f34ca39b8eb4bb1648e7bee3ce72e3083940967ffb73275289af0b56731a4
g5,g5__recovered29__n6p0__top7__d7,recovered29,6.0,WCL,2498,2078.685521487075,"{""D"": 5000, ""draw"": 7, ""k"": 7, ""kind"": ""topk""}",results/archives/PAPERB_B9C_REMAINING_AUTHOR_RUN_050926.zip,PAPERB_B9C_REMAINING_AUTHOR_RUN_050926/raw/g5/g5__recovered29__n6p0__top7__d7.npz,f9969f7700f79a62ad5852ca78a65bc644d5f1065d6c514876d33a3f4e46c7c2
g5,g5__recovered29__n6p0__top7__d7,recovered29,6.0,ABS,2498,1099.5802742011338,"{""D"": 5000, ""draw"": 7, ""k"": 7, ""kind"": ""topk""}",results/archives/PAPERB_B9C_REMAINING_AUTHOR_RUN_050926.zip,PAPERB_B9C_REMAINING_AUTHOR_RUN_050926/raw/g5/g5__recovered29__n6p0__top7__d7.npz,f9969f7700f79a62ad5852ca78a65bc644d5f1065d6c514876d33a3f4e46c7c2
g5,g5__recovered29__n6p0__top7__d7,recovered29,6.0,DIFF,2498,1434.8668079330234,"{""D"": 5000, ""draw"": 7, ""k"": 7, ""kind"": ""topk""}",results/archives/PAPERB_B9C_REMAINING_AUTHOR_RUN_050926.zip,PAPERB_B9C_REMAINING_AUTHOR_RUN_050926/raw/g5/g5__recovered29__n6p0__top7__d7.npz,f9969f7700f79a62ad5852ca78a65bc644d5f1065d6c514876d33a3f4e46c7c2
g5,g5__recovered29__n6p0__top7__d7,recovered29,6.0,Min-Max,2498,1441.6859748883994,"{""D"": 5000, ""draw"": 7, ""k"": 7, ""kind"": ""topk""}",results/archives/PAPERB_B9C_REMAINING_AUTHOR_RUN_050926.zip,PAPERB_B9C_REMAINING_AUTHOR_RUN_050926/raw/g5/g5__recovered29__n6p0__top7__d7.npz,f9969f7700f79a62ad5852ca78a65bc644d5f1065d6c514876d33a3f4e46c7c2
g5,g5__recovered29__n6p0__legacy_iso__d7,recovered29,6.0,WCL,2498,755.411914916422,"{""kind"": ""legacy_iso"", ""seed"": 4841}",results/archives/PAPERB_B9C_REMAINING_AUTHOR_RUN_050926.zip,PAPERB_B9C_REMAINING_AUTHOR_RUN_050926/raw/g5/g5__recovered29__n6p0__legacy_iso__d7.npz,cd26de7225cf95365fa3f041d54fa5acf787a160cf699e439e13a9fdd2ed9ead
g5,g5__recovered29__n6p0__legacy_iso__d7,recovered29,6.0,ABS,2498,713.0226820762846,"{""kind"": ""legacy_iso"", ""seed"": 4841}",results/archives/PAPERB_B9C_REMAINING_AUTHOR_RUN_050926.zip,PAPERB_B9C_REMAINING_AUTHOR_RUN_050926/raw/g5/g5__recovered29__n6p0__legacy_iso__d7.npz,cd26de7225cf95365fa3f041d54fa5acf787a160cf699e439e13a9fdd2ed9ead
g5,g5__recovered29__n6p0__legacy_iso__d7,recovered29,6.0,DIFF,2498,1266.5611010581533,"{""kind"": ""legacy_iso"", ""seed"": 4841}",results/archives/PAPERB_B9C_REMAINING_AUTHOR_RUN_050926.zip,PAPERB_B9C_REMAINING_AUTHOR_RUN_050926/raw/g5/g5__recovered29__n6p0__legacy_iso__d7.npz,cd26de7225cf95365fa3f041d54fa5acf787a160cf699e439e13a9fdd2ed9ead
g5,g5__recovered29__n6p0__legacy_iso__d7,recovered29,6.0,Min-Max,2498,525.6434139886735,"{""kind"": ""legacy_iso"", ""seed"": 4841}",results/archives/PAPERB_B9C_REMAINING_AUTHOR_RUN_050926.zip,PAPERB_B9C_REMAINING_AUTHOR_RUN_050926/raw/g5/g5__recovered29__n6p0__legacy_iso__d7.npz,cd26de7225cf95365fa3f041d54fa5acf787a160cf699e439e13a9fdd2ed9ead
g5,g5__recovered29__n6p0__op_iso__d7,recovered29,6.0,WCL,2498,712.8568587958771,"{""kind"": ""opcenter_exact_iso"", ""seed"": 7841}",results/archives/PAPERB_B9C_REMAINING_AUTHOR_RUN_050926.zip,PAPERB_B9C_REMAINING_AUTHOR_RUN_050926/raw/g5/g5__recovered29__n6p0__op_iso__d7.npz,27ce352a786b6ce6c3d428868ff7d5489041266ca009eec91b0257b33bd59055
g5,g5__recovered29__n6p0__op_iso__d7,recovered29,6.0,ABS,2498,651.032433621006,"{""kind"": ""opcenter_exact_iso"", ""seed"": 7841}",results/archives/PAPERB_B9C_REMAINING_AUTHOR_RUN_050926.zip,PAPERB_B9C_REMAINING_AUTHOR_RUN_050926/raw/g5/g5__recovered29__n6p0__op_iso__d7.npz,27ce352a786b6ce6c3d428868ff7d5489041266ca009eec91b0257b33bd59055
g5,g5__recovered29__n6p0__op_iso__d7,recovered29,6.0,DIFF,2498,1055.683668387082,"{""kind"": ""opcenter_exact_iso"", ""seed"": 7841}",results/archives/PAPERB_B9C_REMAINING_AUTHOR_RUN_050926.zip,PAPERB_B9C_REMAINING_AUTHOR_RUN_050926/raw/g5/g5__recovered29__n6p0__op_iso__d7.npz,27ce352a786b6ce6c3d428868ff7d5489041266ca009eec91b0257b33bd59055
g5,g5__recovered29__n6p0__op_iso__d7,recovered29,6.0,Min-Max,2498,485.59497848061915,"{""kind"": ""opcenter_exact_iso"", ""seed"": 7841}",results/archives/PAPERB_B9C_REMAINING_AUTHOR_RUN_050926.zip,PAPERB_B9C_REMAINING_AUTHOR_RUN_050926/raw/g5/g5__recovered29__n6p0__op_iso__d7.npz,27ce352a786b6ce6c3d428868ff7d5489041266ca009eec91b0257b33bd59055
g5,g5__recovered29__n6p0__legacy_rot,recovered29,6.0,WCL,2498,903.8424105221263,"{""deg"": 5.0, ""kind"": ""legacy_rotation""}",results/archives/PAPERB_B9C_REMAINING_AUTHOR_RUN_050926.zip,PAPERB_B9C_REMAINING_AUTHOR_RUN_050926/raw/g5/g5__recovered29__n6p0__legacy_rot.npz,6676f9a4b97beaf8fabc587db4e123113f2c17e1fd1befd7522fbafdec7ca2f7
g5,g5__recovered29__n6p0__legacy_rot,recovered29,6.0,ABS,2498,801.6569447391124,"{""deg"": 5.0, ""kind"": ""legacy_rotation""}",results/archives/PAPERB_B9C_REMAINING_AUTHOR_RUN_050926.zip,PAPERB_B9C_REMAINING_AUTHOR_RUN_050926/raw/g5/g5__recovered29__n6p0__legacy_rot.npz,6676f9a4b97beaf8fabc587db4e123113f2c17e1fd1befd7522fbafdec7ca2f7
g5,g5__recovered29__n6p0__legacy_rot,recovered29,6.0,DIFF,2498,1079.0961033552596,"{""deg"": 5.0, ""kind"": ""legacy_rotation""}",results/archives/PAPERB_B9C_REMAINING_AUTHOR_RUN_050926.zip,PAPERB_B9C_REMAINING_AUTHOR_RUN_050926/raw/g5/g5__recovered29__n6p0__legacy_rot.npz,6676f9a4b97beaf8fabc587db4e123113f2c17e1fd1befd7522fbafdec7ca2f7
g5,g5__recovered29__n6p0__legacy_rot,recovered29,6.0,Min-Max,2498,621.4790227415092,"{""deg"": 5.0, ""kind"": ""legacy_rotation""}",results/archives/PAPERB_B9C_REMAINING_AUTHOR_RUN_050926.zip,PAPERB_B9C_REMAINING_AUTHOR_RUN_050926/raw/g5/g5__recovered29__n6p0__legacy_rot.npz,6676f9a4b97beaf8fabc587db4e123113f2c17e1fd1befd7522fbafdec7ca2f7
g5,g5__recovered29__n6p0__op_rot,recovered29,6.0,WCL,2498,692.083060286274,"{""deg"": 5.0, ""kind"": ""opcenter_rotation""}",results/archives/PAPERB_B9C_REMAINING_AUTHOR_RUN_050926.zip,PAPERB_B9C_REMAINING_AUTHOR_RUN_050926/raw/g5/g5__recovered29__n6p0__op_rot.npz,966303d15508ef8dfd14a2e04e20939dd0db204ab78e1d6abfdea1e89e70bb1a
g5,g5__recovered29__n6p0__op_rot,recovered29,6.0,ABS,2498,686.2539406094631,"{""deg"": 5.0, ""kind"": ""opcenter_rotation""}",results/archives/PAPERB_B9C_REMAINING_AUTHOR_RUN_050926.zip,PAPERB_B9C_REMAINING_AUTHOR_RUN_050926/raw/g5/g5__recovered29__n6p0__op_rot.npz,966303d15508ef8dfd14a2e04e20939dd0db204ab78e1d6abfdea1e89e70bb1a
g5,g5__recovered29__n6p0__op_rot,recovered29,6.0,DIFF,2498,1085.3179510145264,"{""deg"": 5.0, ""kind"": ""opcenter_rotation""}",results/archives/PAPERB_B9C_REMAINING_AUTHOR_RUN_050926.zip,PAPERB_B9C_REMAINING_AUTHOR_RUN_050926/raw/g5/g5__recovered29__n6p0__op_rot.npz,966303d15508ef8dfd14a2e04e20939dd0db204ab78e1d6abfdea1e89e70bb1a
g5,g5__recovered29__n6p0__op_rot,recovered29,6.0,Min-Max,2498,498.90032857584015,"{""deg"": 5.0, ""kind"": ""opcenter_rotation""}",results/archives/PAPERB_B9C_REMAINING_AUTHOR_RUN_050926.zip,PAPERB_B9C_REMAINING_AUTHOR_RUN_050926/raw/g5/g5__recovered29__n6p0__op_rot.npz,966303d15508ef8dfd14a2e04e20939dd0db204ab78e1d6abfdea1e89e70bb1a
g5,g5__official32_minus71__n3p5__ref,official32_minus71,3.5,WCL,2498,561.0381783582943,"{""kind"": ""reference""}",results/archives/PAPERB_B9C_REMAINING_AUTHOR_RUN_050926.zip,PAPERB_B9C_REMAINING_AUTHOR_RUN_050926/raw/g5/g5__official32_minus71__n3p5__ref.npz,a2e419156ba55a713b64f3eaaf8c8f4e94c289dc5a2e309fb13965bbd991cdd5
g5,g5__official32_minus71__n3p5__ref,official32_minus71,3.5,ABS,2498,545.5232282055754,"{""kind"": ""reference""}",results/archives/PAPERB_B9C_REMAINING_AUTHOR_RUN_050926.zip,PAPERB_B9C_REMAINING_AUTHOR_RUN_050926/raw/g5/g5__official32_minus71__n3p5__ref.npz,a2e419156ba55a713b64f3eaaf8c8f4e94c289dc5a2e309fb13965bbd991cdd5
g5,g5__official32_minus71__n3p5__ref,official32_minus71,3.5,DIFF,2498,982.866888309844,"{""kind"": ""reference""}",results/archives/PAPERB_B9C_REMAINING_AUTHOR_RUN_050926.zip,PAPERB_B9C_REMAINING_AUTHOR_RUN_050926/raw/g5/g5__official32_minus71__n3p5__ref.npz,a2e419156ba55a713b64f3eaaf8c8f4e94c289dc5a2e309fb13965bbd991cdd5
g5,g5__official32_minus71__n3p5__ref,official32_minus71,3.5,Min-Max,2498,471.3808250223458,"{""kind"": ""reference""}",results/archives/PAPERB_B9C_REMAINING_AUTHOR_RUN_050926.zip,PAPERB_B9C_REMAINING_AUTHOR_RUN_050926/raw/g5/g5__official32_minus71__n3p5__ref.npz,a2e419156ba55a713b64f3eaaf8c8f4e94c289dc5a2e309fb13965bbd991cdd5
g5,g5__official32_minus71__n3p5__one__d0,official32_minus71,3.5,WCL,2498,578.2477415431833,"{""D"": 10000, ""draw"": 0, ""f"": 1, ""kind"": ""fraction""}",results/archives/PAPERB_B9C_REMAINING_AUTHOR_RUN_050926.zip,PAPERB_B9C_REMAINING_AUTHOR_RUN_050926/raw/g5/g5__official32_minus71__n3p5__one__d0.npz,f267dc4b824762ffe93e8e313a11612f2153597aec0bbc6e5fcc39eb42d4aefe
g5,g5__official32_minus71__n3p5__one__d0,official32_minus71,3.5,ABS,2498,571.5252451090057,"{""D"": 10000, ""draw"": 0, ""f"": 1, ""kind"": ""fraction""}",results/archives/PAPERB_B9C_REMAINING_AUTHOR_RUN_050926.zip,PAPERB_B9C_REMAINING_AUTHOR_RUN_050926/raw/g5/g5__official32_minus71__n3p5__one__d0.npz,f267dc4b824762ffe93e8e313a11612f2153597aec0bbc6e5fcc39eb42d4aefe
g5,g5__official32_minus71__n3p5__one__d0,official32_minus71,3.5,DIFF,2498,829.4030005442922,"{""D"": 10000, ""draw"": 0, ""f"": 1, ""kind"": ""fraction""}",results/archives/PAPERB_B9C_REMAINING_AUTHOR_RUN_050926.zip,PAPERB_B9C_REMAINING_AUTHOR_RUN_050926/raw/g5/g5__official32_minus71__n3p5__one__d0.npz,f267dc4b824762ffe93e8e313a11612f2153597aec0bbc6e5fcc39eb42d4aefe
g5,g5__official32_minus71__n3p5__one__d0,official32_minus71,3.5,Min-Max,2498,500.64006736394344,"{""D"": 10000, ""draw"": 0, ""f"": 1, ""kind"": ""fraction""}",results/archives/PAPERB_B9C_REMAINING_AUTHOR_RUN_050926.zip,PAPERB_B9C_REMAINING_AUTHOR_RUN_050926/raw/g5/g5__official32_minus71__n3p5__one__d0.npz,f267dc4b824762ffe93e8e313a11612f2153597aec0bbc6e5fcc39eb42d4aefe
g5,g5__official32_minus71__n3p5__all__d0,official32_minus71,3.5,WCL,2498,5381.390568970957,"{""D"": 10000, ""draw"": 0, ""f"": 32, ""kind"": ""fraction""}",results/archives/PAPERB_B9C_REMAINING_AUTHOR_RUN_050926.zip,PAPERB_B9C_REMAINING_AUTHOR_RUN_050926/raw/g5/g5__official32_minus71__n3p5__all__d0.npz,ab74f0394c25c7979c4c46c5b3b10df01aae585d6d0c0f5543d0738276812515
g5,g5__official32_minus71__n3p5__all__d0,official32_minus71,3.5,ABS,2498,3350.9256349249436,"{""D"": 10000, ""draw"": 0, ""f"": 32, ""kind"": ""fraction""}",results/archives/PAPERB_B9C_REMAINING_AUTHOR_RUN_050926.zip,PAPERB_B9C_REMAINING_AUTHOR_RUN_050926/raw/g5/g5__official32_minus71__n3p5__all__d0.npz,ab74f0394c25c7979c4c46c5b3b10df01aae585d6d0c0f5543d0738276812515
g5,g5__official32_minus71__n3p5__all__d0,official32_minus71,3.5,DIFF,2498,3698.3131928185308,"{""D"": 10000, ""draw"": 0, ""f"": 32, ""kind"": ""fraction""}",results/archives/PAPERB_B9C_REMAINING_AUTHOR_RUN_050926.zip,PAPERB_B9C_REMAINING_AUTHOR_RUN_050926/raw/g5/g5__official32_minus71__n3p5__all__d0.npz,ab74f0394c25c7979c4c46c5b3b10df01aae585d6d0c0f5543d0738276812515
g5,g5__official32_minus71__n3p5__all__d0,official32_minus71,3.5,Min-Max,2498,3527.0262171693057,"{""D"": 10000, ""draw"": 0, ""f"": 32, ""kind"": ""fraction""}",results/archives/PAPERB_B9C_REMAINING_AUTHOR_RUN_050926.zip,PAPERB_B9C_REMAINING_AUTHOR_RUN_050926/raw/g5/g5__official32_minus71__n3p5__all__d0.npz,ab74f0394c25c7979c4c46c5b3b10df01aae585d6d0c0f5543d0738276812515
g5,g5__official32_minus71__n3p5__top6__d0,official32_minus71,3.5,WCL,2498,694.2216528089964,"{""D"": 5000, ""draw"": 0, ""k"": 6, ""kind"": ""topk""}",results/archives/PAPERB_B9C_REMAINING_AUTHOR_RUN_050926.zip,PAPERB_B9C_REMAINING_AUTHOR_RUN_050926/raw/g5/g5__official32_minus71__n3p5__top6__d0.npz,841701743c13adfa6a37cac38cffb2ddd24146f94c98a43c9004daafe4eeb4d7
g5,g5__official32_minus71__n3p5__top6__d0,official32_minus71,3.5,ABS,2498,671.6435379666262,"{""D"": 5000, ""draw"": 0, ""k"": 6, ""kind"": ""topk""}",results/archives/PAPERB_B9C_REMAINING_AUTHOR_RUN_050926.zip,PAPERB_B9C_REMAINING_AUTHOR_RUN_050926/raw/g5/g5__official32_minus71__n3p5__top6__d0.npz,841701743c13adfa6a37cac38cffb2ddd24146f94c98a43c9004daafe4eeb4d7
g5,g5__official32_minus71__n3p5__top6__d0,official32_minus71,3.5,DIFF,2498,897.2084696520058,"{""D"": 5000, ""draw"": 0, ""k"": 6, ""kind"": ""topk""}",results/archives/PAPERB_B9C_REMAINING_AUTHOR_RUN_050926.zip,PAPERB_B9C_REMAINING_AUTHOR_RUN_050926/raw/g5/g5__official32_minus71__n3p5__top6__d0.npz,841701743c13adfa6a37cac38cffb2ddd24146f94c98a43c9004daafe4eeb4d7
g5,g5__official32_minus71__n3p5__top6__d0,official32_minus71,3.5,Min-Max,2498,810.7834020549137,"{""D"": 5000, ""draw"": 0, ""k"": 6, ""kind"": ""topk""}",results/archives/PAPERB_B9C_REMAINING_AUTHOR_RUN_050926.zip,PAPERB_B9C_REMAINING_AUTHOR_RUN_050926/raw/g5/g5__official32_minus71__n3p5__top6__d0.npz,841701743c13adfa6a37cac38cffb2ddd24146f94c98a43c9004daafe4eeb4d7
g5,g5__official32_minus71__n3p5__top7__d0,official32_minus71,3.5,WCL,2498,1311.7643819724237,"{""D"": 5000, ""draw"": 0, ""k"": 7, ""kind"": ""topk""}",results/archives/PAPERB_B9C_REMAINING_AUTHOR_RUN_050926.zip,PAPERB_B9C_REMAINING_AUTHOR_RUN_050926/raw/g5/g5__official32_minus71__n3p5__top7__d0.npz,cba1c848aaa7d28d3bf60d5ef055cd64eb6ff442b59fe942b89a7db314115f3b
g5,g5__official32_minus71__n3p5__top7__d0,official32_minus71,3.5,ABS,2498,1047.5625610789095,"{""D"": 5000, ""draw"": 0, ""k"": 7, ""kind"": ""topk""}",results/archives/PAPERB_B9C_REMAINING_AUTHOR_RUN_050926.zip,PAPERB_B9C_REMAINING_AUTHOR_RUN_050926/raw/g5/g5__official32_minus71__n3p5__top7__d0.npz,cba1c848aaa7d28d3bf60d5ef055cd64eb6ff442b59fe942b89a7db314115f3b
g5,g5__official32_minus71__n3p5__top7__d0,official32_minus71,3.5,DIFF,2498,1429.513100420906,"{""D"": 5000, ""draw"": 0, ""k"": 7, ""kind"": ""topk""}",results/archives/PAPERB_B9C_REMAINING_AUTHOR_RUN_050926.zip,PAPERB_B9C_REMAINING_AUTHOR_RUN_050926/raw/g5/g5__official32_minus71__n3p5__top7__d0.npz,cba1c848aaa7d28d3bf60d5ef055cd64eb6ff442b59fe942b89a7db314115f3b
g5,g5__official32_minus71__n3p5__top7__d0,official32_minus71,3.5,Min-Max,2498,1231.5615658518343,"{""D"": 5000, ""draw"": 0, ""k"": 7, ""kind"": ""topk""}",results/archives/PAPERB_B9C_REMAINING_AUTHOR_RUN_050926.zip,PAPERB_B9C_REMAINING_AUTHOR_RUN_050926/raw/g5/g5__official32_minus71__n3p5__top7__d0.npz,cba1c848aaa7d28d3bf60d5ef055cd64eb6ff442b59fe942b89a7db314115f3b
g5,g5__official32_minus71__n3p5__legacy_iso__d0,official32_minus71,3.5,WCL,2498,602.6066262826364,"{""kind"": ""legacy_iso"", ""seed"": 4750}",results/archives/PAPERB_B9C_REMAINING_AUTHOR_RUN_050926.zip,PAPERB_B9C_REMAINING_AUTHOR_RUN_050926/raw/g5/g5__official32_minus71__n3p5__legacy_iso__d0.npz,1392b5b252356bed3818093906ab4c0699c9ec64ae8dacf88f62711f4f0ee1b0
g5,g5__official32_minus71__n3p5__legacy_iso__d0,official32_minus71,3.5,ABS,2498,615.7545695958846,"{""kind"": ""legacy_iso"", ""seed"": 4750}",results/archives/PAPERB_B9C_REMAINING_AUTHOR_RUN_050926.zip,PAPERB_B9C_REMAINING_AUTHOR_RUN_050926/raw/g5/g5__official32_minus71__n3p5__legacy_iso__d0.npz,1392b5b252356bed3818093906ab4c0699c9ec64ae8dacf88f62711f4f0ee1b0
g5,g5__official32_minus71__n3p5__legacy_iso__d0,official32_minus71,3.5,DIFF,2498,1185.3371304399798,"{""kind"": ""legacy_iso"", ""seed"": 4750}",results/archives/PAPERB_B9C_REMAINING_AUTHOR_RUN_050926.zip,PAPERB_B9C_REMAINING_AUTHOR_RUN_050926/raw/g5/g5__official32_minus71__n3p5__legacy_iso__d0.npz,1392b5b252356bed3818093906ab4c0699c9ec64ae8dacf88f62711f4f0ee1b0
g5,g5__official32_minus71__n3p5__legacy_iso__d0,official32_minus71,3.5,Min-Max,2498,497.5325412584797,"{""kind"": ""legacy_iso"", ""seed"": 4750}",results/archives/PAPERB_B9C_REMAINING_AUTHOR_RUN_050926.zip,PAPERB_B9C_REMAINING_AUTHOR_RUN_050926/raw/g5/g5__official32_minus71__n3p5__legacy_iso__d0.npz,1392b5b252356bed3818093906ab4c0699c9ec64ae8dacf88f62711f4f0ee1b0
g5,g5__official32_minus71__n3p5__op_iso__d0,official32_minus71,3.5,WCL,2498,563.364047144625,"{""kind"": ""opcenter_exact_iso"", ""seed"": 7750}",results/archives/PAPERB_B9C_REMAINING_AUTHOR_RUN_050926.zip,PAPERB_B9C_REMAINING_AUTHOR_RUN_050926/raw/g5/g5__official32_minus71__n3p5__op_iso__d0.npz,15427bf8a02869004400389d3a87838df0f7e9cf75e237670349531199ada9d8
g5,g5__official32_minus71__n3p5__op_iso__d0,official32_minus71,3.5,ABS,2498,570.9235937983982,"{""kind"": ""opcenter_exact_iso"", ""seed"": 7750}",results/archives/PAPERB_B9C_REMAINING_AUTHOR_RUN_050926.zip,PAPERB_B9C_REMAINING_AUTHOR_RUN_050926/raw/g5/g5__official32_minus71__n3p5__op_iso__d0.npz,15427bf8a02869004400389d3a87838df0f7e9cf75e237670349531199ada9d8
g5,g5__official32_minus71__n3p5__op_iso__d0,official32_minus71,3.5,DIFF,2498,1063.969147312118,"{""kind"": ""opcenter_exact_iso"", ""seed"": 7750}",results/archives/PAPERB_B9C_REMAINING_AUTHOR_RUN_050926.zip,PAPERB_B9C_REMAINING_AUTHOR_RUN_050926/raw/g5/g5__official32_minus71__n3p5__op_iso__d0.npz,15427bf8a02869004400389d3a87838df0f7e9cf75e237670349531199ada9d8
g5,g5__official32_minus71__n3p5__op_iso__d0,official32_minus71,3.5,Min-Max,2498,472.1864082442645,"{""kind"": ""opcenter_exact_iso"", ""seed"": 7750}",results/archives/PAPERB_B9C_REMAINING_AUTHOR_RUN_050926.zip,PAPERB_B9C_REMAINING_AUTHOR_RUN_050926/raw/g5/g5__official32_minus71__n3p5__op_iso__d0.npz,15427bf8a02869004400389d3a87838df0f7e9cf75e237670349531199ada9d8
g5,g5__official32_minus71__n3p5__one__d1,official32_minus71,3.5,WCL,2498,577.6348341524675,"{""D"": 10000, ""draw"": 1, ""f"": 1, ""kind"": ""fraction""}",results/archives/PAPERB_B9C_REMAINING_AUTHOR_RUN_050926.zip,PAPERB_B9C_REMAINING_AUTHOR_RUN_050926/raw/g5/g5__official32_minus71__n3p5__one__d1.npz,af80af2c7a45077e40be5a7cb8327ef2cce101885ccbfbfd12c88505292fa16b
g5,g5__official32_minus71__n3p5__one__d1,official32_minus71,3.5,ABS,2498,561.889981941026,"{""D"": 10000, ""draw"": 1, ""f"": 1, ""kind"": ""fraction""}",results/archives/PAPERB_B9C_REMAINING_AUTHOR_RUN_050926.zip,PAPERB_B9C_REMAINING_AUTHOR_RUN_050926/raw/g5/g5__official32_minus71__n3p5__one__d1.npz,af80af2c7a45077e40be5a7cb8327ef2cce101885ccbfbfd12c88505292fa16b
g5,g5__official32_minus71__n3p5__one__d1,official32_minus71,3.5,DIFF,2498,922.5603795197464,"{""D"": 10000, ""draw"": 1, ""f"": 1, ""kind"": ""fraction""}",results/archives/PAPERB_B9C_REMAINING_AUTHOR_RUN_050926.zip,PAPERB_B9C_REMAINING_AUTHOR_RUN_050926/raw/g5/g5__official32_minus71__n3p5__one__d1.npz,af80af2c7a45077e40be5a7cb8327ef2cce101885ccbfbfd12c88505292fa16b
g5,g5__official32_minus71__n3p5__one__d1,official32_minus71,3.5,Min-Max,2498,507.1375801966859,"{""D"": 10000, ""draw"": 1, ""f"": 1, ""kind"": ""fraction""}",results/archives/PAPERB_B9C_REMAINING_AUTHOR_RUN_050926.zip,PAPERB_B9C_REMAINING_AUTHOR_RUN_050926/raw/g5/g5__official32_minus71__n3p5__one__d1.npz,af80af2c7a45077e40be5a7cb8327ef2cce101885ccbfbfd12c88505292fa16b
g5,g5__official32_minus71__n3p5__all__d1,official32_minus71,3.5,WCL,2498,5941.017115264732,"{""D"": 10000, ""draw"": 1, ""f"": 32, ""kind"": ""fraction""}",results/archives/PAPERB_B9C_REMAINING_AUTHOR_RUN_050926.zip,PAPERB_B9C_REMAINING_AUTHOR_RUN_050926/raw/g5/g5__official32_minus71__n3p5__all__d1.npz,ff5384f5dffa6d6843e283640c51ffb23f480543e1f2dc4a97ec54ad0c3f741b
g5,g5__official32_minus71__n3p5__all__d1,official32_minus71,3.5,ABS,2498,3102.774260809598,"{""D"": 10000, ""draw"": 1, ""f"": 32, ""kind"": ""fraction""}",results/archives/PAPERB_B9C_REMAINING_AUTHOR_RUN_050926.zip,PAPERB_B9C_REMAINING_AUTHOR_RUN_050926/raw/g5/g5__official32_minus71__n3p5__all__d1.npz,ff5384f5dffa6d6843e283640c51ffb23f480543e1f2dc4a97ec54ad0c3f741b
g5,g5__official32_minus71__n3p5__all__d1,official32_minus71,3.5,DIFF,2498,3636.9076332241593,"{""D"": 10000, ""draw"": 1, ""f"": 32, ""kind"": ""fraction""}",results/archives/PAPERB_B9C_REMAINING_AUTHOR_RUN_050926.zip,PAPERB_B9C_REMAINING_AUTHOR_RUN_050926/raw/g5/g5__official32_minus71__n3p5__all__d1.npz,ff5384f5dffa6d6843e283640c51ffb23f480543e1f2dc4a97ec54ad0c3f741b
g5,g5__official32_minus71__n3p5__all__d1,official32_minus71,3.5,Min-Max,2498,3432.4439970906124,"{""D"": 10000, ""draw"": 1, ""f"": 32, ""kind"": ""fraction""}",results/archives/PAPERB_B9C_REMAINING_AUTHOR_RUN_050926.zip,PAPERB_B9C_REMAINING_AUTHOR_RUN_050926/raw/g5/g5__official32_minus71__n3p5__all__d1.npz,ff5384f5dffa6d6843e283640c51ffb23f480543e1f2dc4a97ec54ad0c3f741b
g5,g5__official32_minus71__n3p5__top6__d1,official32_minus71,3.5,WCL,2498,673.7239312447501,"{""D"": 5000, ""draw"": 1, ""k"": 6, ""kind"": ""topk""}",results/archives/PAPERB_B9C_REMAINING_AUTHOR_RUN_050926.zip,PAPERB_B9C_REMAINING_AUTHOR_RUN_050926/raw/g5/g5__official32_minus71__n3p5__top6__d1.npz,74c6981fc2db135018d57ec2afff2f2f89bcbf338bbedc65a9e38628bb2c61ff
g5,g5__official32_minus71__n3p5__top6__d1,official32_minus71,3.5,ABS,2498,599.7280946481703,"{""D"": 5000, ""draw"": 1, ""k"": 6, ""kind"": ""topk""}",results/archives/PAPERB_B9C_REMAINING_AUTHOR_RUN_050926.zip,PAPERB_B9C_REMAINING_AUTHOR_RUN_050926/raw/g5/g5__official32_minus71__n3p5__top6__d1.npz,74c6981fc2db135018d57ec2afff2f2f89bcbf338bbedc65a9e38628bb2c61ff
g5,g5__official32_minus71__n3p5__top6__d1,official32_minus71,3.5,DIFF,2498,911.1162768602026,"{""D"": 5000, ""draw"": 1, ""k"": 6, ""kind"": ""topk""}",results/archives/PAPERB_B9C_REMAINING_AUTHOR_RUN_050926.zip,PAPERB_B9C_REMAINING_AUTHOR_RUN_050926/raw/g5/g5__official32_minus71__n3p5__top6__d1.npz,74c6981fc2db135018d57ec2afff2f2f89bcbf338bbedc65a9e38628bb2c61ff
g5,g5__official32_minus71__n3p5__top6__d1,official32_minus71,3.5,Min-Max,2498,891.2053751662771,"{""D"": 5000, ""draw"": 1, ""k"": 6, ""kind"": ""topk""}",results/archives/PAPERB_B9C_REMAINING_AUTHOR_RUN_050926.zip,PAPERB_B9C_REMAINING_AUTHOR_RUN_050926/raw/g5/g5__official32_minus71__n3p5__top6__d1.npz,74c6981fc2db135018d57ec2afff2f2f89bcbf338bbedc65a9e38628bb2c61ff
g5,g5__official32_minus71__n3p5__top7__d1,official32_minus71,3.5,WCL,2498,1224.5146048116376,"{""D"": 5000, ""draw"": 1, ""k"": 7, ""kind"": ""topk""}",results/archives/PAPERB_B9C_REMAINING_AUTHOR_RUN_050926.zip,PAPERB_B9C_REMAINING_AUTHOR_RUN_050926/raw/g5/g5__official32_minus71__n3p5__top7__d1.npz,728c020cc89d87231b5bb7f9bc0aae35aa522155411470e7812578ac40e865f2
g5,g5__official32_minus71__n3p5__top7__d1,official32_minus71,3.5,ABS,2498,995.7163110676497,"{""D"": 5000, ""draw"": 1, ""k"": 7, ""kind"": ""topk""}",results/archives/PAPERB_B9C_REMAINING_AUTHOR_RUN_050926.zip,PAPERB_B9C_REMAINING_AUTHOR_RUN_050926/raw/g5/g5__official32_minus71__n3p5__top7__d1.npz,728c020cc89d87231b5bb7f9bc0aae35aa522155411470e7812578ac40e865f2
g5,g5__official32_minus71__n3p5__top7__d1,official32_minus71,3.5,DIFF,2498,1508.7801352986794,"{""D"": 5000, ""draw"": 1, ""k"": 7, ""kind"": ""topk""}",results/archives/PAPERB_B9C_REMAINING_AUTHOR_RUN_050926.zip,PAPERB_B9C_REMAINING_AUTHOR_RUN_050926/raw/g5/g5__official32_minus71__n3p5__top7__d1.npz,728c020cc89d87231b5bb7f9bc0aae35aa522155411470e7812578ac40e865f2
g5,g5__official32_minus71__n3p5__top7__d1,official32_minus71,3.5,Min-Max,2498,1289.9031978636765,"{""D"": 5000, ""draw"": 1, ""k"": 7, ""kind"": ""topk""}",results/archives/PAPERB_B9C_REMAINING_AUTHOR_RUN_050926.zip,PAPERB_B9C_REMAINING_AUTHOR_RUN_050926/raw/g5/g5__official32_minus71__n3p5__top7__d1.npz,728c020cc89d87231b5bb7f9bc0aae35aa522155411470e7812578ac40e865f2
g5,g5__official32_minus71__n3p5__legacy_iso__d1,official32_minus71,3.5,WCL,2498,612.2348285715839,"{""kind"": ""legacy_iso"", ""seed"": 4763}",results/archives/PAPERB_B9C_REMAINING_AUTHOR_RUN_050926.zip,PAPERB_B9C_REMAINING_AUTHOR_RUN_050926/raw/g5/g5__official32_minus71__n3p5__legacy_iso__d1.npz,4560887218984b4a04a5459f7b153d9867aaa30ee777a9c0515e553ce480c849
g5,g5__official32_minus71__n3p5__legacy_iso__d1,official32_minus71,3.5,ABS,2498,643.1273475979824,"{""kind"": ""legacy_iso"", ""seed"": 4763}",results/archives/PAPERB_B9C_REMAINING_AUTHOR_RUN_050926.zip,PAPERB_B9C_REMAINING_AUTHOR_RUN_050926/raw/g5/g5__official32_minus71__n3p5__legacy_iso__d1.npz,4560887218984b4a04a5459f7b153d9867aaa30ee777a9c0515e553ce480c849
g5,g5__official32_minus71__n3p5__legacy_iso__d1,official32_minus71,3.5,DIFF,2498,1112.6907012519441,"{""kind"": ""legacy_iso"", ""seed"": 4763}",results/archives/PAPERB_B9C_REMAINING_AUTHOR_RUN_050926.zip,PAPERB_B9C_REMAINING_AUTHOR_RUN_050926/raw/g5/g5__official32_minus71__n3p5__legacy_iso__d1.npz,4560887218984b4a04a5459f7b153d9867aaa30ee777a9c0515e553ce480c849
g5,g5__official32_minus71__n3p5__legacy_iso__d1,official32_minus71,3.5,Min-Max,2498,499.65349008745545,"{""kind"": ""legacy_iso"", ""seed"": 4763}",results/archives/PAPERB_B9C_REMAINING_AUTHOR_RUN_050926.zip,PAPERB_B9C_REMAINING_AUTHOR_RUN_050926/raw/g5/g5__official32_minus71__n3p5__legacy_iso__d1.npz,4560887218984b4a04a5459f7b153d9867aaa30ee777a9c0515e553ce480c849
g5,g5__official32_minus71__n3p5__op_iso__d1,official32_minus71,3.5,WCL,2498,527.2511445113541,"{""kind"": ""opcenter_exact_iso"", ""seed"": 7763}",results/archives/PAPERB_B9C_REMAINING_AUTHOR_RUN_050926.zip,PAPERB_B9C_REMAINING_AUTHOR_RUN_050926/raw/g5/g5__official32_minus71__n3p5__op_iso__d1.npz,f4685f587e43e139234c6d55c4820be09cb61f61a66ccab3b3a651e52d01cc26
g5,g5__official32_minus71__n3p5__op_iso__d1,official32_minus71,3.5,ABS,2498,524.7463956797708,"{""kind"": ""opcenter_exact_iso"", ""seed"": 7763}",results/archives/PAPERB_B9C_REMAINING_AUTHOR_RUN_050926.zip,PAPERB_B9C_REMAINING_AUTHOR_RUN_050926/raw/g5/g5__official32_minus71__n3p5__op_iso__d1.npz,f4685f587e43e139234c6d55c4820be09cb61f61a66ccab3b3a651e52d01cc26
g5,g5__official32_minus71__n3p5__op_iso__d1,official32_minus71,3.5,DIFF,2498,951.5130680335619,"{""kind"": ""opcenter_exact_iso"", ""seed"": 7763}",results/archives/PAPERB_B9C_REMAINING_AUTHOR_RUN_050926.zip,PAPERB_B9C_REMAINING_AUTHOR_RUN_050926/raw/g5/g5__official32_minus71__n3p5__op_iso__d1.npz,f4685f587e43e139234c6d55c4820be09cb61f61a66ccab3b3a651e52d01cc26
g5,g5__official32_minus71__n3p5__op_iso__d1,official32_minus71,3.5,Min-Max,2498,449.3439424120475,"{""kind"": ""opcenter_exact_iso"", ""seed"": 7763}",results/archives/PAPERB_B9C_REMAINING_AUTHOR_RUN_050926.zip,PAPERB_B9C_REMAINING_AUTHOR_RUN_050926/raw/g5/g5__official32_minus71__n3p5__op_iso__d1.npz,f4685f587e43e139234c6d55c4820be09cb61f61a66ccab3b3a651e52d01cc26
g5,g5__official32_minus71__n3p5__one__d2,official32_minus71,3.5,WCL,2498,595.5414523751542,"{""D"": 10000, ""draw"": 2, ""f"": 1, ""kind"": ""fraction""}",results/archives/PAPERB_B9C_REMAINING_AUTHOR_RUN_050926.zip,PAPERB_B9C_REMAINING_AUTHOR_RUN_050926/raw/g5/g5__official32_minus71__n3p5__one__d2.npz,65df01bb6f3246f9731cb3cc213e9064a2eb52c6da7e9e500bf1ee4c7706e9bb
g5,g5__official32_minus71__n3p5__one__d2,official32_minus71,3.5,ABS,2498,543.92385574623,"{""D"": 10000, ""draw"": 2, ""f"": 1, ""kind"": ""fraction""}",results/archives/PAPERB_B9C_REMAINING_AUTHOR_RUN_050926.zip,PAPERB_B9C_REMAINING_AUTHOR_RUN_050926/raw/g5/g5__official32_minus71__n3p5__one__d2.npz,65df01bb6f3246f9731cb3cc213e9064a2eb52c6da7e9e500bf1ee4c7706e9bb
g5,g5__official32_minus71__n3p5__one__d2,official32_minus71,3.5,DIFF,2498,838.3431649330475,"{""D"": 10000, ""draw"": 2, ""f"": 1, ""kind"": ""fraction""}",results/archives/PAPERB_B9C_REMAINING_AUTHOR_RUN_050926.zip,PAPERB_B9C_REMAINING_AUTHOR_RUN_050926/raw/g5/g5__official32_minus71__n3p5__one__d2.npz,65df01bb6f3246f9731cb3cc213e9064a2eb52c6da7e9e500bf1ee4c7706e9bb
g5,g5__official32_minus71__n3p5__one__d2,official32_minus71,3.5,Min-Max,2498,535.324936790333,"{""D"": 10000, ""draw"": 2, ""f"": 1, ""kind"": ""fraction""}",results/archives/PAPERB_B9C_REMAINING_AUTHOR_RUN_050926.zip,PAPERB_B9C_REMAINING_AUTHOR_RUN_050926/raw/g5/g5__official32_minus71__n3p5__one__d2.npz,65df01bb6f3246f9731cb3cc213e9064a2eb52c6da7e9e500bf1ee4c7706e9bb
g5,g5__official32_minus71__n3p5__all__d2,official32_minus71,3.5,WCL,2498,5924.926954902221,"{""D"": 10000, ""draw"": 2, ""f"": 32, ""kind"": ""fraction""}",results/archives/PAPERB_B9C_REMAINING_AUTHOR_RUN_050926.zip,PAPERB_B9C_REMAINING_AUTHOR_RUN_050926/raw/g5/g5__official32_minus71__n3p5__all__d2.npz,d1da85ee260417e01b283d7bb6bf8c67a8ee9d1671cabe1b34ede5f5f531abd2
g5,g5__official32_minus71__n3p5__all__d2,official32_minus71,3.5,ABS,2498,3258.49945473891,"{""D"": 10000, ""draw"": 2, ""f"": 32, ""kind"": ""fraction""}",results/archives/PAPERB_B9C_REMAINING_AUTHOR_RUN_050926.zip,PAPERB_B9C_REMAINING_AUTHOR_RUN_050926/raw/g5/g5__official32_minus71__n3p5__all__d2.npz,d1da85ee260417e01b283d7bb6bf8c67a8ee9d1671cabe1b34ede5f5f531abd2
g5,g5__official32_minus71__n3p5__all__d2,official32_minus71,3.5,DIFF,2498,3560.7950827715417,"{""D"": 10000, ""draw"": 2, ""f"": 32, ""kind"": ""fraction""}",results/archives/PAPERB_B9C_REMAINING_AUTHOR_RUN_050926.zip,PAPERB_B9C_REMAINING_AUTHOR_RUN_050926/raw/g5/g5__official32_minus71__n3p5__all__d2.npz,d1da85ee260417e01b283d7bb6bf8c67a8ee9d1671cabe1b34ede5f5f531abd2
g5,g5__official32_minus71__n3p5__all__d2,official32_minus71,3.5,Min-Max,2498,3618.5211639792024,"{""D"": 10000, ""draw"": 2, ""f"": 32, ""kind"": ""fraction""}",results/archives/PAPERB_B9C_REMAINING_AUTHOR_RUN_050926.zip,PAPERB_B9C_REMAINING_AUTHOR_RUN_050926/raw/g5/g5__official32_minus71__n3p5__all__d2.npz,d1da85ee260417e01b283d7bb6bf8c67a8ee9d1671cabe1b34ede5f5f531abd2
g5,g5__official32_minus71__n3p5__top6__d2,official32_minus71,3.5,WCL,2498,690.2003059061133,"{""D"": 5000, ""draw"": 2, ""k"": 6, ""kind"": ""topk""}",results/archives/PAPERB_B9C_REMAINING_AUTHOR_RUN_050926.zip,PAPERB_B9C_REMAINING_AUTHOR_RUN_050926/raw/g5/g5__official32_minus71__n3p5__top6__d2.npz,821dd8aa41c243f1a95f2e570c8f1c1713499bde87d69eb2e624bf1e399f0b69
g5,g5__official32_minus71__n3p5__top6__d2,official32_minus71,3.5,ABS,2498,670.5020949142677,"{""D"": 5000, ""draw"": 2, ""k"": 6, ""kind"": ""topk""}",results/archives/PAPERB_B9C_REMAINING_AUTHOR_RUN_050926.zip,PAPERB_B9C_REMAINING_AUTHOR_RUN_050926/raw/g5/g5__official32_minus71__n3p5__top6__d2.npz,821dd8aa41c243f1a95f2e570c8f1c1713499bde87d69eb2e624bf1e399f0b69
g5,g5__official32_minus71__n3p5__top6__d2,official32_minus71,3.5,DIFF,2498,899.4290057812564,"{""D"": 5000, ""draw"": 2, ""k"": 6, ""kind"": ""topk""}",results/archives/PAPERB_B9C_REMAINING_AUTHOR_RUN_050926.zip,PAPERB_B9C_REMAINING_AUTHOR_RUN_050926/raw/g5/g5__official32_minus71__n3p5__top6__d2.npz,821dd8aa41c243f1a95f2e570c8f1c1713499bde87d69eb2e624bf1e399f0b69
g5,g5__official32_minus71__n3p5__top6__d2,official32_minus71,3.5,Min-Max,2498,820.0614422983767,"{""D"": 5000, ""draw"": 2, ""k"": 6, ""kind"": ""topk""}",results/archives/PAPERB_B9C_REMAINING_AUTHOR_RUN_050926.zip,PAPERB_B9C_REMAINING_AUTHOR_RUN_050926/raw/g5/g5__official32_minus71__n3p5__top6__d2.npz,821dd8aa41c243f1a95f2e570c8f1c1713499bde87d69eb2e624bf1e399f0b69
g5,g5__official32_minus71__n3p5__top7__d2,official32_minus71,3.5,WCL,2498,1245.8019200152205,"{""D"": 5000, ""draw"": 2, ""k"": 7, ""kind"": ""topk""}",results/archives/PAPERB_B9C_REMAINING_AUTHOR_RUN_050926.zip,PAPERB_B9C_REMAINING_AUTHOR_RUN_050926/raw/g5/g5__official32_minus71__n3p5__top7__d2.npz,212eb8cce141a774af04f5b5b142ddf47eef9864bd684cc3d98009cd8f54c529
g5,g5__official32_minus71__n3p5__top7__d2,official32_minus71,3.5,ABS,2498,929.3861040703075,"{""D"": 5000, ""draw"": 2, ""k"": 7, ""kind"": ""topk""}",results/archives/PAPERB_B9C_REMAINING_AUTHOR_RUN_050926.zip,PAPERB_B9C_REMAINING_AUTHOR_RUN_050926/raw/g5/g5__official32_minus71__n3p5__top7__d2.npz,212eb8cce141a774af04f5b5b142ddf47eef9864bd684cc3d98009cd8f54c529
g5,g5__official32_minus71__n3p5__top7__d2,official32_minus71,3.5,DIFF,2498,1216.7375421664644,"{""D"": 5000, ""draw"": 2, ""k"": 7, ""kind"": ""topk""}",results/archives/PAPERB_B9C_REMAINING_AUTHOR_RUN_050926.zip,PAPERB_B9C_REMAINING_AUTHOR_RUN_050926/raw/g5/g5__official32_minus71__n3p5__top7__d2.npz,212eb8cce141a774af04f5b5b142ddf47eef9864bd684cc3d98009cd8f54c529
g5,g5__official32_minus71__n3p5__top7__d2,official32_minus71,3.5,Min-Max,2498,1226.1599912927265,"{""D"": 5000, ""draw"": 2, ""k"": 7, ""kind"": ""topk""}",results/archives/PAPERB_B9C_REMAINING_AUTHOR_RUN_050926.zip,PAPERB_B9C_REMAINING_AUTHOR_RUN_050926/raw/g5/g5__official32_minus71__n3p5__top7__d2.npz,212eb8cce141a774af04f5b5b142ddf47eef9864bd684cc3d98009cd8f54c529
g5,g5__official32_minus71__n3p5__legacy_iso__d2,official32_minus71,3.5,WCL,2498,629.3428223553835,"{""kind"": ""legacy_iso"", ""seed"": 4776}",results/archives/PAPERB_B9C_REMAINING_AUTHOR_RUN_050926.zip,PAPERB_B9C_REMAINING_AUTHOR_RUN_050926/raw/g5/g5__official32_minus71__n3p5__legacy_iso__d2.npz,bbfdb92af38e30b059d18719890fd9773da1ba8573b301d9db0848b1f4b1fb60
g5,g5__official32_minus71__n3p5__legacy_iso__d2,official32_minus71,3.5,ABS,2498,606.1050116939828,"{""kind"": ""legacy_iso"", ""seed"": 4776}",results/archives/PAPERB_B9C_REMAINING_AUTHOR_RUN_050926.zip,PAPERB_B9C_REMAINING_AUTHOR_RUN_050926/raw/g5/g5__official32_minus71__n3p5__legacy_iso__d2.npz,bbfdb92af38e30b059d18719890fd9773da1ba8573b301d9db0848b1f4b1fb60
g5,g5__official32_minus71__n3p5__legacy_iso__d2,official32_minus71,3.5,DIFF,2498,1220.28588717604,"{""kind"": ""legacy_iso"", ""seed"": 4776}",results/archives/PAPERB_B9C_REMAINING_AUTHOR_RUN_050926.zip,PAPERB_B9C_REMAINING_AUTHOR_RUN_050926/raw/g5/g5__official32_minus71__n3p5__legacy_iso__d2.npz,bbfdb92af38e30b059d18719890fd9773da1ba8573b301d9db0848b1f4b1fb60
g5,g5__official32_minus71__n3p5__legacy_iso__d2,official32_minus71,3.5,Min-Max,2498,512.8586865505113,"{""kind"": ""legacy_iso"", ""seed"": 4776}",results/archives/PAPERB_B9C_REMAINING_AUTHOR_RUN_050926.zip,PAPERB_B9C_REMAINING_AUTHOR_RUN_050926/raw/g5/g5__official32_minus71__n3p5__legacy_iso__d2.npz,bbfdb92af38e30b059d18719890fd9773da1ba8573b301d9db0848b1f4b1fb60
g5,g5__official32_minus71__n3p5__op_iso__d2,official32_minus71,3.5,WCL,2498,575.7146429274712,"{""kind"": ""opcenter_exact_iso"", ""seed"": 7776}",results/archives/PAPERB_B9C_REMAINING_AUTHOR_RUN_050926.zip,PAPERB_B9C_REMAINING_AUTHOR_RUN_050926/raw/g5/g5__official32_minus71__n3p5__op_iso__d2.npz,0fff6c5f47a8a124c095ca91d5d7852f13cff6c510961e8adb7147c163f3895f
g5,g5__official32_minus71__n3p5__op_iso__d2,official32_minus71,3.5,ABS,2498,552.423302659605,"{""kind"": ""opcenter_exact_iso"", ""seed"": 7776}",results/archives/PAPERB_B9C_REMAINING_AUTHOR_RUN_050926.zip,PAPERB_B9C_REMAINING_AUTHOR_RUN_050926/raw/g5/g5__official32_minus71__n3p5__op_iso__d2.npz,0fff6c5f47a8a124c095ca91d5d7852f13cff6c510961e8adb7147c163f3895f
g5,g5__official32_minus71__n3p5__op_iso__d2,official32_minus71,3.5,DIFF,2498,1034.0596319724698,"{""kind"": ""opcenter_exact_iso"", ""seed"": 7776}",results/archives/PAPERB_B9C_REMAINING_AUTHOR_RUN_050926.zip,PAPERB_B9C_REMAINING_AUTHOR_RUN_050926/raw/g5/g5__official32_minus71__n3p5__op_iso__d2.npz,0fff6c5f47a8a124c095ca91d5d7852f13cff6c510961e8adb7147c163f3895f
g5,g5__official32_minus71__n3p5__op_iso__d2,official32_minus71,3.5,Min-Max,2498,474.59812815563055,"{""kind"": ""opcenter_exact_iso"", ""seed"": 7776}",results/archives/PAPERB_B9C_REMAINING_AUTHOR_RUN_050926.zip,PAPERB_B9C_REMAINING_AUTHOR_RUN_050926/raw/g5/g5__official32_minus71__n3p5__op_iso__d2.npz,0fff6c5f47a8a124c095ca91d5d7852f13cff6c510961e8adb7147c163f3895f
g5,g5__official32_minus71__n3p5__one__d3,official32_minus71,3.5,WCL,2498,561.0381783582943,"{""D"": 10000, ""draw"": 3, ""f"": 1, ""kind"": ""fraction""}",results/archives/PAPERB_B9C_REMAINING_AUTHOR_RUN_050926.zip,PAPERB_B9C_REMAINING_AUTHOR_RUN_050926/raw/g5/g5__official32_minus71__n3p5__one__d3.npz,a6233487b97b85a2357143fda1437299ee9c5a79d76da64519c74aa0994576ba
g5,g5__official32_minus71__n3p5__one__d3,official32_minus71,3.5,ABS,2498,548.1407059298841,"{""D"": 10000, ""draw"": 3, ""f"": 1, ""kind"": ""fraction""}",results/archives/PAPERB_B9C_REMAINING_AUTHOR_RUN_050926.zip,PAPERB_B9C_REMAINING_AUTHOR_RUN_050926/raw/g5/g5__official32_minus71__n3p5__one__d3.npz,a6233487b97b85a2357143fda1437299ee9c5a79d76da64519c74aa0994576ba
g5,g5__official32_minus71__n3p5__one__d3,official32_minus71,3.5,DIFF,2498,974.3084013870318,"{""D"": 10000, ""draw"": 3, ""f"": 1, ""kind"": ""fraction""}",results/archives/PAPERB_B9C_REMAINING_AUTHOR_RUN_050926.zip,PAPERB_B9C_REMAINING_AUTHOR_RUN_050926/raw/g5/g5__official32_minus71__n3p5__one__d3.npz,a6233487b97b85a2357143fda1437299ee9c5a79d76da64519c74aa0994576ba
g5,g5__official32_minus71__n3p5__one__d3,official32_minus71,3.5,Min-Max,2498,471.1115814645169,"{""D"": 10000, ""draw"": 3, ""f"": 1, ""kind"": ""fraction""}",results/archives/PAPERB_B9C_REMAINING_AUTHOR_RUN_050926.zip,PAPERB_B9C_REMAINING_AUTHOR_RUN_050926/raw/g5/g5__official32_minus71__n3p5__one__d3.npz,a6233487b97b85a2357143fda1437299ee9c5a79d76da64519c74aa0994576ba
g5,g5__official32_minus71__n3p5__all__d3,official32_minus71,3.5,WCL,2498,5932.13512304796,"{""D"": 10000, ""draw"": 3, ""f"": 32, ""kind"": ""fraction""}",results/archives/PAPERB_B9C_REMAINING_AUTHOR_RUN_050926.zip,PAPERB_B9C_REMAINING_AUTHOR_RUN_050926/raw/g5/g5__official32_minus71__n3p5__all__d3.npz,6b5facd29abfeb06f02a384d7caa98d20dff0a9755ef285ddc90960b1fdb91d1
g5,g5__official32_minus71__n3p5__all__d3,official32_minus71,3.5,ABS,2498,3166.9292112000157,"{""D"": 10000, ""draw"": 3, ""f"": 32, ""kind"": ""fraction""}",results/archives/PAPERB_B9C_REMAINING_AUTHOR_RUN_050926.zip,PAPERB_B9C_REMAINING_AUTHOR_RUN_050926/raw/g5/g5__official32_minus71__n3p5__all__d3.npz,6b5facd29abfeb06f02a384d7caa98d20dff0a9755ef285ddc90960b1fdb91d1
g5,g5__official32_minus71__n3p5__all__d3,official32_minus71,3.5,DIFF,2498,3658.8278431090885,"{""D"": 10000, ""draw"": 3, ""f"": 32, ""kind"": ""fraction""}",results/archives/PAPERB_B9C_REMAINING_AUTHOR_RUN_050926.zip,PAPERB_B9C_REMAINING_AUTHOR_RUN_050926/raw/g5/g5__official32_minus71__n3p5__all__d3.npz,6b5facd29abfeb06f02a384d7caa98d20dff0a9755ef285ddc90960b1fdb91d1
g5,g5__official32_minus71__n3p5__all__d3,official32_minus71,3.5,Min-Max,2498,3715.7604991900716,"{""D"": 10000, ""draw"": 3, ""f"": 32, ""kind"": ""fraction""}",results/archives/PAPERB_B9C_REMAINING_AUTHOR_RUN_050926.zip,PAPERB_B9C_REMAINING_AUTHOR_RUN_050926/raw/g5/g5__official32_minus71__n3p5__all__d3.npz,6b5facd29abfeb06f02a384d7caa98d20dff0a9755ef285ddc90960b1fdb91d1
g5,g5__official32_minus71__n3p5__top6__d3,official32_minus71,3.5,WCL,2498,693.5046465344628,"{""D"": 5000, ""draw"": 3, ""k"": 6, ""kind"": ""topk""}",results/archives/PAPERB_B9C_REMAINING_AUTHOR_RUN_050926.zip,PAPERB_B9C_REMAINING_AUTHOR_RUN_050926/raw/g5/g5__official32_minus71__n3p5__top6__d3.npz,9e86ecf68419e3078d44be57a7b29d2d79fa3c782d3a15b12b18f26217672d84
g5,g5__official32_minus71__n3p5__top6__d3,official32_minus71,3.5,ABS,2498,628.7568429125768,"{""D"": 5000, ""draw"": 3, ""k"": 6, ""kind"": ""topk""}",results/archives/PAPERB_B9C_REMAINING_AUTHOR_RUN_050926.zip,PAPERB_B9C_REMAINING_AUTHOR_RUN_050926/raw/g5/g5__official32_minus71__n3p5__top6__d3.npz,9e86ecf68419e3078d44be57a7b29d2d79fa3c782d3a15b12b18f26217672d84
g5,g5__official32_minus71__n3p5__top6__d3,official32_minus71,3.5,DIFF,2498,915.2853800317264,"{""D"": 5000, ""draw"": 3, ""k"": 6, ""kind"": ""topk""}",results/archives/PAPERB_B9C_REMAINING_AUTHOR_RUN_050926.zip,PAPERB_B9C_REMAINING_AUTHOR_RUN_050926/raw/g5/g5__official32_minus71__n3p5__top6__d3.npz,9e86ecf68419e3078d44be57a7b29d2d79fa3c782d3a15b12b18f26217672d84
g5,g5__official32_minus71__n3p5__top6__d3,official32_minus71,3.5,Min-Max,2498,772.5854794463323,"{""D"": 5000, ""draw"": 3, ""k"": 6, ""kind"": ""topk""}",results/archives/PAPERB_B9C_REMAINING_AUTHOR_RUN_050926.zip,PAPERB_B9C_REMAINING_AUTHOR_RUN_050926/raw/g5/g5__official32_minus71__n3p5__top6__d3.npz,9e86ecf68419e3078d44be57a7b29d2d79fa3c782d3a15b12b18f26217672d84
g5,g5__official32_minus71__n3p5__top7__d3,official32_minus71,3.5,WCL,2498,1264.5320113333285,"{""D"": 5000, ""draw"": 3, ""k"": 7, ""kind"": ""topk""}",results/archives/PAPERB_B9C_REMAINING_AUTHOR_RUN_050926.zip,PAPERB_B9C_REMAINING_AUTHOR_RUN_050926/raw/g5/g5__official32_minus71__n3p5__top7__d3.npz,4597006a74aa81c4f9018e03ec1b352d6cd8f406984f83cbd7d6421dcb323b19
g5,g5__official32_minus71__n3p5__top7__d3,official32_minus71,3.5,ABS,2498,989.5111551447392,"{""D"": 5000, ""draw"": 3, ""k"": 7, ""kind"": ""topk""}",results/archives/PAPERB_B9C_REMAINING_AUTHOR_RUN_050926.zip,PAPERB_B9C_REMAINING_AUTHOR_RUN_050926/raw/g5/g5__official32_minus71__n3p5__top7__d3.npz,4597006a74aa81c4f9018e03ec1b352d6cd8f406984f83cbd7d6421dcb323b19
g5,g5__official32_minus71__n3p5__top7__d3,official32_minus71,3.5,DIFF,2498,1232.9233343326482,"{""D"": 5000, ""draw"": 3, ""k"": 7, ""kind"": ""topk""}",results/archives/PAPERB_B9C_REMAINING_AUTHOR_RUN_050926.zip,PAPERB_B9C_REMAINING_AUTHOR_RUN_050926/raw/g5/g5__official32_minus71__n3p5__top7__d3.npz,4597006a74aa81c4f9018e03ec1b352d6cd8f406984f83cbd7d6421dcb323b19
g5,g5__official32_minus71__n3p5__top7__d3,official32_minus71,3.5,Min-Max,2498,1191.5993402744864,"{""D"": 5000, ""draw"": 3, ""k"": 7, ""kind"": ""topk""}",results/archives/PAPERB_B9C_REMAINING_AUTHOR_RUN_050926.zip,PAPERB_B9C_REMAINING_AUTHOR_RUN_050926/raw/g5/g5__official32_minus71__n3p5__top7__d3.npz,4597006a74aa81c4f9018e03ec1b352d6cd8f406984f83cbd7d6421dcb323b19
g5,g5__official32_minus71__n3p5__legacy_iso__d3,official32_minus71,3.5,WCL,2498,700.8515996426612,"{""kind"": ""legacy_iso"", ""seed"": 4789}",results/archives/PAPERB_B9C_REMAINING_AUTHOR_RUN_050926.zip,PAPERB_B9C_REMAINING_AUTHOR_RUN_050926/raw/g5/g5__official32_minus71__n3p5__legacy_iso__d3.npz,b313b6e356ead5a9860ece3d3e8a90741aac274dda9620c2699ef364022e81db
g5,g5__official32_minus71__n3p5__legacy_iso__d3,official32_minus71,3.5,ABS,2498,657.0414566905721,"{""kind"": ""legacy_iso"", ""seed"": 4789}",results/archives/PAPERB_B9C_REMAINING_AUTHOR_RUN_050926.zip,PAPERB_B9C_REMAINING_AUTHOR_RUN_050926/raw/g5/g5__official32_minus71__n3p5__legacy_iso__d3.npz,b313b6e356ead5a9860ece3d3e8a90741aac274dda9620c2699ef364022e81db
g5,g5__official32_minus71__n3p5__legacy_iso__d3,official32_minus71,3.5,DIFF,2498,1210.3208721688204,"{""kind"": ""legacy_iso"", ""seed"": 4789}",results/archives/PAPERB_B9C_REMAINING_AUTHOR_RUN_050926.zip,PAPERB_B9C_REMAINING_AUTHOR_RUN_050926/raw/g5/g5__official32_minus71__n3p5__legacy_iso__d3.npz,b313b6e356ead5a9860ece3d3e8a90741aac274dda9620c2699ef364022e81db
g5,g5__official32_minus71__n3p5__legacy_iso__d3,official32_minus71,3.5,Min-Max,2498,573.0162309163026,"{""kind"": ""legacy_iso"", ""seed"": 4789}",results/archives/PAPERB_B9C_REMAINING_AUTHOR_RUN_050926.zip,PAPERB_B9C_REMAINING_AUTHOR_RUN_050926/raw/g5/g5__official32_minus71__n3p5__legacy_iso__d3.npz,b313b6e356ead5a9860ece3d3e8a90741aac274dda9620c2699ef364022e81db
g5,g5__official32_minus71__n3p5__op_iso__d3,official32_minus71,3.5,WCL,2498,566.0596653314446,"{""kind"": ""opcenter_exact_iso"", ""seed"": 7789}",results/archives/PAPERB_B9C_REMAINING_AUTHOR_RUN_050926.zip,PAPERB_B9C_REMAINING_AUTHOR_RUN_050926/raw/g5/g5__official32_minus71__n3p5__op_iso__d3.npz,49f23ffce5f23ac731059c4b02683453723afb7aee713704eeab1973c2d83b51
g5,g5__official32_minus71__n3p5__op_iso__d3,official32_minus71,3.5,ABS,2498,535.6792739812254,"{""kind"": ""opcenter_exact_iso"", ""seed"": 7789}",results/archives/PAPERB_B9C_REMAINING_AUTHOR_RUN_050926.zip,PAPERB_B9C_REMAINING_AUTHOR_RUN_050926/raw/g5/g5__official32_minus71__n3p5__op_iso__d3.npz,49f23ffce5f23ac731059c4b02683453723afb7aee713704eeab1973c2d83b51
g5,g5__official32_minus71__n3p5__op_iso__d3,official32_minus71,3.5,DIFF,2498,1011.0688846253454,"{""kind"": ""opcenter_exact_iso"", ""seed"": 7789}",results/archives/PAPERB_B9C_REMAINING_AUTHOR_RUN_050926.zip,PAPERB_B9C_REMAINING_AUTHOR_RUN_050926/raw/g5/g5__official32_minus71__n3p5__op_iso__d3.npz,49f23ffce5f23ac731059c4b02683453723afb7aee713704eeab1973c2d83b51
g5,g5__official32_minus71__n3p5__op_iso__d3,official32_minus71,3.5,Min-Max,2498,470.51399988041624,"{""kind"": ""opcenter_exact_iso"", ""seed"": 7789}",results/archives/PAPERB_B9C_REMAINING_AUTHOR_RUN_050926.zip,PAPERB_B9C_REMAINING_AUTHOR_RUN_050926/raw/g5/g5__official32_minus71__n3p5__op_iso__d3.npz,49f23ffce5f23ac731059c4b02683453723afb7aee713704eeab1973c2d83b51
g5,g5__official32_minus71__n3p5__one__d4,official32_minus71,3.5,WCL,2498,591.3272686770551,"{""D"": 10000, ""draw"": 4, ""f"": 1, ""kind"": ""fraction""}",results/archives/PAPERB_B9C_REMAINING_AUTHOR_RUN_050926.zip,PAPERB_B9C_REMAINING_AUTHOR_RUN_050926/raw/g5/g5__official32_minus71__n3p5__one__d4.npz,65acbb3208a41537ae05f0ac69564d7bcfb54c2b1907f7cabdf56d9dac5807c1
g5,g5__official32_minus71__n3p5__one__d4,official32_minus71,3.5,ABS,2498,555.1802349374925,"{""D"": 10000, ""draw"": 4, ""f"": 1, ""kind"": ""fraction""}",results/archives/PAPERB_B9C_REMAINING_AUTHOR_RUN_050926.zip,PAPERB_B9C_REMAINING_AUTHOR_RUN_050926/raw/g5/g5__official32_minus71__n3p5__one__d4.npz,65acbb3208a41537ae05f0ac69564d7bcfb54c2b1907f7cabdf56d9dac5807c1
g5,g5__official32_minus71__n3p5__one__d4,official32_minus71,3.5,DIFF,2498,865.6402510038154,"{""D"": 10000, ""draw"": 4, ""f"": 1, ""kind"": ""fraction""}",results/archives/PAPERB_B9C_REMAINING_AUTHOR_RUN_050926.zip,PAPERB_B9C_REMAINING_AUTHOR_RUN_050926/raw/g5/g5__official32_minus71__n3p5__one__d4.npz,65acbb3208a41537ae05f0ac69564d7bcfb54c2b1907f7cabdf56d9dac5807c1
g5,g5__official32_minus71__n3p5__one__d4,official32_minus71,3.5,Min-Max,2498,540.7742469118564,"{""D"": 10000, ""draw"": 4, ""f"": 1, ""kind"": ""fraction""}",results/archives/PAPERB_B9C_REMAINING_AUTHOR_RUN_050926.zip,PAPERB_B9C_REMAINING_AUTHOR_RUN_050926/raw/g5/g5__official32_minus71__n3p5__one__d4.npz,65acbb3208a41537ae05f0ac69564d7bcfb54c2b1907f7cabdf56d9dac5807c1
g5,g5__official32_minus71__n3p5__all__d4,official32_minus71,3.5,WCL,2498,5971.7080410047565,"{""D"": 10000, ""draw"": 4, ""f"": 32, ""kind"": ""fraction""}",results/archives/PAPERB_B9C_REMAINING_AUTHOR_RUN_050926.zip,PAPERB_B9C_REMAINING_AUTHOR_RUN_050926/raw/g5/g5__official32_minus71__n3p5__all__d4.npz,56368bcbb0a7b729676d7abda1522db840be73a5e8ae320e238c614ae49b5aa3
g5,g5__official32_minus71__n3p5__all__d4,official32_minus71,3.5,ABS,2498,3157.680868311445,"{""D"": 10000, ""draw"": 4, ""f"": 32, ""kind"": ""fraction""}",results/archives/PAPERB_B9C_REMAINING_AUTHOR_RUN_050926.zip,PAPERB_B9C_REMAINING_AUTHOR_RUN_050926/raw/g5/g5__official32_minus71__n3p5__all__d4.npz,56368bcbb0a7b729676d7abda1522db840be73a5e8ae320e238c614ae49b5aa3
g5,g5__official32_minus71__n3p5__all__d4,official32_minus71,3.5,DIFF,2498,3473.222766808998,"{""D"": 10000, ""draw"": 4, ""f"": 32, ""kind"": ""fraction""}",results/archives/PAPERB_B9C_REMAINING_AUTHOR_RUN_050926.zip,PAPERB_B9C_REMAINING_AUTHOR_RUN_050926/raw/g5/g5__official32_minus71__n3p5__all__d4.npz,56368bcbb0a7b729676d7abda1522db840be73a5e8ae320e238c614ae49b5aa3
g5,g5__official32_minus71__n3p5__all__d4,official32_minus71,3.5,Min-Max,2498,3467.8733368259764,"{""D"": 10000, ""draw"": 4, ""f"": 32, ""kind"": ""fraction""}",results/archives/PAPERB_B9C_REMAINING_AUTHOR_RUN_050926.zip,PAPERB_B9C_REMAINING_AUTHOR_RUN_050926/raw/g5/g5__official32_minus71__n3p5__all__d4.npz,56368bcbb0a7b729676d7abda1522db840be73a5e8ae320e238c614ae49b5aa3
g5,g5__official32_minus71__n3p5__top6__d4,official32_minus71,3.5,WCL,2498,706.9909857314179,"{""D"": 5000, ""draw"": 4, ""k"": 6, ""kind"": ""topk""}",results/archives/PAPERB_B9C_REMAINING_AUTHOR_RUN_050926.zip,PAPERB_B9C_REMAINING_AUTHOR_RUN_050926/raw/g5/g5__official32_minus71__n3p5__top6__d4.npz,50a80503a8a4dbb2bccf3261aea85cec9d86a65781239020a140281272282cc7
g5,g5__official32_minus71__n3p5__top6__d4,official32_minus71,3.5,ABS,2498,654.1601866404895,"{""D"": 5000, ""draw"": 4, ""k"": 6, ""kind"": ""topk""}",results/archives/PAPERB_B9C_REMAINING_AUTHOR_RUN_050926.zip,PAPERB_B9C_REMAINING_AUTHOR_RUN_050926/raw/g5/g5__official32_minus71__n3p5__top6__d4.npz,50a80503a8a4dbb2bccf3261aea85cec9d86a65781239020a140281272282cc7
g5,g5__official32_minus71__n3p5__top6__d4,official32_minus71,3.5,DIFF,2498,892.0605593171299,"{""D"": 5000, ""draw"": 4, ""k"": 6, ""kind"": ""topk""}",results/archives/PAPERB_B9C_REMAINING_AUTHOR_RUN_050926.zip,PAPERB_B9C_REMAINING_AUTHOR_RUN_050926/raw/g5/g5__official32_minus71__n3p5__top6__d4.npz,50a80503a8a4dbb2bccf3261aea85cec9d86a65781239020a140281272282cc7
g5,g5__official32_minus71__n3p5__top6__d4,official32_minus71,3.5,Min-Max,2498,800.4312262017818,"{""D"": 5000, ""draw"": 4, ""k"": 6, ""kind"": ""topk""}",results/archives/PAPERB_B9C_REMAINING_AUTHOR_RUN_050926.zip,PAPERB_B9C_REMAINING_AUTHOR_RUN_050926/raw/g5/g5__official32_minus71__n3p5__top6__d4.npz,50a80503a8a4dbb2bccf3261aea85cec9d86a65781239020a140281272282cc7
g5,g5__official32_minus71__n3p5__top7__d4,official32_minus71,3.5,WCL,2498,1352.0288120478817,"{""D"": 5000, ""draw"": 4, ""k"": 7, ""kind"": ""topk""}",results/archives/PAPERB_B9C_REMAINING_AUTHOR_RUN_050926.zip,PAPERB_B9C_REMAINING_AUTHOR_RUN_050926/raw/g5/g5__official32_minus71__n3p5__top7__d4.npz,079e2454be4928ea59732000762352adb8090b18d007535941ea756f44422034
g5,g5__official32_minus71__n3p5__top7__d4,official32_minus71,3.5,ABS,2498,966.5042517343818,"{""D"": 5000, ""draw"": 4, ""k"": 7, ""kind"": ""topk""}",results/archives/PAPERB_B9C_REMAINING_AUTHOR_RUN_050926.zip,PAPERB_B9C_REMAINING_AUTHOR_RUN_050926/raw/g5/g5__official32_minus71__n3p5__top7__d4.npz,079e2454be4928ea59732000762352adb8090b18d007535941ea756f44422034
g5,g5__official32_minus71__n3p5__top7__d4,official32_minus71,3.5,DIFF,2498,1296.1551833427088,"{""D"": 5000, ""draw"": 4, ""k"": 7, ""kind"": ""topk""}",results/archives/PAPERB_B9C_REMAINING_AUTHOR_RUN_050926.zip,PAPERB_B9C_REMAINING_AUTHOR_RUN_050926/raw/g5/g5__official32_minus71__n3p5__top7__d4.npz,079e2454be4928ea59732000762352adb8090b18d007535941ea756f44422034
g5,g5__official32_minus71__n3p5__top7__d4,official32_minus71,3.5,Min-Max,2498,1312.578854501624,"{""D"": 5000, ""draw"": 4, ""k"": 7, ""kind"": ""topk""}",results/archives/PAPERB_B9C_REMAINING_AUTHOR_RUN_050926.zip,PAPERB_B9C_REMAINING_AUTHOR_RUN_050926/raw/g5/g5__official32_minus71__n3p5__top7__d4.npz,079e2454be4928ea59732000762352adb8090b18d007535941ea756f44422034
g5,g5__official32_minus71__n3p5__legacy_iso__d4,official32_minus71,3.5,WCL,2498,645.7176400356246,"{""kind"": ""legacy_iso"", ""seed"": 4802}",results/archives/PAPERB_B9C_REMAINING_AUTHOR_RUN_050926.zip,PAPERB_B9C_REMAINING_AUTHOR_RUN_050926/raw/g5/g5__official32_minus71__n3p5__legacy_iso__d4.npz,4d13e30edb00ccafb273d5e977da9469c18baf4e7da7b9ccdd3471b0b474ecd7
g5,g5__official32_minus71__n3p5__legacy_iso__d4,official32_minus71,3.5,ABS,2498,692.7234162446465,"{""kind"": ""legacy_iso"", ""seed"": 4802}",results/archives/PAPERB_B9C_REMAINING_AUTHOR_RUN_050926.zip,PAPERB_B9C_REMAINING_AUTHOR_RUN_050926/raw/g5/g5__official32_minus71__n3p5__legacy_iso__d4.npz,4d13e30edb00ccafb273d5e977da9469c18baf4e7da7b9ccdd3471b0b474ecd7
g5,g5__official32_minus71__n3p5__legacy_iso__d4,official32_minus71,3.5,DIFF,2498,1250.4682873162815,"{""kind"": ""legacy_iso"", ""seed"": 4802}",results/archives/PAPERB_B9C_REMAINING_AUTHOR_RUN_050926.zip,PAPERB_B9C_REMAINING_AUTHOR_RUN_050926/raw/g5/g5__official32_minus71__n3p5__legacy_iso__d4.npz,4d13e30edb00ccafb273d5e977da9469c18baf4e7da7b9ccdd3471b0b474ecd7
g5,g5__official32_minus71__n3p5__legacy_iso__d4,official32_minus71,3.5,Min-Max,2498,535.0067522171544,"{""kind"": ""legacy_iso"", ""seed"": 4802}",results/archives/PAPERB_B9C_REMAINING_AUTHOR_RUN_050926.zip,PAPERB_B9C_REMAINING_AUTHOR_RUN_050926/raw/g5/g5__official32_minus71__n3p5__legacy_iso__d4.npz,4d13e30edb00ccafb273d5e977da9469c18baf4e7da7b9ccdd3471b0b474ecd7
g5,g5__official32_minus71__n3p5__op_iso__d4,official32_minus71,3.5,WCL,2498,540.7202025797197,"{""kind"": ""opcenter_exact_iso"", ""seed"": 7802}",results/archives/PAPERB_B9C_REMAINING_AUTHOR_RUN_050926.zip,PAPERB_B9C_REMAINING_AUTHOR_RUN_050926/raw/g5/g5__official32_minus71__n3p5__op_iso__d4.npz,de4f385b875107a426f92b4254fb3a75832c6ba95771df4ae6b113296633210e
g5,g5__official32_minus71__n3p5__op_iso__d4,official32_minus71,3.5,ABS,2498,534.7414567990094,"{""kind"": ""opcenter_exact_iso"", ""seed"": 7802}",results/archives/PAPERB_B9C_REMAINING_AUTHOR_RUN_050926.zip,PAPERB_B9C_REMAINING_AUTHOR_RUN_050926/raw/g5/g5__official32_minus71__n3p5__op_iso__d4.npz,de4f385b875107a426f92b4254fb3a75832c6ba95771df4ae6b113296633210e
g5,g5__official32_minus71__n3p5__op_iso__d4,official32_minus71,3.5,DIFF,2498,999.4014347283428,"{""kind"": ""opcenter_exact_iso"", ""seed"": 7802}",results/archives/PAPERB_B9C_REMAINING_AUTHOR_RUN_050926.zip,PAPERB_B9C_REMAINING_AUTHOR_RUN_050926/raw/g5/g5__official32_minus71__n3p5__op_iso__d4.npz,de4f385b875107a426f92b4254fb3a75832c6ba95771df4ae6b113296633210e
g5,g5__official32_minus71__n3p5__op_iso__d4,official32_minus71,3.5,Min-Max,2498,464.1337847672747,"{""kind"": ""opcenter_exact_iso"", ""seed"": 7802}",results/archives/PAPERB_B9C_REMAINING_AUTHOR_RUN_050926.zip,PAPERB_B9C_REMAINING_AUTHOR_RUN_050926/raw/g5/g5__official32_minus71__n3p5__op_iso__d4.npz,de4f385b875107a426f92b4254fb3a75832c6ba95771df4ae6b113296633210e
g5,g5__official32_minus71__n3p5__one__d5,official32_minus71,3.5,WCL,2498,561.0381783582943,"{""D"": 10000, ""draw"": 5, ""f"": 1, ""kind"": ""fraction""}",results/archives/PAPERB_B9C_REMAINING_AUTHOR_RUN_050926.zip,PAPERB_B9C_REMAINING_AUTHOR_RUN_050926/raw/g5/g5__official32_minus71__n3p5__one__d5.npz,3d77e7bf5e2d09ec0ae99f22f88c7be6ddafedccd0920654499175f91934954d
g5,g5__official32_minus71__n3p5__one__d5,official32_minus71,3.5,ABS,2498,546.3855442533246,"{""D"": 10000, ""draw"": 5, ""f"": 1, ""kind"": ""fraction""}",results/archives/PAPERB_B9C_REMAINING_AUTHOR_RUN_050926.zip,PAPERB_B9C_REMAINING_AUTHOR_RUN_050926/raw/g5/g5__official32_minus71__n3p5__one__d5.npz,3d77e7bf5e2d09ec0ae99f22f88c7be6ddafedccd0920654499175f91934954d
g5,g5__official32_minus71__n3p5__one__d5,official32_minus71,3.5,DIFF,2498,973.554004176927,"{""D"": 10000, ""draw"": 5, ""f"": 1, ""kind"": ""fraction""}",results/archives/PAPERB_B9C_REMAINING_AUTHOR_RUN_050926.zip,PAPERB_B9C_REMAINING_AUTHOR_RUN_050926/raw/g5/g5__official32_minus71__n3p5__one__d5.npz,3d77e7bf5e2d09ec0ae99f22f88c7be6ddafedccd0920654499175f91934954d
g5,g5__official32_minus71__n3p5__one__d5,official32_minus71,3.5,Min-Max,2498,471.3808250223458,"{""D"": 10000, ""draw"": 5, ""f"": 1, ""kind"": ""fraction""}",results/archives/PAPERB_B9C_REMAINING_AUTHOR_RUN_050926.zip,PAPERB_B9C_REMAINING_AUTHOR_RUN_050926/raw/g5/g5__official32_minus71__n3p5__one__d5.npz,3d77e7bf5e2d09ec0ae99f22f88c7be6ddafedccd0920654499175f91934954d
g5,g5__official32_minus71__n3p5__all__d5,official32_minus71,3.5,WCL,2498,5810.0695262113895,"{""D"": 10000, ""draw"": 5, ""f"": 32, ""kind"": ""fraction""}",results/archives/PAPERB_B9C_REMAINING_AUTHOR_RUN_050926.zip,PAPERB_B9C_REMAINING_AUTHOR_RUN_050926/raw/g5/g5__official32_minus71__n3p5__all__d5.npz,f78184d321677ade262c3d8386832921b8f82b4a52d193195bfe45606d1b5241
g5,g5__official32_minus71__n3p5__all__d5,official32_minus71,3.5,ABS,2498,3023.4481248444117,"{""D"": 10000, ""draw"": 5, ""f"": 32, ""kind"": ""fraction""}",results/archives/PAPERB_B9C_REMAINING_AUTHOR_RUN_050926.zip,PAPERB_B9C_REMAINING_AUTHOR_RUN_050926/raw/g5/g5__official32_minus71__n3p5__all__d5.npz,f78184d321677ade262c3d8386832921b8f82b4a52d193195bfe45606d1b5241
g5,g5__official32_minus71__n3p5__all__d5,official32_minus71,3.5,DIFF,2498,3496.0010428099554,"{""D"": 10000, ""draw"": 5, ""f"": 32, ""kind"": ""fraction""}",results/archives/PAPERB_B9C_REMAINING_AUTHOR_RUN_050926.zip,PAPERB_B9C_REMAINING_AUTHOR_RUN_050926/raw/g5/g5__official32_minus71__n3p5__all__d5.npz,f78184d321677ade262c3d8386832921b8f82b4a52d193195bfe45606d1b5241
g5,g5__official32_minus71__n3p5__all__d5,official32_minus71,3.5,Min-Max,2498,3869.516620793012,"{""D"": 10000, ""draw"": 5, ""f"": 32, ""kind"": ""fraction""}",results/archives/PAPERB_B9C_REMAINING_AUTHOR_RUN_050926.zip,PAPERB_B9C_REMAINING_AUTHOR_RUN_050926/raw/g5/g5__official32_minus71__n3p5__all__d5.npz,f78184d321677ade262c3d8386832921b8f82b4a52d193195bfe45606d1b5241
g5,g5__official32_minus71__n3p5__top6__d5,official32_minus71,3.5,WCL,2498,710.4565023864918,"{""D"": 5000, ""draw"": 5, ""k"": 6, ""kind"": ""topk""}",results/archives/PAPERB_B9C_REMAINING_AUTHOR_RUN_050926.zip,PAPERB_B9C_REMAINING_AUTHOR_RUN_050926/raw/g5/g5__official32_minus71__n3p5__top6__d5.npz,3acd6121293a516ede9c40c278bfd5f8e30b2fb23868287565cb3917d06a280a
g5,g5__official32_minus71__n3p5__top6__d5,official32_minus71,3.5,ABS,2498,643.4267364938734,"{""D"": 5000, ""draw"": 5, ""k"": 6, ""kind"": ""topk""}",results/archives/PAPERB_B9C_REMAINING_AUTHOR_RUN_050926.zip,PAPERB_B9C_REMAINING_AUTHOR_RUN_050926/raw/g5/g5__official32_minus71__n3p5__top6__d5.npz,3acd6121293a516ede9c40c278bfd5f8e30b2fb23868287565cb3917d06a280a
g5,g5__official32_minus71__n3p5__top6__d5,official32_minus71,3.5,DIFF,2498,881.5574027620039,"{""D"": 5000, ""draw"": 5, ""k"": 6, ""kind"": ""topk""}",results/archives/PAPERB_B9C_REMAINING_AUTHOR_RUN_050926.zip,PAPERB_B9C_REMAINING_AUTHOR_RUN_050926/raw/g5/g5__official32_minus71__n3p5__top6__d5.npz,3acd6121293a516ede9c40c278bfd5f8e30b2fb23868287565cb3917d06a280a
g5,g5__official32_minus71__n3p5__top6__d5,official32_minus71,3.5,Min-Max,2498,900.4173229697743,"{""D"": 5000, ""draw"": 5, ""k"": 6, ""kind"": ""topk""}",results/archives/PAPERB_B9C_REMAINING_AUTHOR_RUN_050926.zip,PAPERB_B9C_REMAINING_AUTHOR_RUN_050926/raw/g5/g5__official32_minus71__n3p5__top6__d5.npz,3acd6121293a516ede9c40c278bfd5f8e30b2fb23868287565cb3917d06a280a
g5,g5__official32_minus71__n3p5__top7__d5,official32_minus71,3.5,WCL,2498,1399.2110541608267,"{""D"": 5000, ""draw"": 5, ""k"": 7, ""kind"": ""topk""}",results/archives/PAPERB_B9C_REMAINING_AUTHOR_RUN_050926.zip,PAPERB_B9C_REMAINING_AUTHOR_RUN_050926/raw/g5/g5__official32_minus71__n3p5__top7__d5.npz,93c3878e0fcaf281a71876a15f048ad7415dfeb4964d915c278df9e1979ec959
g5,g5__official32_minus71__n3p5__top7__d5,official32_minus71,3.5,ABS,2498,934.9645948997209,"{""D"": 5000, ""draw"": 5, ""k"": 7, ""kind"": ""topk""}",results/archives/PAPERB_B9C_REMAINING_AUTHOR_RUN_050926.zip,PAPERB_B9C_REMAINING_AUTHOR_RUN_050926/raw/g5/g5__official32_minus71__n3p5__top7__d5.npz,93c3878e0fcaf281a71876a15f048ad7415dfeb4964d915c278df9e1979ec959
g5,g5__official32_minus71__n3p5__top7__d5,official32_minus71,3.5,DIFF,2498,1463.8364037934411,"{""D"": 5000, ""draw"": 5, ""k"": 7, ""kind"": ""topk""}",results/archives/PAPERB_B9C_REMAINING_AUTHOR_RUN_050926.zip,PAPERB_B9C_REMAINING_AUTHOR_RUN_050926/raw/g5/g5__official32_minus71__n3p5__top7__d5.npz,93c3878e0fcaf281a71876a15f048ad7415dfeb4964d915c278df9e1979ec959
g5,g5__official32_minus71__n3p5__top7__d5,official32_minus71,3.5,Min-Max,2498,1273.1850135086986,"{""D"": 5000, ""draw"": 5, ""k"": 7, ""kind"": ""topk""}",results/archives/PAPERB_B9C_REMAINING_AUTHOR_RUN_050926.zip,PAPERB_B9C_REMAINING_AUTHOR_RUN_050926/raw/g5/g5__official32_minus71__n3p5__top7__d5.npz,93c3878e0fcaf281a71876a15f048ad7415dfeb4964d915c278df9e1979ec959
g5,g5__official32_minus71__n3p5__legacy_iso__d5,official32_minus71,3.5,WCL,2498,655.4752974508843,"{""kind"": ""legacy_iso"", ""seed"": 4815}",results/archives/PAPERB_B9C_REMAINING_AUTHOR_RUN_050926.zip,PAPERB_B9C_REMAINING_AUTHOR_RUN_050926/raw/g5/g5__official32_minus71__n3p5__legacy_iso__d5.npz,b53204a7a43223ed17c8a315820f76a58a031c8b3f97dc34997fb1cb192c5fb6
g5,g5__official32_minus71__n3p5__legacy_iso__d5,official32_minus71,3.5,ABS,2498,652.8355437455023,"{""kind"": ""legacy_iso"", ""seed"": 4815}",results/archives/PAPERB_B9C_REMAINING_AUTHOR_RUN_050926.zip,PAPERB_B9C_REMAINING_AUTHOR_RUN_050926/raw/g5/g5__official32_minus71__n3p5__legacy_iso__d5.npz,b53204a7a43223ed17c8a315820f76a58a031c8b3f97dc34997fb1cb192c5fb6
g5,g5__official32_minus71__n3p5__legacy_iso__d5,official32_minus71,3.5,DIFF,2498,1218.9726740782557,"{""kind"": ""legacy_iso"", ""seed"": 4815}",results/archives/PAPERB_B9C_REMAINING_AUTHOR_RUN_050926.zip,PAPERB_B9C_REMAINING_AUTHOR_RUN_050926/raw/g5/g5__official32_minus71__n3p5__legacy_iso__d5.npz,b53204a7a43223ed17c8a315820f76a58a031c8b3f97dc34997fb1cb192c5fb6
g5,g5__official32_minus71__n3p5__legacy_iso__d5,official32_minus71,3.5,Min-Max,2498,532.7779674930039,"{""kind"": ""legacy_iso"", ""seed"": 4815}",results/archives/PAPERB_B9C_REMAINING_AUTHOR_RUN_050926.zip,PAPERB_B9C_REMAINING_AUTHOR_RUN_050926/raw/g5/g5__official32_minus71__n3p5__legacy_iso__d5.npz,b53204a7a43223ed17c8a315820f76a58a031c8b3f97dc34997fb1cb192c5fb6
g5,g5__official32_minus71__n3p5__op_iso__d5,official32_minus71,3.5,WCL,2498,571.410444735978,"{""kind"": ""opcenter_exact_iso"", ""seed"": 7815}",results/archives/PAPERB_B9C_REMAINING_AUTHOR_RUN_050926.zip,PAPERB_B9C_REMAINING_AUTHOR_RUN_050926/raw/g5/g5__official32_minus71__n3p5__op_iso__d5.npz,d7e98dbc97f9da1aa452568e49fb2fe05031c66c1d178428d2a73341453a33fc
g5,g5__official32_minus71__n3p5__op_iso__d5,official32_minus71,3.5,ABS,2498,526.9957838574016,"{""kind"": ""opcenter_exact_iso"", ""seed"": 7815}",results/archives/PAPERB_B9C_REMAINING_AUTHOR_RUN_050926.zip,PAPERB_B9C_REMAINING_AUTHOR_RUN_050926/raw/g5/g5__official32_minus71__n3p5__op_iso__d5.npz,d7e98dbc97f9da1aa452568e49fb2fe05031c66c1d178428d2a73341453a33fc
g5,g5__official32_minus71__n3p5__op_iso__d5,official32_minus71,3.5,DIFF,2498,1027.3553799019294,"{""kind"": ""opcenter_exact_iso"", ""seed"": 7815}",results/archives/PAPERB_B9C_REMAINING_AUTHOR_RUN_050926.zip,PAPERB_B9C_REMAINING_AUTHOR_RUN_050926/raw/g5/g5__official32_minus71__n3p5__op_iso__d5.npz,d7e98dbc97f9da1aa452568e49fb2fe05031c66c1d178428d2a73341453a33fc
g5,g5__official32_minus71__n3p5__op_iso__d5,official32_minus71,3.5,Min-Max,2498,465.55611832395937,"{""kind"": ""opcenter_exact_iso"", ""seed"": 7815}",results/archives/PAPERB_B9C_REMAINING_AUTHOR_RUN_050926.zip,PAPERB_B9C_REMAINING_AUTHOR_RUN_050926/raw/g5/g5__official32_minus71__n3p5__op_iso__d5.npz,d7e98dbc97f9da1aa452568e49fb2fe05031c66c1d178428d2a73341453a33fc
g5,g5__official32_minus71__n3p5__one__d6,official32_minus71,3.5,WCL,2498,564.4511456783991,"{""D"": 10000, ""draw"": 6, ""f"": 1, ""kind"": ""fraction""}",results/archives/PAPERB_B9C_REMAINING_AUTHOR_RUN_050926.zip,PAPERB_B9C_REMAINING_AUTHOR_RUN_050926/raw/g5/g5__official32_minus71__n3p5__one__d6.npz,2531823eb4b22332b010de9b5209b69dafe101e856e4f3c20b9c48e63a6b2e73
g5,g5__official32_minus71__n3p5__one__d6,official32_minus71,3.5,ABS,2498,544.4927104306394,"{""D"": 10000, ""draw"": 6, ""f"": 1, ""kind"": ""fraction""}",results/archives/PAPERB_B9C_REMAINING_AUTHOR_RUN_050926.zip,PAPERB_B9C_REMAINING_AUTHOR_RUN_050926/raw/g5/g5__official32_minus71__n3p5__one__d6.npz,2531823eb4b22332b010de9b5209b69dafe101e856e4f3c20b9c48e63a6b2e73
g5,g5__official32_minus71__n3p5__one__d6,official32_minus71,3.5,DIFF,2498,961.5573736447895,"{""D"": 10000, ""draw"": 6, ""f"": 1, ""kind"": ""fraction""}",results/archives/PAPERB_B9C_REMAINING_AUTHOR_RUN_050926.zip,PAPERB_B9C_REMAINING_AUTHOR_RUN_050926/raw/g5/g5__official32_minus71__n3p5__one__d6.npz,2531823eb4b22332b010de9b5209b69dafe101e856e4f3c20b9c48e63a6b2e73
g5,g5__official32_minus71__n3p5__one__d6,official32_minus71,3.5,Min-Max,2498,473.9437292365127,"{""D"": 10000, ""draw"": 6, ""f"": 1, ""kind"": ""fraction""}",results/archives/PAPERB_B9C_REMAINING_AUTHOR_RUN_050926.zip,PAPERB_B9C_REMAINING_AUTHOR_RUN_050926/raw/g5/g5__official32_minus71__n3p5__one__d6.npz,2531823eb4b22332b010de9b5209b69dafe101e856e4f3c20b9c48e63a6b2e73
g5,g5__official32_minus71__n3p5__all__d6,official32_minus71,3.5,WCL,2498,5165.144197039481,"{""D"": 10000, ""draw"": 6, ""f"": 32, ""kind"": ""fraction""}",results/archives/PAPERB_B9C_REMAINING_AUTHOR_RUN_050926.zip,PAPERB_B9C_REMAINING_AUTHOR_RUN_050926/raw/g5/g5__official32_minus71__n3p5__all__d6.npz,6ae411d34b2152480dceb31d61c2c2de19b2836b52a2e878e6dfa9ea2c1729d9
g5,g5__official32_minus71__n3p5__all__d6,official32_minus71,3.5,ABS,2498,3045.009726254501,"{""D"": 10000, ""draw"": 6, ""f"": 32, ""kind"": ""fraction""}",results/archives/PAPERB_B9C_REMAINING_AUTHOR_RUN_050926.zip,PAPERB_B9C_REMAINING_AUTHOR_RUN_050926/raw/g5/g5__official32_minus71__n3p5__all__d6.npz,6ae411d34b2152480dceb31d61c2c2de19b2836b52a2e878e6dfa9ea2c1729d9
g5,g5__official32_minus71__n3p5__all__d6,official32_minus71,3.5,DIFF,2498,3493.164243876819,"{""D"": 10000, ""draw"": 6, ""f"": 32, ""kind"": ""fraction""}",results/archives/PAPERB_B9C_REMAINING_AUTHOR_RUN_050926.zip,PAPERB_B9C_REMAINING_AUTHOR_RUN_050926/raw/g5/g5__official32_minus71__n3p5__all__d6.npz,6ae411d34b2152480dceb31d61c2c2de19b2836b52a2e878e6dfa9ea2c1729d9
g5,g5__official32_minus71__n3p5__all__d6,official32_minus71,3.5,Min-Max,2498,3291.152645356734,"{""D"": 10000, ""draw"": 6, ""f"": 32, ""kind"": ""fraction""}",results/archives/PAPERB_B9C_REMAINING_AUTHOR_RUN_050926.zip,PAPERB_B9C_REMAINING_AUTHOR_RUN_050926/raw/g5/g5__official32_minus71__n3p5__all__d6.npz,6ae411d34b2152480dceb31d61c2c2de19b2836b52a2e878e6dfa9ea2c1729d9
g5,g5__official32_minus71__n3p5__top6__d6,official32_minus71,3.5,WCL,2498,704.3131032362975,"{""D"": 5000, ""draw"": 6, ""k"": 6, ""kind"": ""topk""}",results/archives/PAPERB_B9C_REMAINING_AUTHOR_RUN_050926.zip,PAPERB_B9C_REMAINING_AUTHOR_RUN_050926/raw/g5/g5__official32_minus71__n3p5__top6__d6.npz,f790df3ea1764b70c0f8914cf9acf135f9e1dcf0047912c7609065423b40b0ab
g5,g5__official32_minus71__n3p5__top6__d6,official32_minus71,3.5,ABS,2498,667.8127188458946,"{""D"": 5000, ""draw"": 6, ""k"": 6, ""kind"": ""topk""}",results/archives/PAPERB_B9C_REMAINING_AUTHOR_RUN_050926.zip,PAPERB_B9C_REMAINING_AUTHOR_RUN_050926/raw/g5/g5__official32_minus71__n3p5__top6__d6.npz,f790df3ea1764b70c0f8914cf9acf135f9e1dcf0047912c7609065423b40b0ab
g5,g5__official32_minus71__n3p5__top6__d6,official32_minus71,3.5,DIFF,2498,856.8542193340106,"{""D"": 5000, ""draw"": 6, ""k"": 6, ""kind"": ""topk""}",results/archives/PAPERB_B9C_REMAINING_AUTHOR_RUN_050926.zip,PAPERB_B9C_REMAINING_AUTHOR_RUN_050926/raw/g5/g5__official32_minus71__n3p5__top6__d6.npz,f790df3ea1764b70c0f8914cf9acf135f9e1dcf0047912c7609065423b40b0ab
g5,g5__official32_minus71__n3p5__top6__d6,official32_minus71,3.5,Min-Max,2498,812.3633775062062,"{""D"": 5000, ""draw"": 6, ""k"": 6, ""kind"": ""topk""}",results/archives/PAPERB_B9C_REMAINING_AUTHOR_RUN_050926.zip,PAPERB_B9C_REMAINING_AUTHOR_RUN_050926/raw/g5/g5__official32_minus71__n3p5__top6__d6.npz,f790df3ea1764b70c0f8914cf9acf135f9e1dcf0047912c7609065423b40b0ab
g5,g5__official32_minus71__n3p5__top7__d6,official32_minus71,3.5,WCL,2498,1302.6516571934353,"{""D"": 5000, ""draw"": 6, ""k"": 7, ""kind"": ""topk""}",results/archives/PAPERB_B9C_REMAINING_AUTHOR_RUN_050926.zip,PAPERB_B9C_REMAINING_AUTHOR_RUN_050926/raw/g5/g5__official32_minus71__n3p5__top7__d6.npz,c3166da19edd45dd409c4638652b7e3e4fb4faec16d97725dbb3d7efeaff127f
g5,g5__official32_minus71__n3p5__top7__d6,official32_minus71,3.5,ABS,2498,988.609399239851,"{""D"": 5000, ""draw"": 6, ""k"": 7, ""kind"": ""topk""}",results/archives/PAPERB_B9C_REMAINING_AUTHOR_RUN_050926.zip,PAPERB_B9C_REMAINING_AUTHOR_RUN_050926/raw/g5/g5__official32_minus71__n3p5__top7__d6.npz,c3166da19edd45dd409c4638652b7e3e4fb4faec16d97725dbb3d7efeaff127f
g5,g5__official32_minus71__n3p5__top7__d6,official32_minus71,3.5,DIFF,2498,1312.7477234593707,"{""D"": 5000, ""draw"": 6, ""k"": 7, ""kind"": ""topk""}",results/archives/PAPERB_B9C_REMAINING_AUTHOR_RUN_050926.zip,PAPERB_B9C_REMAINING_AUTHOR_RUN_050926/raw/g5/g5__official32_minus71__n3p5__top7__d6.npz,c3166da19edd45dd409c4638652b7e3e4fb4faec16d97725dbb3d7efeaff127f
g5,g5__official32_minus71__n3p5__top7__d6,official32_minus71,3.5,Min-Max,2498,1273.2886508664756,"{""D"": 5000, ""draw"": 6, ""k"": 7, ""kind"": ""topk""}",results/archives/PAPERB_B9C_REMAINING_AUTHOR_RUN_050926.zip,PAPERB_B9C_REMAINING_AUTHOR_RUN_050926/raw/g5/g5__official32_minus71__n3p5__top7__d6.npz,c3166da19edd45dd409c4638652b7e3e4fb4faec16d97725dbb3d7efeaff127f
g5,g5__official32_minus71__n3p5__legacy_iso__d6,official32_minus71,3.5,WCL,2498,590.5259060531399,"{""kind"": ""legacy_iso"", ""seed"": 4828}",results/archives/PAPERB_B9C_REMAINING_AUTHOR_RUN_050926.zip,PAPERB_B9C_REMAINING_AUTHOR_RUN_050926/raw/g5/g5__official32_minus71__n3p5__legacy_iso__d6.npz,e5cc3aef8049f0f5ba43d2264043b085ad28deacb80ad970e404180732813697
g5,g5__official32_minus71__n3p5__legacy_iso__d6,official32_minus71,3.5,ABS,2498,653.3541153266893,"{""kind"": ""legacy_iso"", ""seed"": 4828}",results/archives/PAPERB_B9C_REMAINING_AUTHOR_RUN_050926.zip,PAPERB_B9C_REMAINING_AUTHOR_RUN_050926/raw/g5/g5__official32_minus71__n3p5__legacy_iso__d6.npz,e5cc3aef8049f0f5ba43d2264043b085ad28deacb80ad970e404180732813697
g5,g5__official32_minus71__n3p5__legacy_iso__d6,official32_minus71,3.5,DIFF,2498,1334.1036788884126,"{""kind"": ""legacy_iso"", ""seed"": 4828}",results/archives/PAPERB_B9C_REMAINING_AUTHOR_RUN_050926.zip,PAPERB_B9C_REMAINING_AUTHOR_RUN_050926/raw/g5/g5__official32_minus71__n3p5__legacy_iso__d6.npz,e5cc3aef8049f0f5ba43d2264043b085ad28deacb80ad970e404180732813697
g5,g5__official32_minus71__n3p5__legacy_iso__d6,official32_minus71,3.5,Min-Max,2498,481.78863887006287,"{""kind"": ""legacy_iso"", ""seed"": 4828}",results/archives/PAPERB_B9C_REMAINING_AUTHOR_RUN_050926.zip,PAPERB_B9C_REMAINING_AUTHOR_RUN_050926/raw/g5/g5__official32_minus71__n3p5__legacy_iso__d6.npz,e5cc3aef8049f0f5ba43d2264043b085ad28deacb80ad970e404180732813697
g5,g5__official32_minus71__n3p5__op_iso__d6,official32_minus71,3.5,WCL,2498,551.5395380808234,"{""kind"": ""opcenter_exact_iso"", ""seed"": 7828}",results/archives/PAPERB_B9C_REMAINING_AUTHOR_RUN_050926.zip,PAPERB_B9C_REMAINING_AUTHOR_RUN_050926/raw/g5/g5__official32_minus71__n3p5__op_iso__d6.npz,d7871d7512b7ece4b28dc3347c4f4a32c3d1e8cc4bd31e2952a9621e5497c779
g5,g5__official32_minus71__n3p5__op_iso__d6,official32_minus71,3.5,ABS,2498,565.0177079484081,"{""kind"": ""opcenter_exact_iso"", ""seed"": 7828}",results/archives/PAPERB_B9C_REMAINING_AUTHOR_RUN_050926.zip,PAPERB_B9C_REMAINING_AUTHOR_RUN_050926/raw/g5/g5__official32_minus71__n3p5__op_iso__d6.npz,d7871d7512b7ece4b28dc3347c4f4a32c3d1e8cc4bd31e2952a9621e5497c779
g5,g5__official32_minus71__n3p5__op_iso__d6,official32_minus71,3.5,DIFF,2498,978.451585336149,"{""kind"": ""opcenter_exact_iso"", ""seed"": 7828}",results/archives/PAPERB_B9C_REMAINING_AUTHOR_RUN_050926.zip,PAPERB_B9C_REMAINING_AUTHOR_RUN_050926/raw/g5/g5__official32_minus71__n3p5__op_iso__d6.npz,d7871d7512b7ece4b28dc3347c4f4a32c3d1e8cc4bd31e2952a9621e5497c779
g5,g5__official32_minus71__n3p5__op_iso__d6,official32_minus71,3.5,Min-Max,2498,467.63616611951727,"{""kind"": ""opcenter_exact_iso"", ""seed"": 7828}",results/archives/PAPERB_B9C_REMAINING_AUTHOR_RUN_050926.zip,PAPERB_B9C_REMAINING_AUTHOR_RUN_050926/raw/g5/g5__official32_minus71__n3p5__op_iso__d6.npz,d7871d7512b7ece4b28dc3347c4f4a32c3d1e8cc4bd31e2952a9621e5497c779
g5,g5__official32_minus71__n3p5__one__d7,official32_minus71,3.5,WCL,2498,562.2309991333136,"{""D"": 10000, ""draw"": 7, ""f"": 1, ""kind"": ""fraction""}",results/archives/PAPERB_B9C_REMAINING_AUTHOR_RUN_050926.zip,PAPERB_B9C_REMAINING_AUTHOR_RUN_050926/raw/g5/g5__official32_minus71__n3p5__one__d7.npz,4e5a287ca8b968880d689c3bcbd85a3e53c462b0eb9cffc7133ed17295befd37
g5,g5__official32_minus71__n3p5__one__d7,official32_minus71,3.5,ABS,2498,548.1407059298841,"{""D"": 10000, ""draw"": 7, ""f"": 1, ""kind"": ""fraction""}",results/archives/PAPERB_B9C_REMAINING_AUTHOR_RUN_050926.zip,PAPERB_B9C_REMAINING_AUTHOR_RUN_050926/raw/g5/g5__official32_minus71__n3p5__one__d7.npz,4e5a287ca8b968880d689c3bcbd85a3e53c462b0eb9cffc7133ed17295befd37
g5,g5__official32_minus71__n3p5__one__d7,official32_minus71,3.5,DIFF,2498,981.817773446722,"{""D"": 10000, ""draw"": 7, ""f"": 1, ""kind"": ""fraction""}",results/archives/PAPERB_B9C_REMAINING_AUTHOR_RUN_050926.zip,PAPERB_B9C_REMAINING_AUTHOR_RUN_050926/raw/g5/g5__official32_minus71__n3p5__one__d7.npz,4e5a287ca8b968880d689c3bcbd85a3e53c462b0eb9cffc7133ed17295befd37
g5,g5__official32_minus71__n3p5__one__d7,official32_minus71,3.5,Min-Max,2498,552.3461683872004,"{""D"": 10000, ""draw"": 7, ""f"": 1, ""kind"": ""fraction""}",results/archives/PAPERB_B9C_REMAINING_AUTHOR_RUN_050926.zip,PAPERB_B9C_REMAINING_AUTHOR_RUN_050926/raw/g5/g5__official32_minus71__n3p5__one__d7.npz,4e5a287ca8b968880d689c3bcbd85a3e53c462b0eb9cffc7133ed17295befd37
g5,g5__official32_minus71__n3p5__all__d7,official32_minus71,3.5,WCL,2498,5328.4250793532765,"{""D"": 10000, ""draw"": 7, ""f"": 32, ""kind"": ""fraction""}",results/archives/PAPERB_B9C_REMAINING_AUTHOR_RUN_050926.zip,PAPERB_B9C_REMAINING_AUTHOR_RUN_050926/raw/g5/g5__official32_minus71__n3p5__all__d7.npz,8305179378ed8830234289601388b465918ff64a29492242d9c49878a4992735
g5,g5__official32_minus71__n3p5__all__d7,official32_minus71,3.5,ABS,2498,2781.2595744946975,"{""D"": 10000, ""draw"": 7, ""f"": 32, ""kind"": ""fraction""}",results/archives/PAPERB_B9C_REMAINING_AUTHOR_RUN_050926.zip,PAPERB_B9C_REMAINING_AUTHOR_RUN_050926/raw/g5/g5__official32_minus71__n3p5__all__d7.npz,8305179378ed8830234289601388b465918ff64a29492242d9c49878a4992735
g5,g5__official32_minus71__n3p5__all__d7,official32_minus71,3.5,DIFF,2498,3361.2199545563103,"{""D"": 10000, ""draw"": 7, ""f"": 32, ""kind"": ""fraction""}",results/archives/PAPERB_B9C_REMAINING_AUTHOR_RUN_050926.zip,PAPERB_B9C_REMAINING_AUTHOR_RUN_050926/raw/g5/g5__official32_minus71__n3p5__all__d7.npz,8305179378ed8830234289601388b465918ff64a29492242d9c49878a4992735
g5,g5__official32_minus71__n3p5__all__d7,official32_minus71,3.5,Min-Max,2498,2928.042166360753,"{""D"": 10000, ""draw"": 7, ""f"": 32, ""kind"": ""fraction""}",results/archives/PAPERB_B9C_REMAINING_AUTHOR_RUN_050926.zip,PAPERB_B9C_REMAINING_AUTHOR_RUN_050926/raw/g5/g5__official32_minus71__n3p5__all__d7.npz,8305179378ed8830234289601388b465918ff64a29492242d9c49878a4992735
g5,g5__official32_minus71__n3p5__top6__d7,official32_minus71,3.5,WCL,2498,692.3330571582874,"{""D"": 5000, ""draw"": 7, ""k"": 6, ""kind"": ""topk""}",results/archives/PAPERB_B9C_REMAINING_AUTHOR_RUN_050926.zip,PAPERB_B9C_REMAINING_AUTHOR_RUN_050926/raw/g5/g5__official32_minus71__n3p5__top6__d7.npz,e030d137897d2acbf9a20c907b079238f21d1bba477c3dd9fd8d3befe12cfd76
g5,g5__official32_minus71__n3p5__top6__d7,official32_minus71,3.5,ABS,2498,632.2005425740541,"{""D"": 5000, ""draw"": 7, ""k"": 6, ""kind"": ""topk""}",results/archives/PAPERB_B9C_REMAINING_AUTHOR_RUN_050926.zip,PAPERB_B9C_REMAINING_AUTHOR_RUN_050926/raw/g5/g5__official32_minus71__n3p5__top6__d7.npz,e030d137897d2acbf9a20c907b079238f21d1bba477c3dd9fd8d3befe12cfd76
g5,g5__official32_minus71__n3p5__top6__d7,official32_minus71,3.5,DIFF,2498,930.3559001469293,"{""D"": 5000, ""draw"": 7, ""k"": 6, ""kind"": ""topk""}",results/archives/PAPERB_B9C_REMAINING_AUTHOR_RUN_050926.zip,PAPERB_B9C_REMAINING_AUTHOR_RUN_050926/raw/g5/g5__official32_minus71__n3p5__top6__d7.npz,e030d137897d2acbf9a20c907b079238f21d1bba477c3dd9fd8d3befe12cfd76
g5,g5__official32_minus71__n3p5__top6__d7,official32_minus71,3.5,Min-Max,2498,821.1072802964127,"{""D"": 5000, ""draw"": 7, ""k"": 6, ""kind"": ""topk""}",results/archives/PAPERB_B9C_REMAINING_AUTHOR_RUN_050926.zip,PAPERB_B9C_REMAINING_AUTHOR_RUN_050926/raw/g5/g5__official32_minus71__n3p5__top6__d7.npz,e030d137897d2acbf9a20c907b079238f21d1bba477c3dd9fd8d3befe12cfd76
g5,g5__official32_minus71__n3p5__top7__d7,official32_minus71,3.5,WCL,2498,1345.1364594555062,"{""D"": 5000, ""draw"": 7, ""k"": 7, ""kind"": ""topk""}",results/archives/PAPERB_B9C_REMAINING_AUTHOR_RUN_050926.zip,PAPERB_B9C_REMAINING_AUTHOR_RUN_050926/raw/g5/g5__official32_minus71__n3p5__top7__d7.npz,4fa9efe6a71d2417aef7e81ef92dc9e494c71ef5929602d68132135cb757de1a
g5,g5__official32_minus71__n3p5__top7__d7,official32_minus71,3.5,ABS,2498,989.1913555913902,"{""D"": 5000, ""draw"": 7, ""k"": 7, ""kind"": ""topk""}",results/archives/PAPERB_B9C_REMAINING_AUTHOR_RUN_050926.zip,PAPERB_B9C_REMAINING_AUTHOR_RUN_050926/raw/g5/g5__official32_minus71__n3p5__top7__d7.npz,4fa9efe6a71d2417aef7e81ef92dc9e494c71ef5929602d68132135cb757de1a
g5,g5__official32_minus71__n3p5__top7__d7,official32_minus71,3.5,DIFF,2498,1425.6501296516544,"{""D"": 5000, ""draw"": 7, ""k"": 7, ""kind"": ""topk""}",results/archives/PAPERB_B9C_REMAINING_AUTHOR_RUN_050926.zip,PAPERB_B9C_REMAINING_AUTHOR_RUN_050926/raw/g5/g5__official32_minus71__n3p5__top7__d7.npz,4fa9efe6a71d2417aef7e81ef92dc9e494c71ef5929602d68132135cb757de1a
g5,g5__official32_minus71__n3p5__top7__d7,official32_minus71,3.5,Min-Max,2498,1363.9094380950191,"{""D"": 5000, ""draw"": 7, ""k"": 7, ""kind"": ""topk""}",results/archives/PAPERB_B9C_REMAINING_AUTHOR_RUN_050926.zip,PAPERB_B9C_REMAINING_AUTHOR_RUN_050926/raw/g5/g5__official32_minus71__n3p5__top7__d7.npz,4fa9efe6a71d2417aef7e81ef92dc9e494c71ef5929602d68132135cb757de1a
g5,g5__official32_minus71__n3p5__legacy_iso__d7,official32_minus71,3.5,WCL,2498,571.1213153356309,"{""kind"": ""legacy_iso"", ""seed"": 4841}",results/archives/PAPERB_B9C_REMAINING_AUTHOR_RUN_050926.zip,PAPERB_B9C_REMAINING_AUTHOR_RUN_050926/raw/g5/g5__official32_minus71__n3p5__legacy_iso__d7.npz,4eebeeebcdbc7ff052423418f0598477156da0c4dbb86884156c5649ab11778a
g5,g5__official32_minus71__n3p5__legacy_iso__d7,official32_minus71,3.5,ABS,2498,689.2989523502465,"{""kind"": ""legacy_iso"", ""seed"": 4841}",results/archives/PAPERB_B9C_REMAINING_AUTHOR_RUN_050926.zip,PAPERB_B9C_REMAINING_AUTHOR_RUN_050926/raw/g5/g5__official32_minus71__n3p5__legacy_iso__d7.npz,4eebeeebcdbc7ff052423418f0598477156da0c4dbb86884156c5649ab11778a
g5,g5__official32_minus71__n3p5__legacy_iso__d7,official32_minus71,3.5,DIFF,2498,1160.3295384832888,"{""kind"": ""legacy_iso"", ""seed"": 4841}",results/archives/PAPERB_B9C_REMAINING_AUTHOR_RUN_050926.zip,PAPERB_B9C_REMAINING_AUTHOR_RUN_050926/raw/g5/g5__official32_minus71__n3p5__legacy_iso__d7.npz,4eebeeebcdbc7ff052423418f0598477156da0c4dbb86884156c5649ab11778a
g5,g5__official32_minus71__n3p5__legacy_iso__d7,official32_minus71,3.5,Min-Max,2498,498.1385335494964,"{""kind"": ""legacy_iso"", ""seed"": 4841}",results/archives/PAPERB_B9C_REMAINING_AUTHOR_RUN_050926.zip,PAPERB_B9C_REMAINING_AUTHOR_RUN_050926/raw/g5/g5__official32_minus71__n3p5__legacy_iso__d7.npz,4eebeeebcdbc7ff052423418f0598477156da0c4dbb86884156c5649ab11778a
g5,g5__official32_minus71__n3p5__op_iso__d7,official32_minus71,3.5,WCL,2498,533.8799271917325,"{""kind"": ""opcenter_exact_iso"", ""seed"": 7841}",results/archives/PAPERB_B9C_REMAINING_AUTHOR_RUN_050926.zip,PAPERB_B9C_REMAINING_AUTHOR_RUN_050926/raw/g5/g5__official32_minus71__n3p5__op_iso__d7.npz,cc3c4ec1679c5cf8c93743069dfd339f4f8dbd017754d0e56a275b4c17e1c29d
g5,g5__official32_minus71__n3p5__op_iso__d7,official32_minus71,3.5,ABS,2498,565.9001309441389,"{""kind"": ""opcenter_exact_iso"", ""seed"": 7841}",results/archives/PAPERB_B9C_REMAINING_AUTHOR_RUN_050926.zip,PAPERB_B9C_REMAINING_AUTHOR_RUN_050926/raw/g5/g5__official32_minus71__n3p5__op_iso__d7.npz,cc3c4ec1679c5cf8c93743069dfd339f4f8dbd017754d0e56a275b4c17e1c29d
g5,g5__official32_minus71__n3p5__op_iso__d7,official32_minus71,3.5,DIFF,2498,997.7892733588101,"{""kind"": ""opcenter_exact_iso"", ""seed"": 7841}",results/archives/PAPERB_B9C_REMAINING_AUTHOR_RUN_050926.zip,PAPERB_B9C_REMAINING_AUTHOR_RUN_050926/raw/g5/g5__official32_minus71__n3p5__op_iso__d7.npz,cc3c4ec1679c5cf8c93743069dfd339f4f8dbd017754d0e56a275b4c17e1c29d
g5,g5__official32_minus71__n3p5__op_iso__d7,official32_minus71,3.5,Min-Max,2498,467.2854263380166,"{""kind"": ""opcenter_exact_iso"", ""seed"": 7841}",results/archives/PAPERB_B9C_REMAINING_AUTHOR_RUN_050926.zip,PAPERB_B9C_REMAINING_AUTHOR_RUN_050926/raw/g5/g5__official32_minus71__n3p5__op_iso__d7.npz,cc3c4ec1679c5cf8c93743069dfd339f4f8dbd017754d0e56a275b4c17e1c29d
g5,g5__official32_minus71__n3p5__legacy_rot,official32_minus71,3.5,WCL,2498,611.7762019842171,"{""deg"": 5.0, ""kind"": ""legacy_rotation""}",results/archives/PAPERB_B9C_REMAINING_AUTHOR_RUN_050926.zip,PAPERB_B9C_REMAINING_AUTHOR_RUN_050926/raw/g5/g5__official32_minus71__n3p5__legacy_rot.npz,bcf73890577a3cff439a62a7531857d8295ff4b3334166d85e217538b3117a4c
g5,g5__official32_minus71__n3p5__legacy_rot,official32_minus71,3.5,ABS,2498,605.2850869591828,"{""deg"": 5.0, ""kind"": ""legacy_rotation""}",results/archives/PAPERB_B9C_REMAINING_AUTHOR_RUN_050926.zip,PAPERB_B9C_REMAINING_AUTHOR_RUN_050926/raw/g5/g5__official32_minus71__n3p5__legacy_rot.npz,bcf73890577a3cff439a62a7531857d8295ff4b3334166d85e217538b3117a4c
g5,g5__official32_minus71__n3p5__legacy_rot,official32_minus71,3.5,DIFF,2498,1111.5532337807945,"{""deg"": 5.0, ""kind"": ""legacy_rotation""}",results/archives/PAPERB_B9C_REMAINING_AUTHOR_RUN_050926.zip,PAPERB_B9C_REMAINING_AUTHOR_RUN_050926/raw/g5/g5__official32_minus71__n3p5__legacy_rot.npz,bcf73890577a3cff439a62a7531857d8295ff4b3334166d85e217538b3117a4c
g5,g5__official32_minus71__n3p5__legacy_rot,official32_minus71,3.5,Min-Max,2498,510.6417793161535,"{""deg"": 5.0, ""kind"": ""legacy_rotation""}",results/archives/PAPERB_B9C_REMAINING_AUTHOR_RUN_050926.zip,PAPERB_B9C_REMAINING_AUTHOR_RUN_050926/raw/g5/g5__official32_minus71__n3p5__legacy_rot.npz,bcf73890577a3cff439a62a7531857d8295ff4b3334166d85e217538b3117a4c
g5,g5__official32_minus71__n3p5__op_rot,official32_minus71,3.5,WCL,2498,602.5533015299243,"{""deg"": 5.0, ""kind"": ""opcenter_rotation""}",results/archives/PAPERB_B9C_REMAINING_AUTHOR_RUN_050926.zip,PAPERB_B9C_REMAINING_AUTHOR_RUN_050926/raw/g5/g5__official32_minus71__n3p5__op_rot.npz,b5a353634c34a4735decacc6776c6aa290a01740ed8dd31463ff9485b6dea5f9
g5,g5__official32_minus71__n3p5__op_rot,official32_minus71,3.5,ABS,2498,583.9735764576592,"{""deg"": 5.0, ""kind"": ""opcenter_rotation""}",results/archives/PAPERB_B9C_REMAINING_AUTHOR_RUN_050926.zip,PAPERB_B9C_REMAINING_AUTHOR_RUN_050926/raw/g5/g5__official32_minus71__n3p5__op_rot.npz,b5a353634c34a4735decacc6776c6aa290a01740ed8dd31463ff9485b6dea5f9
g5,g5__official32_minus71__n3p5__op_rot,official32_minus71,3.5,DIFF,2498,1057.088080837645,"{""deg"": 5.0, ""kind"": ""opcenter_rotation""}",results/archives/PAPERB_B9C_REMAINING_AUTHOR_RUN_050926.zip,PAPERB_B9C_REMAINING_AUTHOR_RUN_050926/raw/g5/g5__official32_minus71__n3p5__op_rot.npz,b5a353634c34a4735decacc6776c6aa290a01740ed8dd31463ff9485b6dea5f9
g5,g5__official32_minus71__n3p5__op_rot,official32_minus71,3.5,Min-Max,2498,507.58898853462995,"{""deg"": 5.0, ""kind"": ""opcenter_rotation""}",results/archives/PAPERB_B9C_REMAINING_AUTHOR_RUN_050926.zip,PAPERB_B9C_REMAINING_AUTHOR_RUN_050926/raw/g5/g5__official32_minus71__n3p5__op_rot.npz,b5a353634c34a4735decacc6776c6aa290a01740ed8dd31463ff9485b6dea5f9
g5,g5__official32_minus71__n4p7__ref,official32_minus71,4.7,WCL,2498,593.7425223082155,"{""kind"": ""reference""}",results/archives/PAPERB_B9C_REMAINING_AUTHOR_RUN_050926.zip,PAPERB_B9C_REMAINING_AUTHOR_RUN_050926/raw/g5/g5__official32_minus71__n4p7__ref.npz,69994b540e439a038be3e5b83b689aacdddb2118569c637ccfbce8756627bd49
g5,g5__official32_minus71__n4p7__ref,official32_minus71,4.7,ABS,2498,555.6165186830742,"{""kind"": ""reference""}",results/archives/PAPERB_B9C_REMAINING_AUTHOR_RUN_050926.zip,PAPERB_B9C_REMAINING_AUTHOR_RUN_050926/raw/g5/g5__official32_minus71__n4p7__ref.npz,69994b540e439a038be3e5b83b689aacdddb2118569c637ccfbce8756627bd49
g5,g5__official32_minus71__n4p7__ref,official32_minus71,4.7,DIFF,2498,1082.7111969409727,"{""kind"": ""reference""}",results/archives/PAPERB_B9C_REMAINING_AUTHOR_RUN_050926.zip,PAPERB_B9C_REMAINING_AUTHOR_RUN_050926/raw/g5/g5__official32_minus71__n4p7__ref.npz,69994b540e439a038be3e5b83b689aacdddb2118569c637ccfbce8756627bd49
g5,g5__official32_minus71__n4p7__ref,official32_minus71,4.7,Min-Max,2498,478.88143519512585,"{""kind"": ""reference""}",results/archives/PAPERB_B9C_REMAINING_AUTHOR_RUN_050926.zip,PAPERB_B9C_REMAINING_AUTHOR_RUN_050926/raw/g5/g5__official32_minus71__n4p7__ref.npz,69994b540e439a038be3e5b83b689aacdddb2118569c637ccfbce8756627bd49
g5,g5__official32_minus71__n4p7__one__d0,official32_minus71,4.7,WCL,2498,608.9325692807076,"{""D"": 10000, ""draw"": 0, ""f"": 1, ""kind"": ""fraction""}",results/archives/PAPERB_B9C_REMAINING_AUTHOR_RUN_050926.zip,PAPERB_B9C_REMAINING_AUTHOR_RUN_050926/raw/g5/g5__official32_minus71__n4p7__one__d0.npz,320de88dde5b8528ad500039d0c02860e97ebbef370b28115aafb05f23d695e5
g5,g5__official32_minus71__n4p7__one__d0,official32_minus71,4.7,ABS,2498,573.3661697158805,"{""D"": 10000, ""draw"": 0, ""f"": 1, ""kind"": ""fraction""}",results/archives/PAPERB_B9C_REMAINING_AUTHOR_RUN_050926.zip,PAPERB_B9C_REMAINING_AUTHOR_RUN_050926/raw/g5/g5__official32_minus71__n4p7__one__d0.npz,320de88dde5b8528ad500039d0c02860e97ebbef370b28115aafb05f23d695e5
g5,g5__official32_minus71__n4p7__one__d0,official32_minus71,4.7,DIFF,2498,878.8598163014236,"{""D"": 10000, ""draw"": 0, ""f"": 1, ""kind"": ""fraction""}",results/archives/PAPERB_B9C_REMAINING_AUTHOR_RUN_050926.zip,PAPERB_B9C_REMAINING_AUTHOR_RUN_050926/raw/g5/g5__official32_minus71__n4p7__one__d0.npz,320de88dde5b8528ad500039d0c02860e97ebbef370b28115aafb05f23d695e5
g5,g5__official32_minus71__n4p7__one__d0,official32_minus71,4.7,Min-Max,2498,503.8593449960093,"{""D"": 10000, ""draw"": 0, ""f"": 1, ""kind"": ""fraction""}",results/archives/PAPERB_B9C_REMAINING_AUTHOR_RUN_050926.zip,PAPERB_B9C_REMAINING_AUTHOR_RUN_050926/raw/g5/g5__official32_minus71__n4p7__one__d0.npz,320de88dde5b8528ad500039d0c02860e97ebbef370b28115aafb05f23d695e5
g5,g5__official32_minus71__n4p7__all__d0,official32_minus71,4.7,WCL,2498,5495.311178816741,"{""D"": 10000, ""draw"": 0, ""f"": 32, ""kind"": ""fraction""}",results/archives/PAPERB_B9C_REMAINING_AUTHOR_RUN_050926.zip,PAPERB_B9C_REMAINING_AUTHOR_RUN_050926/raw/g5/g5__official32_minus71__n4p7__all__d0.npz,3d930db7fde64cc5d691da4dec0f3accd52631c22cda8ffb2e2e5f6ca28ff2ee
g5,g5__official32_minus71__n4p7__all__d0,official32_minus71,4.7,ABS,2498,3075.844567918061,"{""D"": 10000, ""draw"": 0, ""f"": 32, ""kind"": ""fraction""}",results/archives/PAPERB_B9C_REMAINING_AUTHOR_RUN_050926.zip,PAPERB_B9C_REMAINING_AUTHOR_RUN_050926/raw/g5/g5__official32_minus71__n4p7__all__d0.npz,3d930db7fde64cc5d691da4dec0f3accd52631c22cda8ffb2e2e5f6ca28ff2ee
g5,g5__official32_minus71__n4p7__all__d0,official32_minus71,4.7,DIFF,2498,3328.422807046719,"{""D"": 10000, ""draw"": 0, ""f"": 32, ""kind"": ""fraction""}",results/archives/PAPERB_B9C_REMAINING_AUTHOR_RUN_050926.zip,PAPERB_B9C_REMAINING_AUTHOR_RUN_050926/raw/g5/g5__official32_minus71__n4p7__all__d0.npz,3d930db7fde64cc5d691da4dec0f3accd52631c22cda8ffb2e2e5f6ca28ff2ee
g5,g5__official32_minus71__n4p7__all__d0,official32_minus71,4.7,Min-Max,2498,3332.4156762902294,"{""D"": 10000, ""draw"": 0, ""f"": 32, ""kind"": ""fraction""}",results/archives/PAPERB_B9C_REMAINING_AUTHOR_RUN_050926.zip,PAPERB_B9C_REMAINING_AUTHOR_RUN_050926/raw/g5/g5__official32_minus71__n4p7__all__d0.npz,3d930db7fde64cc5d691da4dec0f3accd52631c22cda8ffb2e2e5f6ca28ff2ee
g5,g5__official32_minus71__n4p7__top6__d0,official32_minus71,4.7,WCL,2498,749.1018751650984,"{""D"": 5000, ""draw"": 0, ""k"": 6, ""kind"": ""topk""}",results/archives/PAPERB_B9C_REMAINING_AUTHOR_RUN_050926.zip,PAPERB_B9C_REMAINING_AUTHOR_RUN_050926/raw/g5/g5__official32_minus71__n4p7__top6__d0.npz,c12147e1c569116fece53f1135aa2b552c13acdb73c57dc51845844eb3843211
g5,g5__official32_minus71__n4p7__top6__d0,official32_minus71,4.7,ABS,2498,623.0522922660109,"{""D"": 5000, ""draw"": 0, ""k"": 6, ""kind"": ""topk""}",results/archives/PAPERB_B9C_REMAINING_AUTHOR_RUN_050926.zip,PAPERB_B9C_REMAINING_AUTHOR_RUN_050926/raw/g5/g5__official32_minus71__n4p7__top6__d0.npz,c12147e1c569116fece53f1135aa2b552c13acdb73c57dc51845844eb3843211
g5,g5__official32_minus71__n4p7__top6__d0,official32_minus71,4.7,DIFF,2498,878.1479536564466,"{""D"": 5000, ""draw"": 0, ""k"": 6, ""kind"": ""topk""}",results/archives/PAPERB_B9C_REMAINING_AUTHOR_RUN_050926.zip,PAPERB_B9C_REMAINING_AUTHOR_RUN_050926/raw/g5/g5__official32_minus71__n4p7__top6__d0.npz,c12147e1c569116fece53f1135aa2b552c13acdb73c57dc51845844eb3843211
g5,g5__official32_minus71__n4p7__top6__d0,official32_minus71,4.7,Min-Max,2498,747.7767646501281,"{""D"": 5000, ""draw"": 0, ""k"": 6, ""kind"": ""topk""}",results/archives/PAPERB_B9C_REMAINING_AUTHOR_RUN_050926.zip,PAPERB_B9C_REMAINING_AUTHOR_RUN_050926/raw/g5/g5__official32_minus71__n4p7__top6__d0.npz,c12147e1c569116fece53f1135aa2b552c13acdb73c57dc51845844eb3843211
g5,g5__official32_minus71__n4p7__top7__d0,official32_minus71,4.7,WCL,2498,1412.8242268146628,"{""D"": 5000, ""draw"": 0, ""k"": 7, ""kind"": ""topk""}",results/archives/PAPERB_B9C_REMAINING_AUTHOR_RUN_050926.zip,PAPERB_B9C_REMAINING_AUTHOR_RUN_050926/raw/g5/g5__official32_minus71__n4p7__top7__d0.npz,34157be8bab56e586c8c1625b93a4275bbd852f64ec247374ddfbfc20f653e61
g5,g5__official32_minus71__n4p7__top7__d0,official32_minus71,4.7,ABS,2498,977.7380974123794,"{""D"": 5000, ""draw"": 0, ""k"": 7, ""kind"": ""topk""}",results/archives/PAPERB_B9C_REMAINING_AUTHOR_RUN_050926.zip,PAPERB_B9C_REMAINING_AUTHOR_RUN_050926/raw/g5/g5__official32_minus71__n4p7__top7__d0.npz,34157be8bab56e586c8c1625b93a4275bbd852f64ec247374ddfbfc20f653e61
g5,g5__official32_minus71__n4p7__top7__d0,official32_minus71,4.7,DIFF,2498,1327.7617913557942,"{""D"": 5000, ""draw"": 0, ""k"": 7, ""kind"": ""topk""}",results/archives/PAPERB_B9C_REMAINING_AUTHOR_RUN_050926.zip,PAPERB_B9C_REMAINING_AUTHOR_RUN_050926/raw/g5/g5__official32_minus71__n4p7__top7__d0.npz,34157be8bab56e586c8c1625b93a4275bbd852f64ec247374ddfbfc20f653e61
g5,g5__official32_minus71__n4p7__top7__d0,official32_minus71,4.7,Min-Max,2498,1172.504198369737,"{""D"": 5000, ""draw"": 0, ""k"": 7, ""kind"": ""topk""}",results/archives/PAPERB_B9C_REMAINING_AUTHOR_RUN_050926.zip,PAPERB_B9C_REMAINING_AUTHOR_RUN_050926/raw/g5/g5__official32_minus71__n4p7__top7__d0.npz,34157be8bab56e586c8c1625b93a4275bbd852f64ec247374ddfbfc20f653e61
g5,g5__official32_minus71__n4p7__legacy_iso__d0,official32_minus71,4.7,WCL,2498,667.837174711357,"{""kind"": ""legacy_iso"", ""seed"": 4750}",results/archives/PAPERB_B9C_REMAINING_AUTHOR_RUN_050926.zip,PAPERB_B9C_REMAINING_AUTHOR_RUN_050926/raw/g5/g5__official32_minus71__n4p7__legacy_iso__d0.npz,d6be1a24b6d2fa9cc19a64d4c0124e7c26cfaa9902be9e6b5187ead29397c639
g5,g5__official32_minus71__n4p7__legacy_iso__d0,official32_minus71,4.7,ABS,2498,613.3321859889923,"{""kind"": ""legacy_iso"", ""seed"": 4750}",results/archives/PAPERB_B9C_REMAINING_AUTHOR_RUN_050926.zip,PAPERB_B9C_REMAINING_AUTHOR_RUN_050926/raw/g5/g5__official32_minus71__n4p7__legacy_iso__d0.npz,d6be1a24b6d2fa9cc19a64d4c0124e7c26cfaa9902be9e6b5187ead29397c639
g5,g5__official32_minus71__n4p7__legacy_iso__d0,official32_minus71,4.7,DIFF,2498,1282.6786499390114,"{""kind"": ""legacy_iso"", ""seed"": 4750}",results/archives/PAPERB_B9C_REMAINING_AUTHOR_RUN_050926.zip,PAPERB_B9C_REMAINING_AUTHOR_RUN_050926/raw/g5/g5__official32_minus71__n4p7__legacy_iso__d0.npz,d6be1a24b6d2fa9cc19a64d4c0124e7c26cfaa9902be9e6b5187ead29397c639
g5,g5__official32_minus71__n4p7__legacy_iso__d0,official32_minus71,4.7,Min-Max,2498,497.97115343379204,"{""kind"": ""legacy_iso"", ""seed"": 4750}",results/archives/PAPERB_B9C_REMAINING_AUTHOR_RUN_050926.zip,PAPERB_B9C_REMAINING_AUTHOR_RUN_050926/raw/g5/g5__official32_minus71__n4p7__legacy_iso__d0.npz,d6be1a24b6d2fa9cc19a64d4c0124e7c26cfaa9902be9e6b5187ead29397c639
g5,g5__official32_minus71__n4p7__op_iso__d0,official32_minus71,4.7,WCL,2498,596.1344783733093,"{""kind"": ""opcenter_exact_iso"", ""seed"": 7750}",results/archives/PAPERB_B9C_REMAINING_AUTHOR_RUN_050926.zip,PAPERB_B9C_REMAINING_AUTHOR_RUN_050926/raw/g5/g5__official32_minus71__n4p7__op_iso__d0.npz,dbff95bbe768c5b06d26b05a3b359b96397bba014bc55da9450052dfc3f21f52
g5,g5__official32_minus71__n4p7__op_iso__d0,official32_minus71,4.7,ABS,2498,563.3803419155452,"{""kind"": ""opcenter_exact_iso"", ""seed"": 7750}",results/archives/PAPERB_B9C_REMAINING_AUTHOR_RUN_050926.zip,PAPERB_B9C_REMAINING_AUTHOR_RUN_050926/raw/g5/g5__official32_minus71__n4p7__op_iso__d0.npz,dbff95bbe768c5b06d26b05a3b359b96397bba014bc55da9450052dfc3f21f52
g5,g5__official32_minus71__n4p7__op_iso__d0,official32_minus71,4.7,DIFF,2498,1123.4213775488383,"{""kind"": ""opcenter_exact_iso"", ""seed"": 7750}",results/archives/PAPERB_B9C_REMAINING_AUTHOR_RUN_050926.zip,PAPERB_B9C_REMAINING_AUTHOR_RUN_050926/raw/g5/g5__official32_minus71__n4p7__op_iso__d0.npz,dbff95bbe768c5b06d26b05a3b359b96397bba014bc55da9450052dfc3f21f52
g5,g5__official32_minus71__n4p7__op_iso__d0,official32_minus71,4.7,Min-Max,2498,479.7429293295671,"{""kind"": ""opcenter_exact_iso"", ""seed"": 7750}",results/archives/PAPERB_B9C_REMAINING_AUTHOR_RUN_050926.zip,PAPERB_B9C_REMAINING_AUTHOR_RUN_050926/raw/g5/g5__official32_minus71__n4p7__op_iso__d0.npz,dbff95bbe768c5b06d26b05a3b359b96397bba014bc55da9450052dfc3f21f52
g5,g5__official32_minus71__n4p7__one__d1,official32_minus71,4.7,WCL,2498,598.0558922090312,"{""D"": 10000, ""draw"": 1, ""f"": 1, ""kind"": ""fraction""}",results/archives/PAPERB_B9C_REMAINING_AUTHOR_RUN_050926.zip,PAPERB_B9C_REMAINING_AUTHOR_RUN_050926/raw/g5/g5__official32_minus71__n4p7__one__d1.npz,a8666d8bb6cbe82baebaa181f431148f6bfcf4bb23bdc5cce909b84148cd8138
g5,g5__official32_minus71__n4p7__one__d1,official32_minus71,4.7,ABS,2498,571.0698430629745,"{""D"": 10000, ""draw"": 1, ""f"": 1, ""kind"": ""fraction""}",results/archives/PAPERB_B9C_REMAINING_AUTHOR_RUN_050926.zip,PAPERB_B9C_REMAINING_AUTHOR_RUN_050926/raw/g5/g5__official32_minus71__n4p7__one__d1.npz,a8666d8bb6cbe82baebaa181f431148f6bfcf4bb23bdc5cce909b84148cd8138
g5,g5__official32_minus71__n4p7__one__d1,official32_minus71,4.7,DIFF,2498,1024.5473134422318,"{""D"": 10000, ""draw"": 1, ""f"": 1, ""kind"": ""fraction""}",results/archives/PAPERB_B9C_REMAINING_AUTHOR_RUN_050926.zip,PAPERB_B9C_REMAINING_AUTHOR_RUN_050926/raw/g5/g5__official32_minus71__n4p7__one__d1.npz,a8666d8bb6cbe82baebaa181f431148f6bfcf4bb23bdc5cce909b84148cd8138
g5,g5__official32_minus71__n4p7__one__d1,official32_minus71,4.7,Min-Max,2498,512.2551425467066,"{""D"": 10000, ""draw"": 1, ""f"": 1, ""kind"": ""fraction""}",results/archives/PAPERB_B9C_REMAINING_AUTHOR_RUN_050926.zip,PAPERB_B9C_REMAINING_AUTHOR_RUN_050926/raw/g5/g5__official32_minus71__n4p7__one__d1.npz,a8666d8bb6cbe82baebaa181f431148f6bfcf4bb23bdc5cce909b84148cd8138
g5,g5__official32_minus71__n4p7__all__d1,official32_minus71,4.7,WCL,2498,5932.3981234245875,"{""D"": 10000, ""draw"": 1, ""f"": 32, ""kind"": ""fraction""}",results/archives/PAPERB_B9C_REMAINING_AUTHOR_RUN_050926.zip,PAPERB_B9C_REMAINING_AUTHOR_RUN_050926/raw/g5/g5__official32_minus71__n4p7__all__d1.npz,a32c71363c15740248e9422ea0cf3f5de675bd679c9a8d599332aa3f540e3848
g5,g5__official32_minus71__n4p7__all__d1,official32_minus71,4.7,ABS,2498,2789.1222286610805,"{""D"": 10000, ""draw"": 1, ""f"": 32, ""kind"": ""fraction""}",results/archives/PAPERB_B9C_REMAINING_AUTHOR_RUN_050926.zip,PAPERB_B9C_REMAINING_AUTHOR_RUN_050926/raw/g5/g5__official32_minus71__n4p7__all__d1.npz,a32c71363c15740248e9422ea0cf3f5de675bd679c9a8d599332aa3f540e3848
g5,g5__official32_minus71__n4p7__all__d1,official32_minus71,4.7,DIFF,2498,3196.587060381339,"{""D"": 10000, ""draw"": 1, ""f"": 32, ""kind"": ""fraction""}",results/archives/PAPERB_B9C_REMAINING_AUTHOR_RUN_050926.zip,PAPERB_B9C_REMAINING_AUTHOR_RUN_050926/raw/g5/g5__official32_minus71__n4p7__all__d1.npz,a32c71363c15740248e9422ea0cf3f5de675bd679c9a8d599332aa3f540e3848
g5,g5__official32_minus71__n4p7__all__d1,official32_minus71,4.7,Min-Max,2498,3084.632403095316,"{""D"": 10000, ""draw"": 1, ""f"": 32, ""kind"": ""fraction""}",results/archives/PAPERB_B9C_REMAINING_AUTHOR_RUN_050926.zip,PAPERB_B9C_REMAINING_AUTHOR_RUN_050926/raw/g5/g5__official32_minus71__n4p7__all__d1.npz,a32c71363c15740248e9422ea0cf3f5de675bd679c9a8d599332aa3f540e3848
g5,g5__official32_minus71__n4p7__top6__d1,official32_minus71,4.7,WCL,2498,737.9451316796869,"{""D"": 5000, ""draw"": 1, ""k"": 6, ""kind"": ""topk""}",results/archives/PAPERB_B9C_REMAINING_AUTHOR_RUN_050926.zip,PAPERB_B9C_REMAINING_AUTHOR_RUN_050926/raw/g5/g5__official32_minus71__n4p7__top6__d1.npz,aebdbc5938f7439c1391838bb4bc577cfbae783f66a9d1647eef5b50452ad365
g5,g5__official32_minus71__n4p7__top6__d1,official32_minus71,4.7,ABS,2498,543.3873150879504,"{""D"": 5000, ""draw"": 1, ""k"": 6, ""kind"": ""topk""}",results/archives/PAPERB_B9C_REMAINING_AUTHOR_RUN_050926.zip,PAPERB_B9C_REMAINING_AUTHOR_RUN_050926/raw/g5/g5__official32_minus71__n4p7__top6__d1.npz,aebdbc5938f7439c1391838bb4bc577cfbae783f66a9d1647eef5b50452ad365
g5,g5__official32_minus71__n4p7__top6__d1,official32_minus71,4.7,DIFF,2498,884.1972510643535,"{""D"": 5000, ""draw"": 1, ""k"": 6, ""kind"": ""topk""}",results/archives/PAPERB_B9C_REMAINING_AUTHOR_RUN_050926.zip,PAPERB_B9C_REMAINING_AUTHOR_RUN_050926/raw/g5/g5__official32_minus71__n4p7__top6__d1.npz,aebdbc5938f7439c1391838bb4bc577cfbae783f66a9d1647eef5b50452ad365
g5,g5__official32_minus71__n4p7__top6__d1,official32_minus71,4.7,Min-Max,2498,845.8076415964538,"{""D"": 5000, ""draw"": 1, ""k"": 6, ""kind"": ""topk""}",results/archives/PAPERB_B9C_REMAINING_AUTHOR_RUN_050926.zip,PAPERB_B9C_REMAINING_AUTHOR_RUN_050926/raw/g5/g5__official32_minus71__n4p7__top6__d1.npz,aebdbc5938f7439c1391838bb4bc577cfbae783f66a9d1647eef5b50452ad365
g5,g5__official32_minus71__n4p7__top7__d1,official32_minus71,4.7,WCL,2498,1322.403129092181,"{""D"": 5000, ""draw"": 1, ""k"": 7, ""kind"": ""topk""}",results/archives/PAPERB_B9C_REMAINING_AUTHOR_RUN_050926.zip,PAPERB_B9C_REMAINING_AUTHOR_RUN_050926/raw/g5/g5__official32_minus71__n4p7__top7__d1.npz,593fd7473c5d634650652080332bd7f06fbfe8a62b93e4d9bc5878c9723b7e57
g5,g5__official32_minus71__n4p7__top7__d1,official32_minus71,4.7,ABS,2498,922.1678285543437,"{""D"": 5000, ""draw"": 1, ""k"": 7, ""kind"": ""topk""}",results/archives/PAPERB_B9C_REMAINING_AUTHOR_RUN_050926.zip,PAPERB_B9C_REMAINING_AUTHOR_RUN_050926/raw/g5/g5__official32_minus71__n4p7__top7__d1.npz,593fd7473c5d634650652080332bd7f06fbfe8a62b93e4d9bc5878c9723b7e57
g5,g5__official32_minus71__n4p7__top7__d1,official32_minus71,4.7,DIFF,2498,1418.7350075134207,"{""D"": 5000, ""draw"": 1, ""k"": 7, ""kind"": ""topk""}",results/archives/PAPERB_B9C_REMAINING_AUTHOR_RUN_050926.zip,PAPERB_B9C_REMAINING_AUTHOR_RUN_050926/raw/g5/g5__official32_minus71__n4p7__top7__d1.npz,593fd7473c5d634650652080332bd7f06fbfe8a62b93e4d9bc5878c9723b7e57
g5,g5__official32_minus71__n4p7__top7__d1,official32_minus71,4.7,Min-Max,2498,1206.1372631245795,"{""D"": 5000, ""draw"": 1, ""k"": 7, ""kind"": ""topk""}",results/archives/PAPERB_B9C_REMAINING_AUTHOR_RUN_050926.zip,PAPERB_B9C_REMAINING_AUTHOR_RUN_050926/raw/g5/g5__official32_minus71__n4p7__top7__d1.npz,593fd7473c5d634650652080332bd7f06fbfe8a62b93e4d9bc5878c9723b7e57
g5,g5__official32_minus71__n4p7__legacy_iso__d1,official32_minus71,4.7,WCL,2498,665.2492538491158,"{""kind"": ""legacy_iso"", ""seed"": 4763}",results/archives/PAPERB_B9C_REMAINING_AUTHOR_RUN_050926.zip,PAPERB_B9C_REMAINING_AUTHOR_RUN_050926/raw/g5/g5__official32_minus71__n4p7__legacy_iso__d1.npz,351eaf93177c6033f54fc8582c22c6143057c9b41a7900558b22365786a16bbf
g5,g5__official32_minus71__n4p7__legacy_iso__d1,official32_minus71,4.7,ABS,2498,637.5818047321027,"{""kind"": ""legacy_iso"", ""seed"": 4763}",results/archives/PAPERB_B9C_REMAINING_AUTHOR_RUN_050926.zip,PAPERB_B9C_REMAINING_AUTHOR_RUN_050926/raw/g5/g5__official32_minus71__n4p7__legacy_iso__d1.npz,351eaf93177c6033f54fc8582c22c6143057c9b41a7900558b22365786a16bbf
g5,g5__official32_minus71__n4p7__legacy_iso__d1,official32_minus71,4.7,DIFF,2498,1228.2495460870045,"{""kind"": ""legacy_iso"", ""seed"": 4763}",results/archives/PAPERB_B9C_REMAINING_AUTHOR_RUN_050926.zip,PAPERB_B9C_REMAINING_AUTHOR_RUN_050926/raw/g5/g5__official32_minus71__n4p7__legacy_iso__d1.npz,351eaf93177c6033f54fc8582c22c6143057c9b41a7900558b22365786a16bbf
g5,g5__official32_minus71__n4p7__legacy_iso__d1,official32_minus71,4.7,Min-Max,2498,505.4357693360054,"{""kind"": ""legacy_iso"", ""seed"": 4763}",results/archives/PAPERB_B9C_REMAINING_AUTHOR_RUN_050926.zip,PAPERB_B9C_REMAINING_AUTHOR_RUN_050926/raw/g5/g5__official32_minus71__n4p7__legacy_iso__d1.npz,351eaf93177c6033f54fc8582c22c6143057c9b41a7900558b22365786a16bbf
g5,g5__official32_minus71__n4p7__op_iso__d1,official32_minus71,4.7,WCL,2498,548.690452131812,"{""kind"": ""opcenter_exact_iso"", ""seed"": 7763}",results/archives/PAPERB_B9C_REMAINING_AUTHOR_RUN_050926.zip,PAPERB_B9C_REMAINING_AUTHOR_RUN_050926/raw/g5/g5__official32_minus71__n4p7__op_iso__d1.npz,36407ce2de25af1b75ef7557bde4e079436e8702a8c69ce9ec6a5b989d3ce8eb
g5,g5__official32_minus71__n4p7__op_iso__d1,official32_minus71,4.7,ABS,2498,539.3860055052728,"{""kind"": ""opcenter_exact_iso"", ""seed"": 7763}",results/archives/PAPERB_B9C_REMAINING_AUTHOR_RUN_050926.zip,PAPERB_B9C_REMAINING_AUTHOR_RUN_050926/raw/g5/g5__official32_minus71__n4p7__op_iso__d1.npz,36407ce2de25af1b75ef7557bde4e079436e8702a8c69ce9ec6a5b989d3ce8eb
g5,g5__official32_minus71__n4p7__op_iso__d1,official32_minus71,4.7,DIFF,2498,1069.2244138099354,"{""kind"": ""opcenter_exact_iso"", ""seed"": 7763}",results/archives/PAPERB_B9C_REMAINING_AUTHOR_RUN_050926.zip,PAPERB_B9C_REMAINING_AUTHOR_RUN_050926/raw/g5/g5__official32_minus71__n4p7__op_iso__d1.npz,36407ce2de25af1b75ef7557bde4e079436e8702a8c69ce9ec6a5b989d3ce8eb
g5,g5__official32_minus71__n4p7__op_iso__d1,official32_minus71,4.7,Min-Max,2498,447.4608547961052,"{""kind"": ""opcenter_exact_iso"", ""seed"": 7763}",results/archives/PAPERB_B9C_REMAINING_AUTHOR_RUN_050926.zip,PAPERB_B9C_REMAINING_AUTHOR_RUN_050926/raw/g5/g5__official32_minus71__n4p7__op_iso__d1.npz,36407ce2de25af1b75ef7557bde4e079436e8702a8c69ce9ec6a5b989d3ce8eb
g5,g5__official32_minus71__n4p7__one__d2,official32_minus71,4.7,WCL,2498,623.4608510429018,"{""D"": 10000, ""draw"": 2, ""f"": 1, ""kind"": ""fraction""}",results/archives/PAPERB_B9C_REMAINING_AUTHOR_RUN_050926.zip,PAPERB_B9C_REMAINING_AUTHOR_RUN_050926/raw/g5/g5__official32_minus71__n4p7__one__d2.npz,092be9d4f455612f91a93894516a61318a5fa9a2e1c002c3c981d28571d2cec9
g5,g5__official32_minus71__n4p7__one__d2,official32_minus71,4.7,ABS,2498,547.6864304866533,"{""D"": 10000, ""draw"": 2, ""f"": 1, ""kind"": ""fraction""}",results/archives/PAPERB_B9C_REMAINING_AUTHOR_RUN_050926.zip,PAPERB_B9C_REMAINING_AUTHOR_RUN_050926/raw/g5/g5__official32_minus71__n4p7__one__d2.npz,092be9d4f455612f91a93894516a61318a5fa9a2e1c002c3c981d28571d2cec9
g5,g5__official32_minus71__n4p7__one__d2,official32_minus71,4.7,DIFF,2498,844.0628565605857,"{""D"": 10000, ""draw"": 2, ""f"": 1, ""kind"": ""fraction""}",results/archives/PAPERB_B9C_REMAINING_AUTHOR_RUN_050926.zip,PAPERB_B9C_REMAINING_AUTHOR_RUN_050926/raw/g5/g5__official32_minus71__n4p7__one__d2.npz,092be9d4f455612f91a93894516a61318a5fa9a2e1c002c3c981d28571d2cec9
g5,g5__official32_minus71__n4p7__one__d2,official32_minus71,4.7,Min-Max,2498,529.283574435982,"{""D"": 10000, ""draw"": 2, ""f"": 1, ""kind"": ""fraction""}",results/archives/PAPERB_B9C_REMAINING_AUTHOR_RUN_050926.zip,PAPERB_B9C_REMAINING_AUTHOR_RUN_050926/raw/g5/g5__official32_minus71__n4p7__one__d2.npz,092be9d4f455612f91a93894516a61318a5fa9a2e1c002c3c981d28571d2cec9
g5,g5__official32_minus71__n4p7__all__d2,official32_minus71,4.7,WCL,2498,5961.220699290416,"{""D"": 10000, ""draw"": 2, ""f"": 32, ""kind"": ""fraction""}",results/archives/PAPERB_B9C_REMAINING_AUTHOR_RUN_050926.zip,PAPERB_B9C_REMAINING_AUTHOR_RUN_050926/raw/g5/g5__official32_minus71__n4p7__all__d2.npz,82a666ff4aa14c4b142d6cec8be798ed978be7684d227f3d7852c2d9930acbf1
g5,g5__official32_minus71__n4p7__all__d2,official32_minus71,4.7,ABS,2498,2903.9872154507093,"{""D"": 10000, ""draw"": 2, ""f"": 32, ""kind"": ""fraction""}",results/archives/PAPERB_B9C_REMAINING_AUTHOR_RUN_050926.zip,PAPERB_B9C_REMAINING_AUTHOR_RUN_050926/raw/g5/g5__official32_minus71__n4p7__all__d2.npz,82a666ff4aa14c4b142d6cec8be798ed978be7684d227f3d7852c2d9930acbf1
g5,g5__official32_minus71__n4p7__all__d2,official32_minus71,4.7,DIFF,2498,3212.252667472765,"{""D"": 10000, ""draw"": 2, ""f"": 32, ""kind"": ""fraction""}",results/archives/PAPERB_B9C_REMAINING_AUTHOR_RUN_050926.zip,PAPERB_B9C_REMAINING_AUTHOR_RUN_050926/raw/g5/g5__official32_minus71__n4p7__all__d2.npz,82a666ff4aa14c4b142d6cec8be798ed978be7684d227f3d7852c2d9930acbf1
g5,g5__official32_minus71__n4p7__all__d2,official32_minus71,4.7,Min-Max,2498,3316.7452344403546,"{""D"": 10000, ""draw"": 2, ""f"": 32, ""kind"": ""fraction""}",results/archives/PAPERB_B9C_REMAINING_AUTHOR_RUN_050926.zip,PAPERB_B9C_REMAINING_AUTHOR_RUN_050926/raw/g5/g5__official32_minus71__n4p7__all__d2.npz,82a666ff4aa14c4b142d6cec8be798ed978be7684d227f3d7852c2d9930acbf1
g5,g5__official32_minus71__n4p7__top6__d2,official32_minus71,4.7,WCL,2498,747.8223869768623,"{""D"": 5000, ""draw"": 2, ""k"": 6, ""kind"": ""topk""}",results/archives/PAPERB_B9C_REMAINING_AUTHOR_RUN_050926.zip,PAPERB_B9C_REMAINING_AUTHOR_RUN_050926/raw/g5/g5__official32_minus71__n4p7__top6__d2.npz,0fe2c97eb9a566f44e045ae2fec6b649c76c7810338f34ab03f8ec7a633d035f
g5,g5__official32_minus71__n4p7__top6__d2,official32_minus71,4.7,ABS,2498,628.1154358655081,"{""D"": 5000, ""draw"": 2, ""k"": 6, ""kind"": ""topk""}",results/archives/PAPERB_B9C_REMAINING_AUTHOR_RUN_050926.zip,PAPERB_B9C_REMAINING_AUTHOR_RUN_050926/raw/g5/g5__official32_minus71__n4p7__top6__d2.npz,0fe2c97eb9a566f44e045ae2fec6b649c76c7810338f34ab03f8ec7a633d035f
g5,g5__official32_minus71__n4p7__top6__d2,official32_minus71,4.7,DIFF,2498,884.2043036947066,"{""D"": 5000, ""draw"": 2, ""k"": 6, ""kind"": ""topk""}",results/archives/PAPERB_B9C_REMAINING_AUTHOR_RUN_050926.zip,PAPERB_B9C_REMAINING_AUTHOR_RUN_050926/raw/g5/g5__official32_minus71__n4p7__top6__d2.npz,0fe2c97eb9a566f44e045ae2fec6b649c76c7810338f34ab03f8ec7a633d035f
g5,g5__official32_minus71__n4p7__top6__d2,official32_minus71,4.7,Min-Max,2498,735.8552074116828,"{""D"": 5000, ""draw"": 2, ""k"": 6, ""kind"": ""topk""}",results/archives/PAPERB_B9C_REMAINING_AUTHOR_RUN_050926.zip,PAPERB_B9C_REMAINING_AUTHOR_RUN_050926/raw/g5/g5__official32_minus71__n4p7__top6__d2.npz,0fe2c97eb9a566f44e045ae2fec6b649c76c7810338f34ab03f8ec7a633d035f
g5,g5__official32_minus71__n4p7__top7__d2,official32_minus71,4.7,WCL,2498,1327.589305838691,"{""D"": 5000, ""draw"": 2, ""k"": 7, ""kind"": ""topk""}",results/archives/PAPERB_B9C_REMAINING_AUTHOR_RUN_050926.zip,PAPERB_B9C_REMAINING_AUTHOR_RUN_050926/raw/g5/g5__official32_minus71__n4p7__top7__d2.npz,180b1ab2ebd626873039a4218361a4ec384987c54b0b8fd64626cd30fe823be4
g5,g5__official32_minus71__n4p7__top7__d2,official32_minus71,4.7,ABS,2498,872.8327310733437,"{""D"": 5000, ""draw"": 2, ""k"": 7, ""kind"": ""topk""}",results/archives/PAPERB_B9C_REMAINING_AUTHOR_RUN_050926.zip,PAPERB_B9C_REMAINING_AUTHOR_RUN_050926/raw/g5/g5__official32_minus71__n4p7__top7__d2.npz,180b1ab2ebd626873039a4218361a4ec384987c54b0b8fd64626cd30fe823be4
g5,g5__official32_minus71__n4p7__top7__d2,official32_minus71,4.7,DIFF,2498,1093.3097736745462,"{""D"": 5000, ""draw"": 2, ""k"": 7, ""kind"": ""topk""}",results/archives/PAPERB_B9C_REMAINING_AUTHOR_RUN_050926.zip,PAPERB_B9C_REMAINING_AUTHOR_RUN_050926/raw/g5/g5__official32_minus71__n4p7__top7__d2.npz,180b1ab2ebd626873039a4218361a4ec384987c54b0b8fd64626cd30fe823be4
g5,g5__official32_minus71__n4p7__top7__d2,official32_minus71,4.7,Min-Max,2498,1149.9969823292545,"{""D"": 5000, ""draw"": 2, ""k"": 7, ""kind"": ""topk""}",results/archives/PAPERB_B9C_REMAINING_AUTHOR_RUN_050926.zip,PAPERB_B9C_REMAINING_AUTHOR_RUN_050926/raw/g5/g5__official32_minus71__n4p7__top7__d2.npz,180b1ab2ebd626873039a4218361a4ec384987c54b0b8fd64626cd30fe823be4
g5,g5__official32_minus71__n4p7__legacy_iso__d2,official32_minus71,4.7,WCL,2498,704.7626844309723,"{""kind"": ""legacy_iso"", ""seed"": 4776}",results/archives/PAPERB_B9C_REMAINING_AUTHOR_RUN_050926.zip,PAPERB_B9C_REMAINING_AUTHOR_RUN_050926/raw/g5/g5__official32_minus71__n4p7__legacy_iso__d2.npz,bc9da0a2a361806c76e8f22f94ed55ae0371da4d6ac74a89f4989222217417e0
g5,g5__official32_minus71__n4p7__legacy_iso__d2,official32_minus71,4.7,ABS,2498,590.9326360255686,"{""kind"": ""legacy_iso"", ""seed"": 4776}",results/archives/PAPERB_B9C_REMAINING_AUTHOR_RUN_050926.zip,PAPERB_B9C_REMAINING_AUTHOR_RUN_050926/raw/g5/g5__official32_minus71__n4p7__legacy_iso__d2.npz,bc9da0a2a361806c76e8f22f94ed55ae0371da4d6ac74a89f4989222217417e0
g5,g5__official32_minus71__n4p7__legacy_iso__d2,official32_minus71,4.7,DIFF,2498,1320.856948270623,"{""kind"": ""legacy_iso"", ""seed"": 4776}",results/archives/PAPERB_B9C_REMAINING_AUTHOR_RUN_050926.zip,PAPERB_B9C_REMAINING_AUTHOR_RUN_050926/raw/g5/g5__official32_minus71__n4p7__legacy_iso__d2.npz,bc9da0a2a361806c76e8f22f94ed55ae0371da4d6ac74a89f4989222217417e0
g5,g5__official32_minus71__n4p7__legacy_iso__d2,official32_minus71,4.7,Min-Max,2498,526.6641356988237,"{""kind"": ""legacy_iso"", ""seed"": 4776}",results/archives/PAPERB_B9C_REMAINING_AUTHOR_RUN_050926.zip,PAPERB_B9C_REMAINING_AUTHOR_RUN_050926/raw/g5/g5__official32_minus71__n4p7__legacy_iso__d2.npz,bc9da0a2a361806c76e8f22f94ed55ae0371da4d6ac74a89f4989222217417e0
g5,g5__official32_minus71__n4p7__op_iso__d2,official32_minus71,4.7,WCL,2498,612.2037532550485,"{""kind"": ""opcenter_exact_iso"", ""seed"": 7776}",results/archives/PAPERB_B9C_REMAINING_AUTHOR_RUN_050926.zip,PAPERB_B9C_REMAINING_AUTHOR_RUN_050926/raw/g5/g5__official32_minus71__n4p7__op_iso__d2.npz,77d7faf93998b219c2d56ab818f98b86605587d3b1c381945e55d8bf3521408a
g5,g5__official32_minus71__n4p7__op_iso__d2,official32_minus71,4.7,ABS,2498,531.8754585442541,"{""kind"": ""opcenter_exact_iso"", ""seed"": 7776}",results/archives/PAPERB_B9C_REMAINING_AUTHOR_RUN_050926.zip,PAPERB_B9C_REMAINING_AUTHOR_RUN_050926/raw/g5/g5__official32_minus71__n4p7__op_iso__d2.npz,77d7faf93998b219c2d56ab818f98b86605587d3b1c381945e55d8bf3521408a
g5,g5__official32_minus71__n4p7__op_iso__d2,official32_minus71,4.7,DIFF,2498,1101.5313567757605,"{""kind"": ""opcenter_exact_iso"", ""seed"": 7776}",results/archives/PAPERB_B9C_REMAINING_AUTHOR_RUN_050926.zip,PAPERB_B9C_REMAINING_AUTHOR_RUN_050926/raw/g5/g5__official32_minus71__n4p7__op_iso__d2.npz,77d7faf93998b219c2d56ab818f98b86605587d3b1c381945e55d8bf3521408a
g5,g5__official32_minus71__n4p7__op_iso__d2,official32_minus71,4.7,Min-Max,2498,483.7849026560813,"{""kind"": ""opcenter_exact_iso"", ""seed"": 7776}",results/archives/PAPERB_B9C_REMAINING_AUTHOR_RUN_050926.zip,PAPERB_B9C_REMAINING_AUTHOR_RUN_050926/raw/g5/g5__official32_minus71__n4p7__op_iso__d2.npz,77d7faf93998b219c2d56ab818f98b86605587d3b1c381945e55d8bf3521408a
g5,g5__official32_minus71__n4p7__one__d3,official32_minus71,4.7,WCL,2498,593.7425223082155,"{""D"": 10000, ""draw"": 3, ""f"": 1, ""kind"": ""fraction""}",results/archives/PAPERB_B9C_REMAINING_AUTHOR_RUN_050926.zip,PAPERB_B9C_REMAINING_AUTHOR_RUN_050926/raw/g5/g5__official32_minus71__n4p7__one__d3.npz,17ebda9d9bf862d2ed41f06f422a6bf1587d0eee4008455c49c3e7e82744c0fb
g5,g5__official32_minus71__n4p7__one__d3,official32_minus71,4.7,ABS,2498,555.8723930291872,"{""D"": 10000, ""draw"": 3, ""f"": 1, ""kind"": ""fraction""}",results/archives/PAPERB_B9C_REMAINING_AUTHOR_RUN_050926.zip,PAPERB_B9C_REMAINING_AUTHOR_RUN_050926/raw/g5/g5__official32_minus71__n4p7__one__d3.npz,17ebda9d9bf862d2ed41f06f422a6bf1587d0eee4008455c49c3e7e82744c0fb
g5,g5__official32_minus71__n4p7__one__d3,official32_minus71,4.7,DIFF,2498,1081.1476122403903,"{""D"": 10000, ""draw"": 3, ""f"": 1, ""kind"": ""fraction""}",results/archives/PAPERB_B9C_REMAINING_AUTHOR_RUN_050926.zip,PAPERB_B9C_REMAINING_AUTHOR_RUN_050926/raw/g5/g5__official32_minus71__n4p7__one__d3.npz,17ebda9d9bf862d2ed41f06f422a6bf1587d0eee4008455c49c3e7e82744c0fb
g5,g5__official32_minus71__n4p7__one__d3,official32_minus71,4.7,Min-Max,2498,478.88143519512585,"{""D"": 10000, ""draw"": 3, ""f"": 1, ""kind"": ""fraction""}",results/archives/PAPERB_B9C_REMAINING_AUTHOR_RUN_050926.zip,PAPERB_B9C_REMAINING_AUTHOR_RUN_050926/raw/g5/g5__official32_minus71__n4p7__one__d3.npz,17ebda9d9bf862d2ed41f06f422a6bf1587d0eee4008455c49c3e7e82744c0fb
g5,g5__official32_minus71__n4p7__all__d3,official32_minus71,4.7,WCL,2498,6049.4994507680485,"{""D"": 10000, ""draw"": 3, ""f"": 32, ""kind"": ""fraction""}",results/archives/PAPERB_B9C_REMAINING_AUTHOR_RUN_050926.zip,PAPERB_B9C_REMAINING_AUTHOR_RUN_050926/raw/g5/g5__official32_minus71__n4p7__all__d3.npz,e1d853822f55521cf75c2191503c3078f0a63af2f411d656f7d690a5248f98b7
g5,g5__official32_minus71__n4p7__all__d3,official32_minus71,4.7,ABS,2498,2916.423980417554,"{""D"": 10000, ""draw"": 3, ""f"": 32, ""kind"": ""fraction""}",results/archives/PAPERB_B9C_REMAINING_AUTHOR_RUN_050926.zip,PAPERB_B9C_REMAINING_AUTHOR_RUN_050926/raw/g5/g5__official32_minus71__n4p7__all__d3.npz,e1d853822f55521cf75c2191503c3078f0a63af2f411d656f7d690a5248f98b7
g5,g5__official32_minus71__n4p7__all__d3,official32_minus71,4.7,DIFF,2498,3236.4106760871,"{""D"": 10000, ""draw"": 3, ""f"": 32, ""kind"": ""fraction""}",results/archives/PAPERB_B9C_REMAINING_AUTHOR_RUN_050926.zip,PAPERB_B9C_REMAINING_AUTHOR_RUN_050926/raw/g5/g5__official32_minus71__n4p7__all__d3.npz,e1d853822f55521cf75c2191503c3078f0a63af2f411d656f7d690a5248f98b7
g5,g5__official32_minus71__n4p7__all__d3,official32_minus71,4.7,Min-Max,2498,3444.7474734966627,"{""D"": 10000, ""draw"": 3, ""f"": 32, ""kind"": ""fraction""}",results/archives/PAPERB_B9C_REMAINING_AUTHOR_RUN_050926.zip,PAPERB_B9C_REMAINING_AUTHOR_RUN_050926/raw/g5/g5__official32_minus71__n4p7__all__d3.npz,e1d853822f55521cf75c2191503c3078f0a63af2f411d656f7d690a5248f98b7
g5,g5__official32_minus71__n4p7__top6__d3,official32_minus71,4.7,WCL,2498,757.3439541288309,"{""D"": 5000, ""draw"": 3, ""k"": 6, ""kind"": ""topk""}",results/archives/PAPERB_B9C_REMAINING_AUTHOR_RUN_050926.zip,PAPERB_B9C_REMAINING_AUTHOR_RUN_050926/raw/g5/g5__official32_minus71__n4p7__top6__d3.npz,f39d794e2814f781961761b7a05056461b12d68eaa6057664278eda0f3a98d0a
g5,g5__official32_minus71__n4p7__top6__d3,official32_minus71,4.7,ABS,2498,585.5136298761092,"{""D"": 5000, ""draw"": 3, ""k"": 6, ""kind"": ""topk""}",results/archives/PAPERB_B9C_REMAINING_AUTHOR_RUN_050926.zip,PAPERB_B9C_REMAINING_AUTHOR_RUN_050926/raw/g5/g5__official32_minus71__n4p7__top6__d3.npz,f39d794e2814f781961761b7a05056461b12d68eaa6057664278eda0f3a98d0a
g5,g5__official32_minus71__n4p7__top6__d3,official32_minus71,4.7,DIFF,2498,861.5942186041519,"{""D"": 5000, ""draw"": 3, ""k"": 6, ""kind"": ""topk""}",results/archives/PAPERB_B9C_REMAINING_AUTHOR_RUN_050926.zip,PAPERB_B9C_REMAINING_AUTHOR_RUN_050926/raw/g5/g5__official32_minus71__n4p7__top6__d3.npz,f39d794e2814f781961761b7a05056461b12d68eaa6057664278eda0f3a98d0a
g5,g5__official32_minus71__n4p7__top6__d3,official32_minus71,4.7,Min-Max,2498,699.493126946793,"{""D"": 5000, ""draw"": 3, ""k"": 6, ""kind"": ""topk""}",results/archives/PAPERB_B9C_REMAINING_AUTHOR_RUN_050926.zip,PAPERB_B9C_REMAINING_AUTHOR_RUN_050926/raw/g5/g5__official32_minus71__n4p7__top6__d3.npz,f39d794e2814f781961761b7a05056461b12d68eaa6057664278eda0f3a98d0a
g5,g5__official32_minus71__n4p7__top7__d3,official32_minus71,4.7,WCL,2498,1354.8236396339753,"{""D"": 5000, ""draw"": 3, ""k"": 7, ""kind"": ""topk""}",results/archives/PAPERB_B9C_REMAINING_AUTHOR_RUN_050926.zip,PAPERB_B9C_REMAINING_AUTHOR_RUN_050926/raw/g5/g5__official32_minus71__n4p7__top7__d3.npz,4dce6935cf158fad2b36b6c29c94bf1b42a20530fff0974f40e9d52203270c34
g5,g5__official32_minus71__n4p7__top7__d3,official32_minus71,4.7,ABS,2498,896.2948806341292,"{""D"": 5000, ""draw"": 3, ""k"": 7, ""kind"": ""topk""}",results/archives/PAPERB_B9C_REMAINING_AUTHOR_RUN_050926.zip,PAPERB_B9C_REMAINING_AUTHOR_RUN_050926/raw/g5/g5__official32_minus71__n4p7__top7__d3.npz,4dce6935cf158fad2b36b6c29c94bf1b42a20530fff0974f40e9d52203270c34
g5,g5__official32_minus71__n4p7__top7__d3,official32_minus71,4.7,DIFF,2498,1138.1802799713323,"{""D"": 5000, ""draw"": 3, ""k"": 7, ""kind"": ""topk""}",results/archives/PAPERB_B9C_REMAINING_AUTHOR_RUN_050926.zip,PAPERB_B9C_REMAINING_AUTHOR_RUN_050926/raw/g5/g5__official32_minus71__n4p7__top7__d3.npz,4dce6935cf158fad2b36b6c29c94bf1b42a20530fff0974f40e9d52203270c34
g5,g5__official32_minus71__n4p7__top7__d3,official32_minus71,4.7,Min-Max,2498,1134.3149045240034,"{""D"": 5000, ""draw"": 3, ""k"": 7, ""kind"": ""topk""}",results/archives/PAPERB_B9C_REMAINING_AUTHOR_RUN_050926.zip,PAPERB_B9C_REMAINING_AUTHOR_RUN_050926/raw/g5/g5__official32_minus71__n4p7__top7__d3.npz,4dce6935cf158fad2b36b6c29c94bf1b42a20530fff0974f40e9d52203270c34
g5,g5__official32_minus71__n4p7__legacy_iso__d3,official32_minus71,4.7,WCL,2498,776.6598325046654,"{""kind"": ""legacy_iso"", ""seed"": 4789}",results/archives/PAPERB_B9C_REMAINING_AUTHOR_RUN_050926.zip,PAPERB_B9C_REMAINING_AUTHOR_RUN_050926/raw/g5/g5__official32_minus71__n4p7__legacy_iso__d3.npz,b3a625db0892cdf24064c8c291c9a47ea9cb1a3a122f8aa1bbb5ff6fce15bfb5
g5,g5__official32_minus71__n4p7__legacy_iso__d3,official32_minus71,4.7,ABS,2498,649.8551003428233,"{""kind"": ""legacy_iso"", ""seed"": 4789}",results/archives/PAPERB_B9C_REMAINING_AUTHOR_RUN_050926.zip,PAPERB_B9C_REMAINING_AUTHOR_RUN_050926/raw/g5/g5__official32_minus71__n4p7__legacy_iso__d3.npz,b3a625db0892cdf24064c8c291c9a47ea9cb1a3a122f8aa1bbb5ff6fce15bfb5
g5,g5__official32_minus71__n4p7__legacy_iso__d3,official32_minus71,4.7,DIFF,2498,1281.0162956702377,"{""kind"": ""legacy_iso"", ""seed"": 4789}",results/archives/PAPERB_B9C_REMAINING_AUTHOR_RUN_050926.zip,PAPERB_B9C_REMAINING_AUTHOR_RUN_050926/raw/g5/g5__official32_minus71__n4p7__legacy_iso__d3.npz,b3a625db0892cdf24064c8c291c9a47ea9cb1a3a122f8aa1bbb5ff6fce15bfb5
g5,g5__official32_minus71__n4p7__legacy_iso__d3,official32_minus71,4.7,Min-Max,2498,576.0991575615203,"{""kind"": ""legacy_iso"", ""seed"": 4789}",results/archives/PAPERB_B9C_REMAINING_AUTHOR_RUN_050926.zip,PAPERB_B9C_REMAINING_AUTHOR_RUN_050926/raw/g5/g5__official32_minus71__n4p7__legacy_iso__d3.npz,b3a625db0892cdf24064c8c291c9a47ea9cb1a3a122f8aa1bbb5ff6fce15bfb5
g5,g5__official32_minus71__n4p7__op_iso__d3,official32_minus71,4.7,WCL,2498,591.8693159896873,"{""kind"": ""opcenter_exact_iso"", ""seed"": 7789}",results/archives/PAPERB_B9C_REMAINING_AUTHOR_RUN_050926.zip,PAPERB_B9C_REMAINING_AUTHOR_RUN_050926/raw/g5/g5__official32_minus71__n4p7__op_iso__d3.npz,d7883fe2db4c96503b17d5199e1f9dbc73314441f4781fea6f1ca9a724dfcf1f
g5,g5__official32_minus71__n4p7__op_iso__d3,official32_minus71,4.7,ABS,2498,543.5742221679509,"{""kind"": ""opcenter_exact_iso"", ""seed"": 7789}",results/archives/PAPERB_B9C_REMAINING_AUTHOR_RUN_050926.zip,PAPERB_B9C_REMAINING_AUTHOR_RUN_050926/raw/g5/g5__official32_minus71__n4p7__op_iso__d3.npz,d7883fe2db4c96503b17d5199e1f9dbc73314441f4781fea6f1ca9a724dfcf1f
g5,g5__official32_minus71__n4p7__op_iso__d3,official32_minus71,4.7,DIFF,2498,1143.2936369369065,"{""kind"": ""opcenter_exact_iso"", ""seed"": 7789}",results/archives/PAPERB_B9C_REMAINING_AUTHOR_RUN_050926.zip,PAPERB_B9C_REMAINING_AUTHOR_RUN_050926/raw/g5/g5__official32_minus71__n4p7__op_iso__d3.npz,d7883fe2db4c96503b17d5199e1f9dbc73314441f4781fea6f1ca9a724dfcf1f
g5,g5__official32_minus71__n4p7__op_iso__d3,official32_minus71,4.7,Min-Max,2498,469.85005484915047,"{""kind"": ""opcenter_exact_iso"", ""seed"": 7789}",results/archives/PAPERB_B9C_REMAINING_AUTHOR_RUN_050926.zip,PAPERB_B9C_REMAINING_AUTHOR_RUN_050926/raw/g5/g5__official32_minus71__n4p7__op_iso__d3.npz,d7883fe2db4c96503b17d5199e1f9dbc73314441f4781fea6f1ca9a724dfcf1f
g5,g5__official32_minus71__n4p7__one__d4,official32_minus71,4.7,WCL,2498,614.6998656060034,"{""D"": 10000, ""draw"": 4, ""f"": 1, ""kind"": ""fraction""}",results/archives/PAPERB_B9C_REMAINING_AUTHOR_RUN_050926.zip,PAPERB_B9C_REMAINING_AUTHOR_RUN_050926/raw/g5/g5__official32_minus71__n4p7__one__d4.npz,2ee0c8fd2e30dafd7d9cdb6f3a4bc2f39106d27593534c44dd6485a97a7a4e4d
g5,g5__official32_minus71__n4p7__one__d4,official32_minus71,4.7,ABS,2498,565.7257072992685,"{""D"": 10000, ""draw"": 4, ""f"": 1, ""kind"": ""fraction""}",results/archives/PAPERB_B9C_REMAINING_AUTHOR_RUN_050926.zip,PAPERB_B9C_REMAINING_AUTHOR_RUN_050926/raw/g5/g5__official32_minus71__n4p7__one__d4.npz,2ee0c8fd2e30dafd7d9cdb6f3a4bc2f39106d27593534c44dd6485a97a7a4e4d
g5,g5__official32_minus71__n4p7__one__d4,official32_minus71,4.7,DIFF,2498,910.1641862837928,"{""D"": 10000, ""draw"": 4, ""f"": 1, ""kind"": ""fraction""}",results/archives/PAPERB_B9C_REMAINING_AUTHOR_RUN_050926.zip,PAPERB_B9C_REMAINING_AUTHOR_RUN_050926/raw/g5/g5__official32_minus71__n4p7__one__d4.npz,2ee0c8fd2e30dafd7d9cdb6f3a4bc2f39106d27593534c44dd6485a97a7a4e4d
g5,g5__official32_minus71__n4p7__one__d4,official32_minus71,4.7,Min-Max,2498,547.6995932022244,"{""D"": 10000, ""draw"": 4, ""f"": 1, ""kind"": ""fraction""}",results/archives/PAPERB_B9C_REMAINING_AUTHOR_RUN_050926.zip,PAPERB_B9C_REMAINING_AUTHOR_RUN_050926/raw/g5/g5__official32_minus71__n4p7__one__d4.npz,2ee0c8fd2e30dafd7d9cdb6f3a4bc2f39106d27593534c44dd6485a97a7a4e4d
g5,g5__official32_minus71__n4p7__all__d4,official32_minus71,4.7,WCL,2498,6064.077144747305,"{""D"": 10000, ""draw"": 4, ""f"": 32, ""kind"": ""fraction""}",results/archives/PAPERB_B9C_REMAINING_AUTHOR_RUN_050926.zip,PAPERB_B9C_REMAINING_AUTHOR_RUN_050926/raw/g5/g5__official32_minus71__n4p7__all__d4.npz,99436924fdfd2afdbf55b4feb6d9d897de36a450d511453ea82fc11834724f4d
g5,g5__official32_minus71__n4p7__all__d4,official32_minus71,4.7,ABS,2498,2760.3999981662146,"{""D"": 10000, ""draw"": 4, ""f"": 32, ""kind"": ""fraction""}",results/archives/PAPERB_B9C_REMAINING_AUTHOR_RUN_050926.zip,PAPERB_B9C_REMAINING_AUTHOR_RUN_050926/raw/g5/g5__official32_minus71__n4p7__all__d4.npz,99436924fdfd2afdbf55b4feb6d9d897de36a450d511453ea82fc11834724f4d
g5,g5__official32_minus71__n4p7__all__d4,official32_minus71,4.7,DIFF,2498,3046.6768381923166,"{""D"": 10000, ""draw"": 4, ""f"": 32, ""kind"": ""fraction""}",results/archives/PAPERB_B9C_REMAINING_AUTHOR_RUN_050926.zip,PAPERB_B9C_REMAINING_AUTHOR_RUN_050926/raw/g5/g5__official32_minus71__n4p7__all__d4.npz,99436924fdfd2afdbf55b4feb6d9d897de36a450d511453ea82fc11834724f4d
g5,g5__official32_minus71__n4p7__all__d4,official32_minus71,4.7,Min-Max,2498,3210.6159301679827,"{""D"": 10000, ""draw"": 4, ""f"": 32, ""kind"": ""fraction""}",results/archives/PAPERB_B9C_REMAINING_AUTHOR_RUN_050926.zip,PAPERB_B9C_REMAINING_AUTHOR_RUN_050926/raw/g5/g5__official32_minus71__n4p7__all__d4.npz,99436924fdfd2afdbf55b4feb6d9d897de36a450d511453ea82fc11834724f4d
g5,g5__official32_minus71__n4p7__top6__d4,official32_minus71,4.7,WCL,2498,755.0648464120112,"{""D"": 5000, ""draw"": 4, ""k"": 6, ""kind"": ""topk""}",results/archives/PAPERB_B9C_REMAINING_AUTHOR_RUN_050926.zip,PAPERB_B9C_REMAINING_AUTHOR_RUN_050926/raw/g5/g5__official32_minus71__n4p7__top6__d4.npz,19f6dcd7660512fb8f9c997895a56674cecafadc3c2ddb895a1f639b9fa39c70
g5,g5__official32_minus71__n4p7__top6__d4,official32_minus71,4.7,ABS,2498,610.8963286685862,"{""D"": 5000, ""draw"": 4, ""k"": 6, ""kind"": ""topk""}",results/archives/PAPERB_B9C_REMAINING_AUTHOR_RUN_050926.zip,PAPERB_B9C_REMAINING_AUTHOR_RUN_050926/raw/g5/g5__official32_minus71__n4p7__top6__d4.npz,19f6dcd7660512fb8f9c997895a56674cecafadc3c2ddb895a1f639b9fa39c70
g5,g5__official32_minus71__n4p7__top6__d4,official32_minus71,4.7,DIFF,2498,805.885299885284,"{""D"": 5000, ""draw"": 4, ""k"": 6, ""kind"": ""topk""}",results/archives/PAPERB_B9C_REMAINING_AUTHOR_RUN_050926.zip,PAPERB_B9C_REMAINING_AUTHOR_RUN_050926/raw/g5/g5__official32_minus71__n4p7__top6__d4.npz,19f6dcd7660512fb8f9c997895a56674cecafadc3c2ddb895a1f639b9fa39c70
g5,g5__official32_minus71__n4p7__top6__d4,official32_minus71,4.7,Min-Max,2498,747.4657525799628,"{""D"": 5000, ""draw"": 4, ""k"": 6, ""kind"": ""topk""}",results/archives/PAPERB_B9C_REMAINING_AUTHOR_RUN_050926.zip,PAPERB_B9C_REMAINING_AUTHOR_RUN_050926/raw/g5/g5__official32_minus71__n4p7__top6__d4.npz,19f6dcd7660512fb8f9c997895a56674cecafadc3c2ddb895a1f639b9fa39c70
g5,g5__official32_minus71__n4p7__top7__d4,official32_minus71,4.7,WCL,2498,1432.7005703173409,"{""D"": 5000, ""draw"": 4, ""k"": 7, ""kind"": ""topk""}",results/archives/PAPERB_B9C_REMAINING_AUTHOR_RUN_050926.zip,PAPERB_B9C_REMAINING_AUTHOR_RUN_050926/raw/g5/g5__official32_minus71__n4p7__top7__d4.npz,614fe19f3818a92808074503c0fbec9d87b772d1197bb2b3a28a060a81b31047
g5,g5__official32_minus71__n4p7__top7__d4,official32_minus71,4.7,ABS,2498,878.9119474773056,"{""D"": 5000, ""draw"": 4, ""k"": 7, ""kind"": ""topk""}",results/archives/PAPERB_B9C_REMAINING_AUTHOR_RUN_050926.zip,PAPERB_B9C_REMAINING_AUTHOR_RUN_050926/raw/g5/g5__official32_minus71__n4p7__top7__d4.npz,614fe19f3818a92808074503c0fbec9d87b772d1197bb2b3a28a060a81b31047
g5,g5__official32_minus71__n4p7__top7__d4,official32_minus71,4.7,DIFF,2498,1163.8717214097346,"{""D"": 5000, ""draw"": 4, ""k"": 7, ""kind"": ""topk""}",results/archives/PAPERB_B9C_REMAINING_AUTHOR_RUN_050926.zip,PAPERB_B9C_REMAINING_AUTHOR_RUN_050926/raw/g5/g5__official32_minus71__n4p7__top7__d4.npz,614fe19f3818a92808074503c0fbec9d87b772d1197bb2b3a28a060a81b31047
g5,g5__official32_minus71__n4p7__top7__d4,official32_minus71,4.7,Min-Max,2498,1248.8470601473427,"{""D"": 5000, ""draw"": 4, ""k"": 7, ""kind"": ""topk""}",results/archives/PAPERB_B9C_REMAINING_AUTHOR_RUN_050926.zip,PAPERB_B9C_REMAINING_AUTHOR_RUN_050926/raw/g5/g5__official32_minus71__n4p7__top7__d4.npz,614fe19f3818a92808074503c0fbec9d87b772d1197bb2b3a28a060a81b31047
g5,g5__official32_minus71__n4p7__legacy_iso__d4,official32_minus71,4.7,WCL,2498,697.046308991419,"{""kind"": ""legacy_iso"", ""seed"": 4802}",results/archives/PAPERB_B9C_REMAINING_AUTHOR_RUN_050926.zip,PAPERB_B9C_REMAINING_AUTHOR_RUN_050926/raw/g5/g5__official32_minus71__n4p7__legacy_iso__d4.npz,bd25ce4519b6c174d1a2d09653f1583b254115f3c13597cdef6a1d3e2d09b281
g5,g5__official32_minus71__n4p7__legacy_iso__d4,official32_minus71,4.7,ABS,2498,683.7500564772258,"{""kind"": ""legacy_iso"", ""seed"": 4802}",results/archives/PAPERB_B9C_REMAINING_AUTHOR_RUN_050926.zip,PAPERB_B9C_REMAINING_AUTHOR_RUN_050926/raw/g5/g5__official32_minus71__n4p7__legacy_iso__d4.npz,bd25ce4519b6c174d1a2d09653f1583b254115f3c13597cdef6a1d3e2d09b281
g5,g5__official32_minus71__n4p7__legacy_iso__d4,official32_minus71,4.7,DIFF,2498,1406.5484427343044,"{""kind"": ""legacy_iso"", ""seed"": 4802}",results/archives/PAPERB_B9C_REMAINING_AUTHOR_RUN_050926.zip,PAPERB_B9C_REMAINING_AUTHOR_RUN_050926/raw/g5/g5__official32_minus71__n4p7__legacy_iso__d4.npz,bd25ce4519b6c174d1a2d09653f1583b254115f3c13597cdef6a1d3e2d09b281
g5,g5__official32_minus71__n4p7__legacy_iso__d4,official32_minus71,4.7,Min-Max,2498,546.4162958975633,"{""kind"": ""legacy_iso"", ""seed"": 4802}",results/archives/PAPERB_B9C_REMAINING_AUTHOR_RUN_050926.zip,PAPERB_B9C_REMAINING_AUTHOR_RUN_050926/raw/g5/g5__official32_minus71__n4p7__legacy_iso__d4.npz,bd25ce4519b6c174d1a2d09653f1583b254115f3c13597cdef6a1d3e2d09b281
g5,g5__official32_minus71__n4p7__op_iso__d4,official32_minus71,4.7,WCL,2498,558.2790285968331,"{""kind"": ""opcenter_exact_iso"", ""seed"": 7802}",results/archives/PAPERB_B9C_REMAINING_AUTHOR_RUN_050926.zip,PAPERB_B9C_REMAINING_AUTHOR_RUN_050926/raw/g5/g5__official32_minus71__n4p7__op_iso__d4.npz,e03844abf0db86a531599500b02fe4e76edc7b33ec47348e6d6ff410a8864917
g5,g5__official32_minus71__n4p7__op_iso__d4,official32_minus71,4.7,ABS,2498,525.7451086745806,"{""kind"": ""opcenter_exact_iso"", ""seed"": 7802}",results/archives/PAPERB_B9C_REMAINING_AUTHOR_RUN_050926.zip,PAPERB_B9C_REMAINING_AUTHOR_RUN_050926/raw/g5/g5__official32_minus71__n4p7__op_iso__d4.npz,e03844abf0db86a531599500b02fe4e76edc7b33ec47348e6d6ff410a8864917
g5,g5__official32_minus71__n4p7__op_iso__d4,official32_minus71,4.7,DIFF,2498,1074.7000869384153,"{""kind"": ""opcenter_exact_iso"", ""seed"": 7802}",results/archives/PAPERB_B9C_REMAINING_AUTHOR_RUN_050926.zip,PAPERB_B9C_REMAINING_AUTHOR_RUN_050926/raw/g5/g5__official32_minus71__n4p7__op_iso__d4.npz,e03844abf0db86a531599500b02fe4e76edc7b33ec47348e6d6ff410a8864917
g5,g5__official32_minus71__n4p7__op_iso__d4,official32_minus71,4.7,Min-Max,2498,471.1390324828229,"{""kind"": ""opcenter_exact_iso"", ""seed"": 7802}",results/archives/PAPERB_B9C_REMAINING_AUTHOR_RUN_050926.zip,PAPERB_B9C_REMAINING_AUTHOR_RUN_050926/raw/g5/g5__official32_minus71__n4p7__op_iso__d4.npz,e03844abf0db86a531599500b02fe4e76edc7b33ec47348e6d6ff410a8864917
g5,g5__official32_minus71__n4p7__one__d5,official32_minus71,4.7,WCL,2498,593.7425223082155,"{""D"": 10000, ""draw"": 5, ""f"": 1, ""kind"": ""fraction""}",results/archives/PAPERB_B9C_REMAINING_AUTHOR_RUN_050926.zip,PAPERB_B9C_REMAINING_AUTHOR_RUN_050926/raw/g5/g5__official32_minus71__n4p7__one__d5.npz,36b78ea6499c3d3450d1d803a9aea79cab0907243d3d8baa7ac72e682f972506
g5,g5__official32_minus71__n4p7__one__d5,official32_minus71,4.7,ABS,2498,554.60602435254,"{""D"": 10000, ""draw"": 5, ""f"": 1, ""kind"": ""fraction""}",results/archives/PAPERB_B9C_REMAINING_AUTHOR_RUN_050926.zip,PAPERB_B9C_REMAINING_AUTHOR_RUN_050926/raw/g5/g5__official32_minus71__n4p7__one__d5.npz,36b78ea6499c3d3450d1d803a9aea79cab0907243d3d8baa7ac72e682f972506
g5,g5__official32_minus71__n4p7__one__d5,official32_minus71,4.7,DIFF,2498,1082.2816169505356,"{""D"": 10000, ""draw"": 5, ""f"": 1, ""kind"": ""fraction""}",results/archives/PAPERB_B9C_REMAINING_AUTHOR_RUN_050926.zip,PAPERB_B9C_REMAINING_AUTHOR_RUN_050926/raw/g5/g5__official32_minus71__n4p7__one__d5.npz,36b78ea6499c3d3450d1d803a9aea79cab0907243d3d8baa7ac72e682f972506
g5,g5__official32_minus71__n4p7__one__d5,official32_minus71,4.7,Min-Max,2498,478.88143519512585,"{""D"": 10000, ""draw"": 5, ""f"": 1, ""kind"": ""fraction""}",results/archives/PAPERB_B9C_REMAINING_AUTHOR_RUN_050926.zip,PAPERB_B9C_REMAINING_AUTHOR_RUN_050926/raw/g5/g5__official32_minus71__n4p7__one__d5.npz,36b78ea6499c3d3450d1d803a9aea79cab0907243d3d8baa7ac72e682f972506
g5,g5__official32_minus71__n4p7__all__d5,official32_minus71,4.7,WCL,2498,5887.2191529233605,"{""D"": 10000, ""draw"": 5, ""f"": 32, ""kind"": ""fraction""}",results/archives/PAPERB_B9C_REMAINING_AUTHOR_RUN_050926.zip,PAPERB_B9C_REMAINING_AUTHOR_RUN_050926/raw/g5/g5__official32_minus71__n4p7__all__d5.npz,1c8c715221a710ab296c0549811f9cbbe12ab797d899e53a83d4aaf617c2598e
g5,g5__official32_minus71__n4p7__all__d5,official32_minus71,4.7,ABS,2498,2689.2687499904187,"{""D"": 10000, ""draw"": 5, ""f"": 32, ""kind"": ""fraction""}",results/archives/PAPERB_B9C_REMAINING_AUTHOR_RUN_050926.zip,PAPERB_B9C_REMAINING_AUTHOR_RUN_050926/raw/g5/g5__official32_minus71__n4p7__all__d5.npz,1c8c715221a710ab296c0549811f9cbbe12ab797d899e53a83d4aaf617c2598e
g5,g5__official32_minus71__n4p7__all__d5,official32_minus71,4.7,DIFF,2498,3015.4155543234447,"{""D"": 10000, ""draw"": 5, ""f"": 32, ""kind"": ""fraction""}",results/archives/PAPERB_B9C_REMAINING_AUTHOR_RUN_050926.zip,PAPERB_B9C_REMAINING_AUTHOR_RUN_050926/raw/g5/g5__official32_minus71__n4p7__all__d5.npz,1c8c715221a710ab296c0549811f9cbbe12ab797d899e53a83d4aaf617c2598e
g5,g5__official32_minus71__n4p7__all__d5,official32_minus71,4.7,Min-Max,2498,3714.2997502123912,"{""D"": 10000, ""draw"": 5, ""f"": 32, ""kind"": ""fraction""}",results/archives/PAPERB_B9C_REMAINING_AUTHOR_RUN_050926.zip,PAPERB_B9C_REMAINING_AUTHOR_RUN_050926/raw/g5/g5__official32_minus71__n4p7__all__d5.npz,1c8c715221a710ab296c0549811f9cbbe12ab797d899e53a83d4aaf617c2598e
g5,g5__official32_minus71__n4p7__top6__d5,official32_minus71,4.7,WCL,2498,762.901128840321,"{""D"": 5000, ""draw"": 5, ""k"": 6, ""kind"": ""topk""}",results/archives/PAPERB_B9C_REMAINING_AUTHOR_RUN_050926.zip,PAPERB_B9C_REMAINING_AUTHOR_RUN_050926/raw/g5/g5__official32_minus71__n4p7__top6__d5.npz,11561a2f69af2892df1e29b3e0aa4ee7b3eacf9d96d0de19c0000300422c7cb6
g5,g5__official32_minus71__n4p7__top6__d5,official32_minus71,4.7,ABS,2498,600.587316136837,"{""D"": 5000, ""draw"": 5, ""k"": 6, ""kind"": ""topk""}",results/archives/PAPERB_B9C_REMAINING_AUTHOR_RUN_050926.zip,PAPERB_B9C_REMAINING_AUTHOR_RUN_050926/raw/g5/g5__official32_minus71__n4p7__top6__d5.npz,11561a2f69af2892df1e29b3e0aa4ee7b3eacf9d96d0de19c0000300422c7cb6
g5,g5__official32_minus71__n4p7__top6__d5,official32_minus71,4.7,DIFF,2498,793.8968100978013,"{""D"": 5000, ""draw"": 5, ""k"": 6, ""kind"": ""topk""}",results/archives/PAPERB_B9C_REMAINING_AUTHOR_RUN_050926.zip,PAPERB_B9C_REMAINING_AUTHOR_RUN_050926/raw/g5/g5__official32_minus71__n4p7__top6__d5.npz,11561a2f69af2892df1e29b3e0aa4ee7b3eacf9d96d0de19c0000300422c7cb6
g5,g5__official32_minus71__n4p7__top6__d5,official32_minus71,4.7,Min-Max,2498,814.9555346975988,"{""D"": 5000, ""draw"": 5, ""k"": 6, ""kind"": ""topk""}",results/archives/PAPERB_B9C_REMAINING_AUTHOR_RUN_050926.zip,PAPERB_B9C_REMAINING_AUTHOR_RUN_050926/raw/g5/g5__official32_minus71__n4p7__top6__d5.npz,11561a2f69af2892df1e29b3e0aa4ee7b3eacf9d96d0de19c0000300422c7cb6
g5,g5__official32_minus71__n4p7__top7__d5,official32_minus71,4.7,WCL,2498,1447.3206314912227,"{""D"": 5000, ""draw"": 5, ""k"": 7, ""kind"": ""topk""}",results/archives/PAPERB_B9C_REMAINING_AUTHOR_RUN_050926.zip,PAPERB_B9C_REMAINING_AUTHOR_RUN_050926/raw/g5/g5__official32_minus71__n4p7__top7__d5.npz,866c82e705588d4714904cfe27cfe9aa7e1b49dfebaeaa77daceca11ef583ee2
g5,g5__official32_minus71__n4p7__top7__d5,official32_minus71,4.7,ABS,2498,862.3785663116141,"{""D"": 5000, ""draw"": 5, ""k"": 7, ""kind"": ""topk""}",results/archives/PAPERB_B9C_REMAINING_AUTHOR_RUN_050926.zip,PAPERB_B9C_REMAINING_AUTHOR_RUN_050926/raw/g5/g5__official32_minus71__n4p7__top7__d5.npz,866c82e705588d4714904cfe27cfe9aa7e1b49dfebaeaa77daceca11ef583ee2
g5,g5__official32_minus71__n4p7__top7__d5,official32_minus71,4.7,DIFF,2498,1370.7667349353983,"{""D"": 5000, ""draw"": 5, ""k"": 7, ""kind"": ""topk""}",results/archives/PAPERB_B9C_REMAINING_AUTHOR_RUN_050926.zip,PAPERB_B9C_REMAINING_AUTHOR_RUN_050926/raw/g5/g5__official32_minus71__n4p7__top7__d5.npz,866c82e705588d4714904cfe27cfe9aa7e1b49dfebaeaa77daceca11ef583ee2
g5,g5__official32_minus71__n4p7__top7__d5,official32_minus71,4.7,Min-Max,2498,1193.0921695889724,"{""D"": 5000, ""draw"": 5, ""k"": 7, ""kind"": ""topk""}",results/archives/PAPERB_B9C_REMAINING_AUTHOR_RUN_050926.zip,PAPERB_B9C_REMAINING_AUTHOR_RUN_050926/raw/g5/g5__official32_minus71__n4p7__top7__d5.npz,866c82e705588d4714904cfe27cfe9aa7e1b49dfebaeaa77daceca11ef583ee2
g5,g5__official32_minus71__n4p7__legacy_iso__d5,official32_minus71,4.7,WCL,2498,716.5631711735144,"{""kind"": ""legacy_iso"", ""seed"": 4815}",results/archives/PAPERB_B9C_REMAINING_AUTHOR_RUN_050926.zip,PAPERB_B9C_REMAINING_AUTHOR_RUN_050926/raw/g5/g5__official32_minus71__n4p7__legacy_iso__d5.npz,0c5f67cd8e2e10b2779e03f3a8ad3b0198d4e8eda357aff3186cbfed899fe69a
g5,g5__official32_minus71__n4p7__legacy_iso__d5,official32_minus71,4.7,ABS,2498,635.0469936029248,"{""kind"": ""legacy_iso"", ""seed"": 4815}",results/archives/PAPERB_B9C_REMAINING_AUTHOR_RUN_050926.zip,PAPERB_B9C_REMAINING_AUTHOR_RUN_050926/raw/g5/g5__official32_minus71__n4p7__legacy_iso__d5.npz,0c5f67cd8e2e10b2779e03f3a8ad3b0198d4e8eda357aff3186cbfed899fe69a
g5,g5__official32_minus71__n4p7__legacy_iso__d5,official32_minus71,4.7,DIFF,2498,1375.39216339405,"{""kind"": ""legacy_iso"", ""seed"": 4815}",results/archives/PAPERB_B9C_REMAINING_AUTHOR_RUN_050926.zip,PAPERB_B9C_REMAINING_AUTHOR_RUN_050926/raw/g5/g5__official32_minus71__n4p7__legacy_iso__d5.npz,0c5f67cd8e2e10b2779e03f3a8ad3b0198d4e8eda357aff3186cbfed899fe69a
g5,g5__official32_minus71__n4p7__legacy_iso__d5,official32_minus71,4.7,Min-Max,2498,537.2568259505349,"{""kind"": ""legacy_iso"", ""seed"": 4815}",results/archives/PAPERB_B9C_REMAINING_AUTHOR_RUN_050926.zip,PAPERB_B9C_REMAINING_AUTHOR_RUN_050926/raw/g5/g5__official32_minus71__n4p7__legacy_iso__d5.npz,0c5f67cd8e2e10b2779e03f3a8ad3b0198d4e8eda357aff3186cbfed899fe69a
g5,g5__official32_minus71__n4p7__op_iso__d5,official32_minus71,4.7,WCL,2498,606.9877571585557,"{""kind"": ""opcenter_exact_iso"", ""seed"": 7815}",results/archives/PAPERB_B9C_REMAINING_AUTHOR_RUN_050926.zip,PAPERB_B9C_REMAINING_AUTHOR_RUN_050926/raw/g5/g5__official32_minus71__n4p7__op_iso__d5.npz,a227927e31684aed263fa5f64f7b0e06aee0aac2816cc3e54c49723db6198ea6
g5,g5__official32_minus71__n4p7__op_iso__d5,official32_minus71,4.7,ABS,2498,528.1271202001878,"{""kind"": ""opcenter_exact_iso"", ""seed"": 7815}",results/archives/PAPERB_B9C_REMAINING_AUTHOR_RUN_050926.zip,PAPERB_B9C_REMAINING_AUTHOR_RUN_050926/raw/g5/g5__official32_minus71__n4p7__op_iso__d5.npz,a227927e31684aed263fa5f64f7b0e06aee0aac2816cc3e54c49723db6198ea6
g5,g5__official32_minus71__n4p7__op_iso__d5,official32_minus71,4.7,DIFF,2498,1120.4526705996248,"{""kind"": ""opcenter_exact_iso"", ""seed"": 7815}",results/archives/PAPERB_B9C_REMAINING_AUTHOR_RUN_050926.zip,PAPERB_B9C_REMAINING_AUTHOR_RUN_050926/raw/g5/g5__official32_minus71__n4p7__op_iso__d5.npz,a227927e31684aed263fa5f64f7b0e06aee0aac2816cc3e54c49723db6198ea6
g5,g5__official32_minus71__n4p7__op_iso__d5,official32_minus71,4.7,Min-Max,2498,473.739074910439,"{""kind"": ""opcenter_exact_iso"", ""seed"": 7815}",results/archives/PAPERB_B9C_REMAINING_AUTHOR_RUN_050926.zip,PAPERB_B9C_REMAINING_AUTHOR_RUN_050926/raw/g5/g5__official32_minus71__n4p7__op_iso__d5.npz,a227927e31684aed263fa5f64f7b0e06aee0aac2816cc3e54c49723db6198ea6
g5,g5__official32_minus71__n4p7__one__d6,official32_minus71,4.7,WCL,2498,595.1995994484478,"{""D"": 10000, ""draw"": 6, ""f"": 1, ""kind"": ""fraction""}",results/archives/PAPERB_B9C_REMAINING_AUTHOR_RUN_050926.zip,PAPERB_B9C_REMAINING_AUTHOR_RUN_050926/raw/g5/g5__official32_minus71__n4p7__one__d6.npz,dd2548d57c8a87af57183af1e96a789e19121f9b8095f4dbbc427a5833d10479
g5,g5__official32_minus71__n4p7__one__d6,official32_minus71,4.7,ABS,2498,552.0145624760942,"{""D"": 10000, ""draw"": 6, ""f"": 1, ""kind"": ""fraction""}",results/archives/PAPERB_B9C_REMAINING_AUTHOR_RUN_050926.zip,PAPERB_B9C_REMAINING_AUTHOR_RUN_050926/raw/g5/g5__official32_minus71__n4p7__one__d6.npz,dd2548d57c8a87af57183af1e96a789e19121f9b8095f4dbbc427a5833d10479
g5,g5__official32_minus71__n4p7__one__d6,official32_minus71,4.7,DIFF,2498,1067.8736276998507,"{""D"": 10000, ""draw"": 6, ""f"": 1, ""kind"": ""fraction""}",results/archives/PAPERB_B9C_REMAINING_AUTHOR_RUN_050926.zip,PAPERB_B9C_REMAINING_AUTHOR_RUN_050926/raw/g5/g5__official32_minus71__n4p7__one__d6.npz,dd2548d57c8a87af57183af1e96a789e19121f9b8095f4dbbc427a5833d10479
g5,g5__official32_minus71__n4p7__one__d6,official32_minus71,4.7,Min-Max,2498,479.31086257413546,"{""D"": 10000, ""draw"": 6, ""f"": 1, ""kind"": ""fraction""}",results/archives/PAPERB_B9C_REMAINING_AUTHOR_RUN_050926.zip,PAPERB_B9C_REMAINING_AUTHOR_RUN_050926/raw/g5/g5__official32_minus71__n4p7__one__d6.npz,dd2548d57c8a87af57183af1e96a789e19121f9b8095f4dbbc427a5833d10479
g5,g5__official32_minus71__n4p7__all__d6,official32_minus71,4.7,WCL,2498,5262.762573965798,"{""D"": 10000, ""draw"": 6, ""f"": 32, ""kind"": ""fraction""}",results/archives/PAPERB_B9C_REMAINING_AUTHOR_RUN_050926.zip,PAPERB_B9C_REMAINING_AUTHOR_RUN_050926/raw/g5/g5__official32_minus71__n4p7__all__d6.npz,0b0a843208cd0730eb250586e557e4eebcb0d5b75e6a453871d62d62b0b10a76
g5,g5__official32_minus71__n4p7__all__d6,official32_minus71,4.7,ABS,2498,2585.9420806534927,"{""D"": 10000, ""draw"": 6, ""f"": 32, ""kind"": ""fraction""}",results/archives/PAPERB_B9C_REMAINING_AUTHOR_RUN_050926.zip,PAPERB_B9C_REMAINING_AUTHOR_RUN_050926/raw/g5/g5__official32_minus71__n4p7__all__d6.npz,0b0a843208cd0730eb250586e557e4eebcb0d5b75e6a453871d62d62b0b10a76
g5,g5__official32_minus71__n4p7__all__d6,official32_minus71,4.7,DIFF,2498,3046.149791308825,"{""D"": 10000, ""draw"": 6, ""f"": 32, ""kind"": ""fraction""}",results/archives/PAPERB_B9C_REMAINING_AUTHOR_RUN_050926.zip,PAPERB_B9C_REMAINING_AUTHOR_RUN_050926/raw/g5/g5__official32_minus71__n4p7__all__d6.npz,0b0a843208cd0730eb250586e557e4eebcb0d5b75e6a453871d62d62b0b10a76
g5,g5__official32_minus71__n4p7__all__d6,official32_minus71,4.7,Min-Max,2498,2960.380008644964,"{""D"": 10000, ""draw"": 6, ""f"": 32, ""kind"": ""fraction""}",results/archives/PAPERB_B9C_REMAINING_AUTHOR_RUN_050926.zip,PAPERB_B9C_REMAINING_AUTHOR_RUN_050926/raw/g5/g5__official32_minus71__n4p7__all__d6.npz,0b0a843208cd0730eb250586e557e4eebcb0d5b75e6a453871d62d62b0b10a76
g5,g5__official32_minus71__n4p7__top6__d6,official32_minus71,4.7,WCL,2498,753.0944062298104,"{""D"": 5000, ""draw"": 6, ""k"": 6, ""kind"": ""topk""}",results/archives/PAPERB_B9C_REMAINING_AUTHOR_RUN_050926.zip,PAPERB_B9C_REMAINING_AUTHOR_RUN_050926/raw/g5/g5__official32_minus71__n4p7__top6__d6.npz,3876c8fd5a6ed2905bea5d26fce096abf7eae20fead3879b59542b040bf057d2
g5,g5__official32_minus71__n4p7__top6__d6,official32_minus71,4.7,ABS,2498,616.1753617923579,"{""D"": 5000, ""draw"": 6, ""k"": 6, ""kind"": ""topk""}",results/archives/PAPERB_B9C_REMAINING_AUTHOR_RUN_050926.zip,PAPERB_B9C_REMAINING_AUTHOR_RUN_050926/raw/g5/g5__official32_minus71__n4p7__top6__d6.npz,3876c8fd5a6ed2905bea5d26fce096abf7eae20fead3879b59542b040bf057d2
g5,g5__official32_minus71__n4p7__top6__d6,official32_minus71,4.7,DIFF,2498,770.715495383212,"{""D"": 5000, ""draw"": 6, ""k"": 6, ""kind"": ""topk""}",results/archives/PAPERB_B9C_REMAINING_AUTHOR_RUN_050926.zip,PAPERB_B9C_REMAINING_AUTHOR_RUN_050926/raw/g5/g5__official32_minus71__n4p7__top6__d6.npz,3876c8fd5a6ed2905bea5d26fce096abf7eae20fead3879b59542b040bf057d2
g5,g5__official32_minus71__n4p7__top6__d6,official32_minus71,4.7,Min-Max,2498,764.938937484158,"{""D"": 5000, ""draw"": 6, ""k"": 6, ""kind"": ""topk""}",results/archives/PAPERB_B9C_REMAINING_AUTHOR_RUN_050926.zip,PAPERB_B9C_REMAINING_AUTHOR_RUN_050926/raw/g5/g5__official32_minus71__n4p7__top6__d6.npz,3876c8fd5a6ed2905bea5d26fce096abf7eae20fead3879b59542b040bf057d2
g5,g5__official32_minus71__n4p7__top7__d6,official32_minus71,4.7,WCL,2498,1410.802180372349,"{""D"": 5000, ""draw"": 6, ""k"": 7, ""kind"": ""topk""}",results/archives/PAPERB_B9C_REMAINING_AUTHOR_RUN_050926.zip,PAPERB_B9C_REMAINING_AUTHOR_RUN_050926/raw/g5/g5__official32_minus71__n4p7__top7__d6.npz,de4515ef179e494076e58bfc394081f13e17656f715a5ee3e82fe085b20bf72b
g5,g5__official32_minus71__n4p7__top7__d6,official32_minus71,4.7,ABS,2498,914.7751298469032,"{""D"": 5000, ""draw"": 6, ""k"": 7, ""kind"": ""topk""}",results/archives/PAPERB_B9C_REMAINING_AUTHOR_RUN_050926.zip,PAPERB_B9C_REMAINING_AUTHOR_RUN_050926/raw/g5/g5__official32_minus71__n4p7__top7__d6.npz,de4515ef179e494076e58bfc394081f13e17656f715a5ee3e82fe085b20bf72b
g5,g5__official32_minus71__n4p7__top7__d6,official32_minus71,4.7,DIFF,2498,1206.778038830293,"{""D"": 5000, ""draw"": 6, ""k"": 7, ""kind"": ""topk""}",results/archives/PAPERB_B9C_REMAINING_AUTHOR_RUN_050926.zip,PAPERB_B9C_REMAINING_AUTHOR_RUN_050926/raw/g5/g5__official32_minus71__n4p7__top7__d6.npz,de4515ef179e494076e58bfc394081f13e17656f715a5ee3e82fe085b20bf72b
g5,g5__official32_minus71__n4p7__top7__d6,official32_minus71,4.7,Min-Max,2498,1195.620518152186,"{""D"": 5000, ""draw"": 6, ""k"": 7, ""kind"": ""topk""}",results/archives/PAPERB_B9C_REMAINING_AUTHOR_RUN_050926.zip,PAPERB_B9C_REMAINING_AUTHOR_RUN_050926/raw/g5/g5__official32_minus71__n4p7__top7__d6.npz,de4515ef179e494076e58bfc394081f13e17656f715a5ee3e82fe085b20bf72b
g5,g5__official32_minus71__n4p7__legacy_iso__d6,official32_minus71,4.7,WCL,2498,622.232934392895,"{""kind"": ""legacy_iso"", ""seed"": 4828}",results/archives/PAPERB_B9C_REMAINING_AUTHOR_RUN_050926.zip,PAPERB_B9C_REMAINING_AUTHOR_RUN_050926/raw/g5/g5__official32_minus71__n4p7__legacy_iso__d6.npz,58bcd89c2dd947820d396eb8630ed8d3a3bc23bbe323f853c89d818bb25e8440
g5,g5__official32_minus71__n4p7__legacy_iso__d6,official32_minus71,4.7,ABS,2498,620.9272312273727,"{""kind"": ""legacy_iso"", ""seed"": 4828}",results/archives/PAPERB_B9C_REMAINING_AUTHOR_RUN_050926.zip,PAPERB_B9C_REMAINING_AUTHOR_RUN_050926/raw/g5/g5__official32_minus71__n4p7__legacy_iso__d6.npz,58bcd89c2dd947820d396eb8630ed8d3a3bc23bbe323f853c89d818bb25e8440
g5,g5__official32_minus71__n4p7__legacy_iso__d6,official32_minus71,4.7,DIFF,2498,1403.5348655622677,"{""kind"": ""legacy_iso"", ""seed"": 4828}",results/archives/PAPERB_B9C_REMAINING_AUTHOR_RUN_050926.zip,PAPERB_B9C_REMAINING_AUTHOR_RUN_050926/raw/g5/g5__official32_minus71__n4p7__legacy_iso__d6.npz,58bcd89c2dd947820d396eb8630ed8d3a3bc23bbe323f853c89d818bb25e8440
g5,g5__official32_minus71__n4p7__legacy_iso__d6,official32_minus71,4.7,Min-Max,2498,487.64112818937576,"{""kind"": ""legacy_iso"", ""seed"": 4828}",results/archives/PAPERB_B9C_REMAINING_AUTHOR_RUN_050926.zip,PAPERB_B9C_REMAINING_AUTHOR_RUN_050926/raw/g5/g5__official32_minus71__n4p7__legacy_iso__d6.npz,58bcd89c2dd947820d396eb8630ed8d3a3bc23bbe323f853c89d818bb25e8440
g5,g5__official32_minus71__n4p7__op_iso__d6,official32_minus71,4.7,WCL,2498,563.8382807141885,"{""kind"": ""opcenter_exact_iso"", ""seed"": 7828}",results/archives/PAPERB_B9C_REMAINING_AUTHOR_RUN_050926.zip,PAPERB_B9C_REMAINING_AUTHOR_RUN_050926/raw/g5/g5__official32_minus71__n4p7__op_iso__d6.npz,4b27a44896a4020210662106f3a65f0ec61e84bd3dc80d962fbc5a45101b66a9
g5,g5__official32_minus71__n4p7__op_iso__d6,official32_minus71,4.7,ABS,2498,574.541544400575,"{""kind"": ""opcenter_exact_iso"", ""seed"": 7828}",results/archives/PAPERB_B9C_REMAINING_AUTHOR_RUN_050926.zip,PAPERB_B9C_REMAINING_AUTHOR_RUN_050926/raw/g5/g5__official32_minus71__n4p7__op_iso__d6.npz,4b27a44896a4020210662106f3a65f0ec61e84bd3dc80d962fbc5a45101b66a9
g5,g5__official32_minus71__n4p7__op_iso__d6,official32_minus71,4.7,DIFF,2498,1058.9805292176347,"{""kind"": ""opcenter_exact_iso"", ""seed"": 7828}",results/archives/PAPERB_B9C_REMAINING_AUTHOR_RUN_050926.zip,PAPERB_B9C_REMAINING_AUTHOR_RUN_050926/raw/g5/g5__official32_minus71__n4p7__op_iso__d6.npz,4b27a44896a4020210662106f3a65f0ec61e84bd3dc80d962fbc5a45101b66a9
g5,g5__official32_minus71__n4p7__op_iso__d6,official32_minus71,4.7,Min-Max,2498,476.9479989525387,"{""kind"": ""opcenter_exact_iso"", ""seed"": 7828}",results/archives/PAPERB_B9C_REMAINING_AUTHOR_RUN_050926.zip,PAPERB_B9C_REMAINING_AUTHOR_RUN_050926/raw/g5/g5__official32_minus71__n4p7__op_iso__d6.npz,4b27a44896a4020210662106f3a65f0ec61e84bd3dc80d962fbc5a45101b66a9
g5,g5__official32_minus71__n4p7__one__d7,official32_minus71,4.7,WCL,2498,595.6261815722378,"{""D"": 10000, ""draw"": 7, ""f"": 1, ""kind"": ""fraction""}",results/archives/PAPERB_B9C_REMAINING_AUTHOR_RUN_050926.zip,PAPERB_B9C_REMAINING_AUTHOR_RUN_050926/raw/g5/g5__official32_minus71__n4p7__one__d7.npz,8efa963e46fa66f3ebbcb395a7d84c0592449b998685e1dc16ba0750603b23c0
g5,g5__official32_minus71__n4p7__one__d7,official32_minus71,4.7,ABS,2498,549.4245663556162,"{""D"": 10000, ""draw"": 7, ""f"": 1, ""kind"": ""fraction""}",results/archives/PAPERB_B9C_REMAINING_AUTHOR_RUN_050926.zip,PAPERB_B9C_REMAINING_AUTHOR_RUN_050926/raw/g5/g5__official32_minus71__n4p7__one__d7.npz,8efa963e46fa66f3ebbcb395a7d84c0592449b998685e1dc16ba0750603b23c0
g5,g5__official32_minus71__n4p7__one__d7,official32_minus71,4.7,DIFF,2498,1080.1519005150344,"{""D"": 10000, ""draw"": 7, ""f"": 1, ""kind"": ""fraction""}",results/archives/PAPERB_B9C_REMAINING_AUTHOR_RUN_050926.zip,PAPERB_B9C_REMAINING_AUTHOR_RUN_050926/raw/g5/g5__official32_minus71__n4p7__one__d7.npz,8efa963e46fa66f3ebbcb395a7d84c0592449b998685e1dc16ba0750603b23c0
g5,g5__official32_minus71__n4p7__one__d7,official32_minus71,4.7,Min-Max,2498,539.1740986689831,"{""D"": 10000, ""draw"": 7, ""f"": 1, ""kind"": ""fraction""}",results/archives/PAPERB_B9C_REMAINING_AUTHOR_RUN_050926.zip,PAPERB_B9C_REMAINING_AUTHOR_RUN_050926/raw/g5/g5__official32_minus71__n4p7__one__d7.npz,8efa963e46fa66f3ebbcb395a7d84c0592449b998685e1dc16ba0750603b23c0
g5,g5__official32_minus71__n4p7__all__d7,official32_minus71,4.7,WCL,2498,5352.423446511657,"{""D"": 10000, ""draw"": 7, ""f"": 32, ""kind"": ""fraction""}",results/archives/PAPERB_B9C_REMAINING_AUTHOR_RUN_050926.zip,PAPERB_B9C_REMAINING_AUTHOR_RUN_050926/raw/g5/g5__official32_minus71__n4p7__all__d7.npz,e8fa7b54d7baba8f9b7db450950e2869d9df5352e9cfb056874e1799446b135d
g5,g5__official32_minus71__n4p7__all__d7,official32_minus71,4.7,ABS,2498,2375.2449775822915,"{""D"": 10000, ""draw"": 7, ""f"": 32, ""kind"": ""fraction""}",results/archives/PAPERB_B9C_REMAINING_AUTHOR_RUN_050926.zip,PAPERB_B9C_REMAINING_AUTHOR_RUN_050926/raw/g5/g5__official32_minus71__n4p7__all__d7.npz,e8fa7b54d7baba8f9b7db450950e2869d9df5352e9cfb056874e1799446b135d
g5,g5__official32_minus71__n4p7__all__d7,official32_minus71,4.7,DIFF,2498,2760.9332838269092,"{""D"": 10000, ""draw"": 7, ""f"": 32, ""kind"": ""fraction""}",results/archives/PAPERB_B9C_REMAINING_AUTHOR_RUN_050926.zip,PAPERB_B9C_REMAINING_AUTHOR_RUN_050926/raw/g5/g5__official32_minus71__n4p7__all__d7.npz,e8fa7b54d7baba8f9b7db450950e2869d9df5352e9cfb056874e1799446b135d
g5,g5__official32_minus71__n4p7__all__d7,official32_minus71,4.7,Min-Max,2498,2689.1339545393835,"{""D"": 10000, ""draw"": 7, ""f"": 32, ""kind"": ""fraction""}",results/archives/PAPERB_B9C_REMAINING_AUTHOR_RUN_050926.zip,PAPERB_B9C_REMAINING_AUTHOR_RUN_050926/raw/g5/g5__official32_minus71__n4p7__all__d7.npz,e8fa7b54d7baba8f9b7db450950e2869d9df5352e9cfb056874e1799446b135d
g5,g5__official32_minus71__n4p7__top6__d7,official32_minus71,4.7,WCL,2498,743.1199070902469,"{""D"": 5000, ""draw"": 7, ""k"": 6, ""kind"": ""topk""}",results/archives/PAPERB_B9C_REMAINING_AUTHOR_RUN_050926.zip,PAPERB_B9C_REMAINING_AUTHOR_RUN_050926/raw/g5/g5__official32_minus71__n4p7__top6__d7.npz,73fb71a0a944801794820007c1e5aa1e8887e6a3c179bb6d4e9574f0d859645d
g5,g5__official32_minus71__n4p7__top6__d7,official32_minus71,4.7,ABS,2498,569.6468450944399,"{""D"": 5000, ""draw"": 7, ""k"": 6, ""kind"": ""topk""}",results/archives/PAPERB_B9C_REMAINING_AUTHOR_RUN_050926.zip,PAPERB_B9C_REMAINING_AUTHOR_RUN_050926/raw/g5/g5__official32_minus71__n4p7__top6__d7.npz,73fb71a0a944801794820007c1e5aa1e8887e6a3c179bb6d4e9574f0d859645d
g5,g5__official32_minus71__n4p7__top6__d7,official32_minus71,4.7,DIFF,2498,873.8325579098898,"{""D"": 5000, ""draw"": 7, ""k"": 6, ""kind"": ""topk""}",results/archives/PAPERB_B9C_REMAINING_AUTHOR_RUN_050926.zip,PAPERB_B9C_REMAINING_AUTHOR_RUN_050926/raw/g5/g5__official32_minus71__n4p7__top6__d7.npz,73fb71a0a944801794820007c1e5aa1e8887e6a3c179bb6d4e9574f0d859645d
g5,g5__official32_minus71__n4p7__top6__d7,official32_minus71,4.7,Min-Max,2498,745.1324762360409,"{""D"": 5000, ""draw"": 7, ""k"": 6, ""kind"": ""topk""}",results/archives/PAPERB_B9C_REMAINING_AUTHOR_RUN_050926.zip,PAPERB_B9C_REMAINING_AUTHOR_RUN_050926/raw/g5/g5__official32_minus71__n4p7__top6__d7.npz,73fb71a0a944801794820007c1e5aa1e8887e6a3c179bb6d4e9574f0d859645d
g5,g5__official32_minus71__n4p7__top7__d7,official32_minus71,4.7,WCL,2498,1418.9962903199917,"{""D"": 5000, ""draw"": 7, ""k"": 7, ""kind"": ""topk""}",results/archives/PAPERB_B9C_REMAINING_AUTHOR_RUN_050926.zip,PAPERB_B9C_REMAINING_AUTHOR_RUN_050926/raw/g5/g5__official32_minus71__n4p7__top7__d7.npz,7cde877ef75d46b6ba6b072b6e6401ee69a0edd46bd26127849c07c8da99d31d
g5,g5__official32_minus71__n4p7__top7__d7,official32_minus71,4.7,ABS,2498,907.9704145139749,"{""D"": 5000, ""draw"": 7, ""k"": 7, ""kind"": ""topk""}",results/archives/PAPERB_B9C_REMAINING_AUTHOR_RUN_050926.zip,PAPERB_B9C_REMAINING_AUTHOR_RUN_050926/raw/g5/g5__official32_minus71__n4p7__top7__d7.npz,7cde877ef75d46b6ba6b072b6e6401ee69a0edd46bd26127849c07c8da99d31d
g5,g5__official32_minus71__n4p7__top7__d7,official32_minus71,4.7,DIFF,2498,1329.8120255184156,"{""D"": 5000, ""draw"": 7, ""k"": 7, ""kind"": ""topk""}",results/archives/PAPERB_B9C_REMAINING_AUTHOR_RUN_050926.zip,PAPERB_B9C_REMAINING_AUTHOR_RUN_050926/raw/g5/g5__official32_minus71__n4p7__top7__d7.npz,7cde877ef75d46b6ba6b072b6e6401ee69a0edd46bd26127849c07c8da99d31d
g5,g5__official32_minus71__n4p7__top7__d7,official32_minus71,4.7,Min-Max,2498,1284.8680065511091,"{""D"": 5000, ""draw"": 7, ""k"": 7, ""kind"": ""topk""}",results/archives/PAPERB_B9C_REMAINING_AUTHOR_RUN_050926.zip,PAPERB_B9C_REMAINING_AUTHOR_RUN_050926/raw/g5/g5__official32_minus71__n4p7__top7__d7.npz,7cde877ef75d46b6ba6b072b6e6401ee69a0edd46bd26127849c07c8da99d31d
g5,g5__official32_minus71__n4p7__legacy_iso__d7,official32_minus71,4.7,WCL,2498,605.0273108422084,"{""kind"": ""legacy_iso"", ""seed"": 4841}",results/archives/PAPERB_B9C_REMAINING_AUTHOR_RUN_050926.zip,PAPERB_B9C_REMAINING_AUTHOR_RUN_050926/raw/g5/g5__official32_minus71__n4p7__legacy_iso__d7.npz,7725b8c88d44624784cf8f4b7119c6806e6c9f23e0dd7f2ad02719f90a35bc13
g5,g5__official32_minus71__n4p7__legacy_iso__d7,official32_minus71,4.7,ABS,2498,683.7836995969052,"{""kind"": ""legacy_iso"", ""seed"": 4841}",results/archives/PAPERB_B9C_REMAINING_AUTHOR_RUN_050926.zip,PAPERB_B9C_REMAINING_AUTHOR_RUN_050926/raw/g5/g5__official32_minus71__n4p7__legacy_iso__d7.npz,7725b8c88d44624784cf8f4b7119c6806e6c9f23e0dd7f2ad02719f90a35bc13
g5,g5__official32_minus71__n4p7__legacy_iso__d7,official32_minus71,4.7,DIFF,2498,1229.97266874103,"{""kind"": ""legacy_iso"", ""seed"": 4841}",results/archives/PAPERB_B9C_REMAINING_AUTHOR_RUN_050926.zip,PAPERB_B9C_REMAINING_AUTHOR_RUN_050926/raw/g5/g5__official32_minus71__n4p7__legacy_iso__d7.npz,7725b8c88d44624784cf8f4b7119c6806e6c9f23e0dd7f2ad02719f90a35bc13
g5,g5__official32_minus71__n4p7__legacy_iso__d7,official32_minus71,4.7,Min-Max,2498,495.5888706190541,"{""kind"": ""legacy_iso"", ""seed"": 4841}",results/archives/PAPERB_B9C_REMAINING_AUTHOR_RUN_050926.zip,PAPERB_B9C_REMAINING_AUTHOR_RUN_050926/raw/g5/g5__official32_minus71__n4p7__legacy_iso__d7.npz,7725b8c88d44624784cf8f4b7119c6806e6c9f23e0dd7f2ad02719f90a35bc13
g5,g5__official32_minus71__n4p7__op_iso__d7,official32_minus71,4.7,WCL,2498,554.2881011945594,"{""kind"": ""opcenter_exact_iso"", ""seed"": 7841}",results/archives/PAPERB_B9C_REMAINING_AUTHOR_RUN_050926.zip,PAPERB_B9C_REMAINING_AUTHOR_RUN_050926/raw/g5/g5__official32_minus71__n4p7__op_iso__d7.npz,eb7b576b3fe4cb9ee052601e6188ab8c00408a6c81a3153f986d4d7cb6f734d4
g5,g5__official32_minus71__n4p7__op_iso__d7,official32_minus71,4.7,ABS,2498,567.7911532569514,"{""kind"": ""opcenter_exact_iso"", ""seed"": 7841}",results/archives/PAPERB_B9C_REMAINING_AUTHOR_RUN_050926.zip,PAPERB_B9C_REMAINING_AUTHOR_RUN_050926/raw/g5/g5__official32_minus71__n4p7__op_iso__d7.npz,eb7b576b3fe4cb9ee052601e6188ab8c00408a6c81a3153f986d4d7cb6f734d4
g5,g5__official32_minus71__n4p7__op_iso__d7,official32_minus71,4.7,DIFF,2498,1023.9145049257766,"{""kind"": ""opcenter_exact_iso"", ""seed"": 7841}",results/archives/PAPERB_B9C_REMAINING_AUTHOR_RUN_050926.zip,PAPERB_B9C_REMAINING_AUTHOR_RUN_050926/raw/g5/g5__official32_minus71__n4p7__op_iso__d7.npz,eb7b576b3fe4cb9ee052601e6188ab8c00408a6c81a3153f986d4d7cb6f734d4
g5,g5__official32_minus71__n4p7__op_iso__d7,official32_minus71,4.7,Min-Max,2498,475.7956319986181,"{""kind"": ""opcenter_exact_iso"", ""seed"": 7841}",results/archives/PAPERB_B9C_REMAINING_AUTHOR_RUN_050926.zip,PAPERB_B9C_REMAINING_AUTHOR_RUN_050926/raw/g5/g5__official32_minus71__n4p7__op_iso__d7.npz,eb7b576b3fe4cb9ee052601e6188ab8c00408a6c81a3153f986d4d7cb6f734d4
g5,g5__official32_minus71__n4p7__legacy_rot,official32_minus71,4.7,WCL,2498,659.1088231627432,"{""deg"": 5.0, ""kind"": ""legacy_rotation""}",results/archives/PAPERB_B9C_REMAINING_AUTHOR_RUN_050926.zip,PAPERB_B9C_REMAINING_AUTHOR_RUN_050926/raw/g5/g5__official32_minus71__n4p7__legacy_rot.npz,a6264a46f485874a92c54104a85d3a1c25181de3fd2f5db8d27f38f2ce90a268
g5,g5__official32_minus71__n4p7__legacy_rot,official32_minus71,4.7,ABS,2498,588.1894106415334,"{""deg"": 5.0, ""kind"": ""legacy_rotation""}",results/archives/PAPERB_B9C_REMAINING_AUTHOR_RUN_050926.zip,PAPERB_B9C_REMAINING_AUTHOR_RUN_050926/raw/g5/g5__official32_minus71__n4p7__legacy_rot.npz,a6264a46f485874a92c54104a85d3a1c25181de3fd2f5db8d27f38f2ce90a268
g5,g5__official32_minus71__n4p7__legacy_rot,official32_minus71,4.7,DIFF,2498,1155.0877612638792,"{""deg"": 5.0, ""kind"": ""legacy_rotation""}",results/archives/PAPERB_B9C_REMAINING_AUTHOR_RUN_050926.zip,PAPERB_B9C_REMAINING_AUTHOR_RUN_050926/raw/g5/g5__official32_minus71__n4p7__legacy_rot.npz,a6264a46f485874a92c54104a85d3a1c25181de3fd2f5db8d27f38f2ce90a268
g5,g5__official32_minus71__n4p7__legacy_rot,official32_minus71,4.7,Min-Max,2498,515.0336723378,"{""deg"": 5.0, ""kind"": ""legacy_rotation""}",results/archives/PAPERB_B9C_REMAINING_AUTHOR_RUN_050926.zip,PAPERB_B9C_REMAINING_AUTHOR_RUN_050926/raw/g5/g5__official32_minus71__n4p7__legacy_rot.npz,a6264a46f485874a92c54104a85d3a1c25181de3fd2f5db8d27f38f2ce90a268
g5,g5__official32_minus71__n4p7__op_rot,official32_minus71,4.7,WCL,2498,627.0782278378335,"{""deg"": 5.0, ""kind"": ""opcenter_rotation""}",results/archives/PAPERB_B9C_REMAINING_AUTHOR_RUN_050926.zip,PAPERB_B9C_REMAINING_AUTHOR_RUN_050926/raw/g5/g5__official32_minus71__n4p7__op_rot.npz,d18507cb0bb996f69ecf4ed33ed4bb2691a7906f49a18a6df7bf0de6911fd6f2
g5,g5__official32_minus71__n4p7__op_rot,official32_minus71,4.7,ABS,2498,578.666923362213,"{""deg"": 5.0, ""kind"": ""opcenter_rotation""}",results/archives/PAPERB_B9C_REMAINING_AUTHOR_RUN_050926.zip,PAPERB_B9C_REMAINING_AUTHOR_RUN_050926/raw/g5/g5__official32_minus71__n4p7__op_rot.npz,d18507cb0bb996f69ecf4ed33ed4bb2691a7906f49a18a6df7bf0de6911fd6f2
g5,g5__official32_minus71__n4p7__op_rot,official32_minus71,4.7,DIFF,2498,1106.3175574072834,"{""deg"": 5.0, ""kind"": ""opcenter_rotation""}",results/archives/PAPERB_B9C_REMAINING_AUTHOR_RUN_050926.zip,PAPERB_B9C_REMAINING_AUTHOR_RUN_050926/raw/g5/g5__official32_minus71__n4p7__op_rot.npz,d18507cb0bb996f69ecf4ed33ed4bb2691a7906f49a18a6df7bf0de6911fd6f2
g5,g5__official32_minus71__n4p7__op_rot,official32_minus71,4.7,Min-Max,2498,514.1482872973793,"{""deg"": 5.0, ""kind"": ""opcenter_rotation""}",results/archives/PAPERB_B9C_REMAINING_AUTHOR_RUN_050926.zip,PAPERB_B9C_REMAINING_AUTHOR_RUN_050926/raw/g5/g5__official32_minus71__n4p7__op_rot.npz,d18507cb0bb996f69ecf4ed33ed4bb2691a7906f49a18a6df7bf0de6911fd6f2
g5,g5__official32_minus71__n6p0__ref,official32_minus71,6.0,WCL,2498,614.3080908923412,"{""kind"": ""reference""}",results/archives/PAPERB_B9C_REMAINING_AUTHOR_RUN_050926.zip,PAPERB_B9C_REMAINING_AUTHOR_RUN_050926/raw/g5/g5__official32_minus71__n6p0__ref.npz,621351741972b09113fb1f34bbb3c3b96a94e54015d52281713522d2781a4165
g5,g5__official32_minus71__n6p0__ref,official32_minus71,6.0,ABS,2498,572.844311267402,"{""kind"": ""reference""}",results/archives/PAPERB_B9C_REMAINING_AUTHOR_RUN_050926.zip,PAPERB_B9C_REMAINING_AUTHOR_RUN_050926/raw/g5/g5__official32_minus71__n6p0__ref.npz,621351741972b09113fb1f34bbb3c3b96a94e54015d52281713522d2781a4165
g5,g5__official32_minus71__n6p0__ref,official32_minus71,6.0,DIFF,2498,1133.8410048162195,"{""kind"": ""reference""}",results/archives/PAPERB_B9C_REMAINING_AUTHOR_RUN_050926.zip,PAPERB_B9C_REMAINING_AUTHOR_RUN_050926/raw/g5/g5__official32_minus71__n6p0__ref.npz,621351741972b09113fb1f34bbb3c3b96a94e54015d52281713522d2781a4165
g5,g5__official32_minus71__n6p0__ref,official32_minus71,6.0,Min-Max,2498,488.9340602284119,"{""kind"": ""reference""}",results/archives/PAPERB_B9C_REMAINING_AUTHOR_RUN_050926.zip,PAPERB_B9C_REMAINING_AUTHOR_RUN_050926/raw/g5/g5__official32_minus71__n6p0__ref.npz,621351741972b09113fb1f34bbb3c3b96a94e54015d52281713522d2781a4165
g5,g5__official32_minus71__n6p0__one__d0,official32_minus71,6.0,WCL,2498,629.7682663241544,"{""D"": 10000, ""draw"": 0, ""f"": 1, ""kind"": ""fraction""}",results/archives/PAPERB_B9C_REMAINING_AUTHOR_RUN_050926.zip,PAPERB_B9C_REMAINING_AUTHOR_RUN_050926/raw/g5/g5__official32_minus71__n6p0__one__d0.npz,1f1c5a172d14bc0d9100eee60feccd4f706facd3861000ed88b6b624c109eaaa
g5,g5__official32_minus71__n6p0__one__d0,official32_minus71,6.0,ABS,2498,579.6602337925294,"{""D"": 10000, ""draw"": 0, ""f"": 1, ""kind"": ""fraction""}",results/archives/PAPERB_B9C_REMAINING_AUTHOR_RUN_050926.zip,PAPERB_B9C_REMAINING_AUTHOR_RUN_050926/raw/g5/g5__official32_minus71__n6p0__one__d0.npz,1f1c5a172d14bc0d9100eee60feccd4f706facd3861000ed88b6b624c109eaaa
g5,g5__official32_minus71__n6p0__one__d0,official32_minus71,6.0,DIFF,2498,905.257506768242,"{""D"": 10000, ""draw"": 0, ""f"": 1, ""kind"": ""fraction""}",results/archives/PAPERB_B9C_REMAINING_AUTHOR_RUN_050926.zip,PAPERB_B9C_REMAINING_AUTHOR_RUN_050926/raw/g5/g5__official32_minus71__n6p0__one__d0.npz,1f1c5a172d14bc0d9100eee60feccd4f706facd3861000ed88b6b624c109eaaa
g5,g5__official32_minus71__n6p0__one__d0,official32_minus71,6.0,Min-Max,2498,509.8623803813702,"{""D"": 10000, ""draw"": 0, ""f"": 1, ""kind"": ""fraction""}",results/archives/PAPERB_B9C_REMAINING_AUTHOR_RUN_050926.zip,PAPERB_B9C_REMAINING_AUTHOR_RUN_050926/raw/g5/g5__official32_minus71__n6p0__one__d0.npz,1f1c5a172d14bc0d9100eee60feccd4f706facd3861000ed88b6b624c109eaaa
g5,g5__official32_minus71__n6p0__all__d0,official32_minus71,6.0,WCL,2498,5572.361389484666,"{""D"": 10000, ""draw"": 0, ""f"": 32, ""kind"": ""fraction""}",results/archives/PAPERB_B9C_REMAINING_AUTHOR_RUN_050926.zip,PAPERB_B9C_REMAINING_AUTHOR_RUN_050926/raw/g5/g5__official32_minus71__n6p0__all__d0.npz,d5759a4bf3e21b36468d7ff9a8666df2c229382823d37c5bad66ee8ab81db549
g5,g5__official32_minus71__n6p0__all__d0,official32_minus71,6.0,ABS,2498,2918.2622513650394,"{""D"": 10000, ""draw"": 0, ""f"": 32, ""kind"": ""fraction""}",results/archives/PAPERB_B9C_REMAINING_AUTHOR_RUN_050926.zip,PAPERB_B9C_REMAINING_AUTHOR_RUN_050926/raw/g5/g5__official32_minus71__n6p0__all__d0.npz,d5759a4bf3e21b36468d7ff9a8666df2c229382823d37c5bad66ee8ab81db549
g5,g5__official32_minus71__n6p0__all__d0,official32_minus71,6.0,DIFF,2498,3213.4226898607967,"{""D"": 10000, ""draw"": 0, ""f"": 32, ""kind"": ""fraction""}",results/archives/PAPERB_B9C_REMAINING_AUTHOR_RUN_050926.zip,PAPERB_B9C_REMAINING_AUTHOR_RUN_050926/raw/g5/g5__official32_minus71__n6p0__all__d0.npz,d5759a4bf3e21b36468d7ff9a8666df2c229382823d37c5bad66ee8ab81db549
g5,g5__official32_minus71__n6p0__all__d0,official32_minus71,6.0,Min-Max,2498,3259.27613486679,"{""D"": 10000, ""draw"": 0, ""f"": 32, ""kind"": ""fraction""}",results/archives/PAPERB_B9C_REMAINING_AUTHOR_RUN_050926.zip,PAPERB_B9C_REMAINING_AUTHOR_RUN_050926/raw/g5/g5__official32_minus71__n6p0__all__d0.npz,d5759a4bf3e21b36468d7ff9a8666df2c229382823d37c5bad66ee8ab81db549
g5,g5__official32_minus71__n6p0__top6__d0,official32_minus71,6.0,WCL,2498,768.5292113201032,"{""D"": 5000, ""draw"": 0, ""k"": 6, ""kind"": ""topk""}",results/archives/PAPERB_B9C_REMAINING_AUTHOR_RUN_050926.zip,PAPERB_B9C_REMAINING_AUTHOR_RUN_050926/raw/g5/g5__official32_minus71__n6p0__top6__d0.npz,f7fc5241c67ca7e3759fd4e9df2fed859744cadb779643558aa6ff6694c2c60a
g5,g5__official32_minus71__n6p0__top6__d0,official32_minus71,6.0,ABS,2498,594.8213797721307,"{""D"": 5000, ""draw"": 0, ""k"": 6, ""kind"": ""topk""}",results/archives/PAPERB_B9C_REMAINING_AUTHOR_RUN_050926.zip,PAPERB_B9C_REMAINING_AUTHOR_RUN_050926/raw/g5/g5__official32_minus71__n6p0__top6__d0.npz,f7fc5241c67ca7e3759fd4e9df2fed859744cadb779643558aa6ff6694c2c60a
g5,g5__official32_minus71__n6p0__top6__d0,official32_minus71,6.0,DIFF,2498,886.7275804059726,"{""D"": 5000, ""draw"": 0, ""k"": 6, ""kind"": ""topk""}",results/archives/PAPERB_B9C_REMAINING_AUTHOR_RUN_050926.zip,PAPERB_B9C_REMAINING_AUTHOR_RUN_050926/raw/g5/g5__official32_minus71__n6p0__top6__d0.npz,f7fc5241c67ca7e3759fd4e9df2fed859744cadb779643558aa6ff6694c2c60a
g5,g5__official32_minus71__n6p0__top6__d0,official32_minus71,6.0,Min-Max,2498,698.8616827691271,"{""D"": 5000, ""draw"": 0, ""k"": 6, ""kind"": ""topk""}",results/archives/PAPERB_B9C_REMAINING_AUTHOR_RUN_050926.zip,PAPERB_B9C_REMAINING_AUTHOR_RUN_050926/raw/g5/g5__official32_minus71__n6p0__top6__d0.npz,f7fc5241c67ca7e3759fd4e9df2fed859744cadb779643558aa6ff6694c2c60a
g5,g5__official32_minus71__n6p0__top7__d0,official32_minus71,6.0,WCL,2498,1501.6396056259864,"{""D"": 5000, ""draw"": 0, ""k"": 7, ""kind"": ""topk""}",results/archives/PAPERB_B9C_REMAINING_AUTHOR_RUN_050926.zip,PAPERB_B9C_REMAINING_AUTHOR_RUN_050926/raw/g5/g5__official32_minus71__n6p0__top7__d0.npz,4b95e6e6e5d06077d1a1513647e834463cd6142b6004c0b91eb963376dcbea66
g5,g5__official32_minus71__n6p0__top7__d0,official32_minus71,6.0,ABS,2498,943.1594319497714,"{""D"": 5000, ""draw"": 0, ""k"": 7, ""kind"": ""topk""}",results/archives/PAPERB_B9C_REMAINING_AUTHOR_RUN_050926.zip,PAPERB_B9C_REMAINING_AUTHOR_RUN_050926/raw/g5/g5__official32_minus71__n6p0__top7__d0.npz,4b95e6e6e5d06077d1a1513647e834463cd6142b6004c0b91eb963376dcbea66
g5,g5__official32_minus71__n6p0__top7__d0,official32_minus71,6.0,DIFF,2498,1297.181330399217,"{""D"": 5000, ""draw"": 0, ""k"": 7, ""kind"": ""topk""}",results/archives/PAPERB_B9C_REMAINING_AUTHOR_RUN_050926.zip,PAPERB_B9C_REMAINING_AUTHOR_RUN_050926/raw/g5/g5__official32_minus71__n6p0__top7__d0.npz,4b95e6e6e5d06077d1a1513647e834463cd6142b6004c0b91eb963376dcbea66
g5,g5__official32_minus71__n6p0__top7__d0,official32_minus71,6.0,Min-Max,2498,1139.3821996975666,"{""D"": 5000, ""draw"": 0, ""k"": 7, ""kind"": ""topk""}",results/archives/PAPERB_B9C_REMAINING_AUTHOR_RUN_050926.zip,PAPERB_B9C_REMAINING_AUTHOR_RUN_050926/raw/g5/g5__official32_minus71__n6p0__top7__d0.npz,4b95e6e6e5d06077d1a1513647e834463cd6142b6004c0b91eb963376dcbea66
g5,g5__official32_minus71__n6p0__legacy_iso__d0,official32_minus71,6.0,WCL,2498,739.3979942498798,"{""kind"": ""legacy_iso"", ""seed"": 4750}",results/archives/PAPERB_B9C_REMAINING_AUTHOR_RUN_050926.zip,PAPERB_B9C_REMAINING_AUTHOR_RUN_050926/raw/g5/g5__official32_minus71__n6p0__legacy_iso__d0.npz,911e847da7251d2b3299babd0893241204fbbf160b758c41ced105e708e6bfab
g5,g5__official32_minus71__n6p0__legacy_iso__d0,official32_minus71,6.0,ABS,2498,613.7544498487038,"{""kind"": ""legacy_iso"", ""seed"": 4750}",results/archives/PAPERB_B9C_REMAINING_AUTHOR_RUN_050926.zip,PAPERB_B9C_REMAINING_AUTHOR_RUN_050926/raw/g5/g5__official32_minus71__n6p0__legacy_iso__d0.npz,911e847da7251d2b3299babd0893241204fbbf160b758c41ced105e708e6bfab
g5,g5__official32_minus71__n6p0__legacy_iso__d0,official32_minus71,6.0,DIFF,2498,1378.603598690312,"{""kind"": ""legacy_iso"", ""seed"": 4750}",results/archives/PAPERB_B9C_REMAINING_AUTHOR_RUN_050926.zip,PAPERB_B9C_REMAINING_AUTHOR_RUN_050926/raw/g5/g5__official32_minus71__n6p0__legacy_iso__d0.npz,911e847da7251d2b3299babd0893241204fbbf160b758c41ced105e708e6bfab
g5,g5__official32_minus71__n6p0__legacy_iso__d0,official32_minus71,6.0,Min-Max,2498,508.9508211611575,"{""kind"": ""legacy_iso"", ""seed"": 4750}",results/archives/PAPERB_B9C_REMAINING_AUTHOR_RUN_050926.zip,PAPERB_B9C_REMAINING_AUTHOR_RUN_050926/raw/g5/g5__official32_minus71__n6p0__legacy_iso__d0.npz,911e847da7251d2b3299babd0893241204fbbf160b758c41ced105e708e6bfab
g5,g5__official32_minus71__n6p0__op_iso__d0,official32_minus71,6.0,WCL,2498,637.4344996364073,"{""kind"": ""opcenter_exact_iso"", ""seed"": 7750}",results/archives/PAPERB_B9C_REMAINING_AUTHOR_RUN_050926.zip,PAPERB_B9C_REMAINING_AUTHOR_RUN_050926/raw/g5/g5__official32_minus71__n6p0__op_iso__d0.npz,57f16fad77f8c32e78e92c58f9ff99631276c63fa6076bdb49929367bad11a51
g5,g5__official32_minus71__n6p0__op_iso__d0,official32_minus71,6.0,ABS,2498,564.7778706073518,"{""kind"": ""opcenter_exact_iso"", ""seed"": 7750}",results/archives/PAPERB_B9C_REMAINING_AUTHOR_RUN_050926.zip,PAPERB_B9C_REMAINING_AUTHOR_RUN_050926/raw/g5/g5__official32_minus71__n6p0__op_iso__d0.npz,57f16fad77f8c32e78e92c58f9ff99631276c63fa6076bdb49929367bad11a51
g5,g5__official32_minus71__n6p0__op_iso__d0,official32_minus71,6.0,DIFF,2498,1164.241327019652,"{""kind"": ""opcenter_exact_iso"", ""seed"": 7750}",results/archives/PAPERB_B9C_REMAINING_AUTHOR_RUN_050926.zip,PAPERB_B9C_REMAINING_AUTHOR_RUN_050926/raw/g5/g5__official32_minus71__n6p0__op_iso__d0.npz,57f16fad77f8c32e78e92c58f9ff99631276c63fa6076bdb49929367bad11a51
g5,g5__official32_minus71__n6p0__op_iso__d0,official32_minus71,6.0,Min-Max,2498,484.01751963981417,"{""kind"": ""opcenter_exact_iso"", ""seed"": 7750}",results/archives/PAPERB_B9C_REMAINING_AUTHOR_RUN_050926.zip,PAPERB_B9C_REMAINING_AUTHOR_RUN_050926/raw/g5/g5__official32_minus71__n6p0__op_iso__d0.npz,57f16fad77f8c32e78e92c58f9ff99631276c63fa6076bdb49929367bad11a51
g5,g5__official32_minus71__n6p0__one__d1,official32_minus71,6.0,WCL,2498,619.4133664527124,"{""D"": 10000, ""draw"": 1, ""f"": 1, ""kind"": ""fraction""}",results/archives/PAPERB_B9C_REMAINING_AUTHOR_RUN_050926.zip,PAPERB_B9C_REMAINING_AUTHOR_RUN_050926/raw/g5/g5__official32_minus71__n6p0__one__d1.npz,832eeab463c3ec260268b42c72aea6a69dacb2a7beb29787138d349634ef3fdd
g5,g5__official32_minus71__n6p0__one__d1,official32_minus71,6.0,ABS,2498,590.0358487569899,"{""D"": 10000, ""draw"": 1, ""f"": 1, ""kind"": ""fraction""}",results/archives/PAPERB_B9C_REMAINING_AUTHOR_RUN_050926.zip,PAPERB_B9C_REMAINING_AUTHOR_RUN_050926/raw/g5/g5__official32_minus71__n6p0__one__d1.npz,832eeab463c3ec260268b42c72aea6a69dacb2a7beb29787138d349634ef3fdd
g5,g5__official32_minus71__n6p0__one__d1,official32_minus71,6.0,DIFF,2498,1078.1376517749864,"{""D"": 10000, ""draw"": 1, ""f"": 1, ""kind"": ""fraction""}",results/archives/PAPERB_B9C_REMAINING_AUTHOR_RUN_050926.zip,PAPERB_B9C_REMAINING_AUTHOR_RUN_050926/raw/g5/g5__official32_minus71__n6p0__one__d1.npz,832eeab463c3ec260268b42c72aea6a69dacb2a7beb29787138d349634ef3fdd
g5,g5__official32_minus71__n6p0__one__d1,official32_minus71,6.0,Min-Max,2498,512.5816546506796,"{""D"": 10000, ""draw"": 1, ""f"": 1, ""kind"": ""fraction""}",results/archives/PAPERB_B9C_REMAINING_AUTHOR_RUN_050926.zip,PAPERB_B9C_REMAINING_AUTHOR_RUN_050926/raw/g5/g5__official32_minus71__n6p0__one__d1.npz,832eeab463c3ec260268b42c72aea6a69dacb2a7beb29787138d349634ef3fdd
g5,g5__official32_minus71__n6p0__all__d1,official32_minus71,6.0,WCL,2498,6020.651208288778,"{""D"": 10000, ""draw"": 1, ""f"": 32, ""kind"": ""fraction""}",results/archives/PAPERB_B9C_REMAINING_AUTHOR_RUN_050926.zip,PAPERB_B9C_REMAINING_AUTHOR_RUN_050926/raw/g5/g5__official32_minus71__n6p0__all__d1.npz,4e7126e9d95575e3487527add6e74b4d630f96d75a327ea5fdb65125e3bdcaa9
g5,g5__official32_minus71__n6p0__all__d1,official32_minus71,6.0,ABS,2498,2636.734124411834,"{""D"": 10000, ""draw"": 1, ""f"": 32, ""kind"": ""fraction""}",results/archives/PAPERB_B9C_REMAINING_AUTHOR_RUN_050926.zip,PAPERB_B9C_REMAINING_AUTHOR_RUN_050926/raw/g5/g5__official32_minus71__n6p0__all__d1.npz,4e7126e9d95575e3487527add6e74b4d630f96d75a327ea5fdb65125e3bdcaa9
g5,g5__official32_minus71__n6p0__all__d1,official32_minus71,6.0,DIFF,2498,2972.4713880444674,"{""D"": 10000, ""draw"": 1, ""f"": 32, ""kind"": ""fraction""}",results/archives/PAPERB_B9C_REMAINING_AUTHOR_RUN_050926.zip,PAPERB_B9C_REMAINING_AUTHOR_RUN_050926/raw/g5/g5__official32_minus71__n6p0__all__d1.npz,4e7126e9d95575e3487527add6e74b4d630f96d75a327ea5fdb65125e3bdcaa9
g5,g5__official32_minus71__n6p0__all__d1,official32_minus71,6.0,Min-Max,2498,2836.9956479271577,"{""D"": 10000, ""draw"": 1, ""f"": 32, ""kind"": ""fraction""}",results/archives/PAPERB_B9C_REMAINING_AUTHOR_RUN_050926.zip,PAPERB_B9C_REMAINING_AUTHOR_RUN_050926/raw/g5/g5__official32_minus71__n6p0__all__d1.npz,4e7126e9d95575e3487527add6e74b4d630f96d75a327ea5fdb65125e3bdcaa9
g5,g5__official32_minus71__n6p0__top6__d1,official32_minus71,6.0,WCL,2498,766.8534830264284,"{""D"": 5000, ""draw"": 1, ""k"": 6, ""kind"": ""topk""}",results/archives/PAPERB_B9C_REMAINING_AUTHOR_RUN_050926.zip,PAPERB_B9C_REMAINING_AUTHOR_RUN_050926/raw/g5/g5__official32_minus71__n6p0__top6__d1.npz,de666fb45aa724e080349ceef024f5eeaefff4b2acd2efff76e8f8fee3843a51
g5,g5__official32_minus71__n6p0__top6__d1,official32_minus71,6.0,ABS,2498,527.0912666722627,"{""D"": 5000, ""draw"": 1, ""k"": 6, ""kind"": ""topk""}",results/archives/PAPERB_B9C_REMAINING_AUTHOR_RUN_050926.zip,PAPERB_B9C_REMAINING_AUTHOR_RUN_050926/raw/g5/g5__official32_minus71__n6p0__top6__d1.npz,de666fb45aa724e080349ceef024f5eeaefff4b2acd2efff76e8f8fee3843a51
g5,g5__official32_minus71__n6p0__top6__d1,official32_minus71,6.0,DIFF,2498,849.6502948327438,"{""D"": 5000, ""draw"": 1, ""k"": 6, ""kind"": ""topk""}",results/archives/PAPERB_B9C_REMAINING_AUTHOR_RUN_050926.zip,PAPERB_B9C_REMAINING_AUTHOR_RUN_050926/raw/g5/g5__official32_minus71__n6p0__top6__d1.npz,de666fb45aa724e080349ceef024f5eeaefff4b2acd2efff76e8f8fee3843a51
g5,g5__official32_minus71__n6p0__top6__d1,official32_minus71,6.0,Min-Max,2498,798.0007524152904,"{""D"": 5000, ""draw"": 1, ""k"": 6, ""kind"": ""topk""}",results/archives/PAPERB_B9C_REMAINING_AUTHOR_RUN_050926.zip,PAPERB_B9C_REMAINING_AUTHOR_RUN_050926/raw/g5/g5__official32_minus71__n6p0__top6__d1.npz,de666fb45aa724e080349ceef024f5eeaefff4b2acd2efff76e8f8fee3843a51
g5,g5__official32_minus71__n6p0__top7__d1,official32_minus71,6.0,WCL,2498,1471.3815506773276,"{""D"": 5000, ""draw"": 1, ""k"": 7, ""kind"": ""topk""}",results/archives/PAPERB_B9C_REMAINING_AUTHOR_RUN_050926.zip,PAPERB_B9C_REMAINING_AUTHOR_RUN_050926/raw/g5/g5__official32_minus71__n6p0__top7__d1.npz,7242b212971da47abbc8feeeb57b9933aa09d2fb5892baf0a64e4894ef46cafc
g5,g5__official32_minus71__n6p0__top7__d1,official32_minus71,6.0,ABS,2498,856.8778436228001,"{""D"": 5000, ""draw"": 1, ""k"": 7, ""kind"": ""topk""}",results/archives/PAPERB_B9C_REMAINING_AUTHOR_RUN_050926.zip,PAPERB_B9C_REMAINING_AUTHOR_RUN_050926/raw/g5/g5__official32_minus71__n6p0__top7__d1.npz,7242b212971da47abbc8feeeb57b9933aa09d2fb5892baf0a64e4894ef46cafc
g5,g5__official32_minus71__n6p0__top7__d1,official32_minus71,6.0,DIFF,2498,1340.8791195013594,"{""D"": 5000, ""draw"": 1, ""k"": 7, ""kind"": ""topk""}",results/archives/PAPERB_B9C_REMAINING_AUTHOR_RUN_050926.zip,PAPERB_B9C_REMAINING_AUTHOR_RUN_050926/raw/g5/g5__official32_minus71__n6p0__top7__d1.npz,7242b212971da47abbc8feeeb57b9933aa09d2fb5892baf0a64e4894ef46cafc
g5,g5__official32_minus71__n6p0__top7__d1,official32_minus71,6.0,Min-Max,2498,1160.3667012804972,"{""D"": 5000, ""draw"": 1, ""k"": 7, ""kind"": ""topk""}",results/archives/PAPERB_B9C_REMAINING_AUTHOR_RUN_050926.zip,PAPERB_B9C_REMAINING_AUTHOR_RUN_050926/raw/g5/g5__official32_minus71__n6p0__top7__d1.npz,7242b212971da47abbc8feeeb57b9933aa09d2fb5892baf0a64e4894ef46cafc
g5,g5__official32_minus71__n6p0__legacy_iso__d1,official32_minus71,6.0,WCL,2498,721.570234703451,"{""kind"": ""legacy_iso"", ""seed"": 4763}",results/archives/PAPERB_B9C_REMAINING_AUTHOR_RUN_050926.zip,PAPERB_B9C_REMAINING_AUTHOR_RUN_050926/raw/g5/g5__official32_minus71__n6p0__legacy_iso__d1.npz,ffa84ebbf894d144efa8e07d3b25aeebbfe4b8dbdf8d1dbdd439959435c1d537
g5,g5__official32_minus71__n6p0__legacy_iso__d1,official32_minus71,6.0,ABS,2498,635.7644856126976,"{""kind"": ""legacy_iso"", ""seed"": 4763}",results/archives/PAPERB_B9C_REMAINING_AUTHOR_RUN_050926.zip,PAPERB_B9C_REMAINING_AUTHOR_RUN_050926/raw/g5/g5__official32_minus71__n6p0__legacy_iso__d1.npz,ffa84ebbf894d144efa8e07d3b25aeebbfe4b8dbdf8d1dbdd439959435c1d537
g5,g5__official32_minus71__n6p0__legacy_iso__d1,official32_minus71,6.0,DIFF,2498,1304.4939473830245,"{""kind"": ""legacy_iso"", ""seed"": 4763}",results/archives/PAPERB_B9C_REMAINING_AUTHOR_RUN_050926.zip,PAPERB_B9C_REMAINING_AUTHOR_RUN_050926/raw/g5/g5__official32_minus71__n6p0__legacy_iso__d1.npz,ffa84ebbf894d144efa8e07d3b25aeebbfe4b8dbdf8d1dbdd439959435c1d537
g5,g5__official32_minus71__n6p0__legacy_iso__d1,official32_minus71,6.0,Min-Max,2498,515.3602083226392,"{""kind"": ""legacy_iso"", ""seed"": 4763}",results/archives/PAPERB_B9C_REMAINING_AUTHOR_RUN_050926.zip,PAPERB_B9C_REMAINING_AUTHOR_RUN_050926/raw/g5/g5__official32_minus71__n6p0__legacy_iso__d1.npz,ffa84ebbf894d144efa8e07d3b25aeebbfe4b8dbdf8d1dbdd439959435c1d537
g5,g5__official32_minus71__n6p0__op_iso__d1,official32_minus71,6.0,WCL,2498,566.2364307962215,"{""kind"": ""opcenter_exact_iso"", ""seed"": 7763}",results/archives/PAPERB_B9C_REMAINING_AUTHOR_RUN_050926.zip,PAPERB_B9C_REMAINING_AUTHOR_RUN_050926/raw/g5/g5__official32_minus71__n6p0__op_iso__d1.npz,f2c77086e31fd4e9211b24e33a9915460943cea77071811e0dc98015f9b9d027
g5,g5__official32_minus71__n6p0__op_iso__d1,official32_minus71,6.0,ABS,2498,549.1716438521584,"{""kind"": ""opcenter_exact_iso"", ""seed"": 7763}",results/archives/PAPERB_B9C_REMAINING_AUTHOR_RUN_050926.zip,PAPERB_B9C_REMAINING_AUTHOR_RUN_050926/raw/g5/g5__official32_minus71__n6p0__op_iso__d1.npz,f2c77086e31fd4e9211b24e33a9915460943cea77071811e0dc98015f9b9d027
g5,g5__official32_minus71__n6p0__op_iso__d1,official32_minus71,6.0,DIFF,2498,1129.5156318300988,"{""kind"": ""opcenter_exact_iso"", ""seed"": 7763}",results/archives/PAPERB_B9C_REMAINING_AUTHOR_RUN_050926.zip,PAPERB_B9C_REMAINING_AUTHOR_RUN_050926/raw/g5/g5__official32_minus71__n6p0__op_iso__d1.npz,f2c77086e31fd4e9211b24e33a9915460943cea77071811e0dc98015f9b9d027
g5,g5__official32_minus71__n6p0__op_iso__d1,official32_minus71,6.0,Min-Max,2498,454.4587134467689,"{""kind"": ""opcenter_exact_iso"", ""seed"": 7763}",results/archives/PAPERB_B9C_REMAINING_AUTHOR_RUN_050926.zip,PAPERB_B9C_REMAINING_AUTHOR_RUN_050926/raw/g5/g5__official32_minus71__n6p0__op_iso__d1.npz,f2c77086e31fd4e9211b24e33a9915460943cea77071811e0dc98015f9b9d027
g5,g5__official32_minus71__n6p0__one__d2,official32_minus71,6.0,WCL,2498,648.5416189930555,"{""D"": 10000, ""draw"": 2, ""f"": 1, ""kind"": ""fraction""}",results/archives/PAPERB_B9C_REMAINING_AUTHOR_RUN_050926.zip,PAPERB_B9C_REMAINING_AUTHOR_RUN_050926/raw/g5/g5__official32_minus71__n6p0__one__d2.npz,aeda383242555e7c2b94ebf7c086d3dd5f23118a1fcdd800925eda32e9dd27e0
g5,g5__official32_minus71__n6p0__one__d2,official32_minus71,6.0,ABS,2498,555.060237629863,"{""D"": 10000, ""draw"": 2, ""f"": 1, ""kind"": ""fraction""}",results/archives/PAPERB_B9C_REMAINING_AUTHOR_RUN_050926.zip,PAPERB_B9C_REMAINING_AUTHOR_RUN_050926/raw/g5/g5__official32_minus71__n6p0__one__d2.npz,aeda383242555e7c2b94ebf7c086d3dd5f23118a1fcdd800925eda32e9dd27e0
g5,g5__official32_minus71__n6p0__one__d2,official32_minus71,6.0,DIFF,2498,847.9407375416195,"{""D"": 10000, ""draw"": 2, ""f"": 1, ""kind"": ""fraction""}",results/archives/PAPERB_B9C_REMAINING_AUTHOR_RUN_050926.zip,PAPERB_B9C_REMAINING_AUTHOR_RUN_050926/raw/g5/g5__official32_minus71__n6p0__one__d2.npz,aeda383242555e7c2b94ebf7c086d3dd5f23118a1fcdd800925eda32e9dd27e0
g5,g5__official32_minus71__n6p0__one__d2,official32_minus71,6.0,Min-Max,2498,518.7880709788386,"{""D"": 10000, ""draw"": 2, ""f"": 1, ""kind"": ""fraction""}",results/archives/PAPERB_B9C_REMAINING_AUTHOR_RUN_050926.zip,PAPERB_B9C_REMAINING_AUTHOR_RUN_050926/raw/g5/g5__official32_minus71__n6p0__one__d2.npz,aeda383242555e7c2b94ebf7c086d3dd5f23118a1fcdd800925eda32e9dd27e0
g5,g5__official32_minus71__n6p0__all__d2,official32_minus71,6.0,WCL,2498,6057.482574435015,"{""D"": 10000, ""draw"": 2, ""f"": 32, ""kind"": ""fraction""}",results/archives/PAPERB_B9C_REMAINING_AUTHOR_RUN_050926.zip,PAPERB_B9C_REMAINING_AUTHOR_RUN_050926/raw/g5/g5__official32_minus71__n6p0__all__d2.npz,ac8d2c57f1e3b47693140d65c1136d303098b5dd8fd2f5f42d28d96d0a3e61cb
g5,g5__official32_minus71__n6p0__all__d2,official32_minus71,6.0,ABS,2498,2668.9105822492857,"{""D"": 10000, ""draw"": 2, ""f"": 32, ""kind"": ""fraction""}",results/archives/PAPERB_B9C_REMAINING_AUTHOR_RUN_050926.zip,PAPERB_B9C_REMAINING_AUTHOR_RUN_050926/raw/g5/g5__official32_minus71__n6p0__all__d2.npz,ac8d2c57f1e3b47693140d65c1136d303098b5dd8fd2f5f42d28d96d0a3e61cb
g5,g5__official32_minus71__n6p0__all__d2,official32_minus71,6.0,DIFF,2498,3042.9149924654375,"{""D"": 10000, ""draw"": 2, ""f"": 32, ""kind"": ""fraction""}",results/archives/PAPERB_B9C_REMAINING_AUTHOR_RUN_050926.zip,PAPERB_B9C_REMAINING_AUTHOR_RUN_050926/raw/g5/g5__official32_minus71__n6p0__all__d2.npz,ac8d2c57f1e3b47693140d65c1136d303098b5dd8fd2f5f42d28d96d0a3e61cb
g5,g5__official32_minus71__n6p0__all__d2,official32_minus71,6.0,Min-Max,2498,3136.058866318606,"{""D"": 10000, ""draw"": 2, ""f"": 32, ""kind"": ""fraction""}",results/archives/PAPERB_B9C_REMAINING_AUTHOR_RUN_050926.zip,PAPERB_B9C_REMAINING_AUTHOR_RUN_050926/raw/g5/g5__official32_minus71__n6p0__all__d2.npz,ac8d2c57f1e3b47693140d65c1136d303098b5dd8fd2f5f42d28d96d0a3e61cb
g5,g5__official32_minus71__n6p0__top6__d2,official32_minus71,6.0,WCL,2498,760.3335031015496,"{""D"": 5000, ""draw"": 2, ""k"": 6, ""kind"": ""topk""}",results/archives/PAPERB_B9C_REMAINING_AUTHOR_RUN_050926.zip,PAPERB_B9C_REMAINING_AUTHOR_RUN_050926/raw/g5/g5__official32_minus71__n6p0__top6__d2.npz,6f2d8ea7d8c2e67e55e1ae73b3dbe3bc7c4d60c26aa87cd4798033e67ca1e128
g5,g5__official32_minus71__n6p0__top6__d2,official32_minus71,6.0,ABS,2498,606.1593033943345,"{""D"": 5000, ""draw"": 2, ""k"": 6, ""kind"": ""topk""}",results/archives/PAPERB_B9C_REMAINING_AUTHOR_RUN_050926.zip,PAPERB_B9C_REMAINING_AUTHOR_RUN_050926/raw/g5/g5__official32_minus71__n6p0__top6__d2.npz,6f2d8ea7d8c2e67e55e1ae73b3dbe3bc7c4d60c26aa87cd4798033e67ca1e128
g5,g5__official32_minus71__n6p0__top6__d2,official32_minus71,6.0,DIFF,2498,867.8337315214014,"{""D"": 5000, ""draw"": 2, ""k"": 6, ""kind"": ""topk""}",results/archives/PAPERB_B9C_REMAINING_AUTHOR_RUN_050926.zip,PAPERB_B9C_REMAINING_AUTHOR_RUN_050926/raw/g5/g5__official32_minus71__n6p0__top6__d2.npz,6f2d8ea7d8c2e67e55e1ae73b3dbe3bc7c4d60c26aa87cd4798033e67ca1e128
g5,g5__official32_minus71__n6p0__top6__d2,official32_minus71,6.0,Min-Max,2498,682.2238370387402,"{""D"": 5000, ""draw"": 2, ""k"": 6, ""kind"": ""topk""}",results/archives/PAPERB_B9C_REMAINING_AUTHOR_RUN_050926.zip,PAPERB_B9C_REMAINING_AUTHOR_RUN_050926/raw/g5/g5__official32_minus71__n6p0__top6__d2.npz,6f2d8ea7d8c2e67e55e1ae73b3dbe3bc7c4d60c26aa87cd4798033e67ca1e128
g5,g5__official32_minus71__n6p0__top7__d2,official32_minus71,6.0,WCL,2498,1464.6213204553774,"{""D"": 5000, ""draw"": 2, ""k"": 7, ""kind"": ""topk""}",results/archives/PAPERB_B9C_REMAINING_AUTHOR_RUN_050926.zip,PAPERB_B9C_REMAINING_AUTHOR_RUN_050926/raw/g5/g5__official32_minus71__n6p0__top7__d2.npz,d0c53d7cad251b43a1e25363e50fa2fa2c831d0d3737e1cc14bc69c9af87bba7
g5,g5__official32_minus71__n6p0__top7__d2,official32_minus71,6.0,ABS,2498,823.3875037327732,"{""D"": 5000, ""draw"": 2, ""k"": 7, ""kind"": ""topk""}",results/archives/PAPERB_B9C_REMAINING_AUTHOR_RUN_050926.zip,PAPERB_B9C_REMAINING_AUTHOR_RUN_050926/raw/g5/g5__official32_minus71__n6p0__top7__d2.npz,d0c53d7cad251b43a1e25363e50fa2fa2c831d0d3737e1cc14bc69c9af87bba7
g5,g5__official32_minus71__n6p0__top7__d2,official32_minus71,6.0,DIFF,2498,1019.2386300814505,"{""D"": 5000, ""draw"": 2, ""k"": 7, ""kind"": ""topk""}",results/archives/PAPERB_B9C_REMAINING_AUTHOR_RUN_050926.zip,PAPERB_B9C_REMAINING_AUTHOR_RUN_050926/raw/g5/g5__official32_minus71__n6p0__top7__d2.npz,d0c53d7cad251b43a1e25363e50fa2fa2c831d0d3737e1cc14bc69c9af87bba7
g5,g5__official32_minus71__n6p0__top7__d2,official32_minus71,6.0,Min-Max,2498,1107.8903735448869,"{""D"": 5000, ""draw"": 2, ""k"": 7, ""kind"": ""topk""}",results/archives/PAPERB_B9C_REMAINING_AUTHOR_RUN_050926.zip,PAPERB_B9C_REMAINING_AUTHOR_RUN_050926/raw/g5/g5__official32_minus71__n6p0__top7__d2.npz,d0c53d7cad251b43a1e25363e50fa2fa2c831d0d3737e1cc14bc69c9af87bba7
g5,g5__official32_minus71__n6p0__legacy_iso__d2,official32_minus71,6.0,WCL,2498,747.9134179221186,"{""kind"": ""legacy_iso"", ""seed"": 4776}",results/archives/PAPERB_B9C_REMAINING_AUTHOR_RUN_050926.zip,PAPERB_B9C_REMAINING_AUTHOR_RUN_050926/raw/g5/g5__official32_minus71__n6p0__legacy_iso__d2.npz,f2195c6675a1deac72f4b9f38b1f5554e2360d11f482484dd40796c311500758
g5,g5__official32_minus71__n6p0__legacy_iso__d2,official32_minus71,6.0,ABS,2498,593.4443431017314,"{""kind"": ""legacy_iso"", ""seed"": 4776}",results/archives/PAPERB_B9C_REMAINING_AUTHOR_RUN_050926.zip,PAPERB_B9C_REMAINING_AUTHOR_RUN_050926/raw/g5/g5__official32_minus71__n6p0__legacy_iso__d2.npz,f2195c6675a1deac72f4b9f38b1f5554e2360d11f482484dd40796c311500758
g5,g5__official32_minus71__n6p0__legacy_iso__d2,official32_minus71,6.0,DIFF,2498,1376.8873915355184,"{""kind"": ""legacy_iso"", ""seed"": 4776}",results/archives/PAPERB_B9C_REMAINING_AUTHOR_RUN_050926.zip,PAPERB_B9C_REMAINING_AUTHOR_RUN_050926/raw/g5/g5__official32_minus71__n6p0__legacy_iso__d2.npz,f2195c6675a1deac72f4b9f38b1f5554e2360d11f482484dd40796c311500758
g5,g5__official32_minus71__n6p0__legacy_iso__d2,official32_minus71,6.0,Min-Max,2498,534.3870832355454,"{""kind"": ""legacy_iso"", ""seed"": 4776}",results/archives/PAPERB_B9C_REMAINING_AUTHOR_RUN_050926.zip,PAPERB_B9C_REMAINING_AUTHOR_RUN_050926/raw/g5/g5__official32_minus71__n6p0__legacy_iso__d2.npz,f2195c6675a1deac72f4b9f38b1f5554e2360d11f482484dd40796c311500758
g5,g5__official32_minus71__n6p0__op_iso__d2,official32_minus71,6.0,WCL,2498,644.825217678085,"{""kind"": ""opcenter_exact_iso"", ""seed"": 7776}",results/archives/PAPERB_B9C_REMAINING_AUTHOR_RUN_050926.zip,PAPERB_B9C_REMAINING_AUTHOR_RUN_050926/raw/g5/g5__official32_minus71__n6p0__op_iso__d2.npz,39741976058c6e8e3e6c687ab150d22e6b1060dc61170927097c98c7b0ab85b3
g5,g5__official32_minus71__n6p0__op_iso__d2,official32_minus71,6.0,ABS,2498,547.359137587549,"{""kind"": ""opcenter_exact_iso"", ""seed"": 7776}",results/archives/PAPERB_B9C_REMAINING_AUTHOR_RUN_050926.zip,PAPERB_B9C_REMAINING_AUTHOR_RUN_050926/raw/g5/g5__official32_minus71__n6p0__op_iso__d2.npz,39741976058c6e8e3e6c687ab150d22e6b1060dc61170927097c98c7b0ab85b3
g5,g5__official32_minus71__n6p0__op_iso__d2,official32_minus71,6.0,DIFF,2498,1180.6064151985206,"{""kind"": ""opcenter_exact_iso"", ""seed"": 7776}",results/archives/PAPERB_B9C_REMAINING_AUTHOR_RUN_050926.zip,PAPERB_B9C_REMAINING_AUTHOR_RUN_050926/raw/g5/g5__official32_minus71__n6p0__op_iso__d2.npz,39741976058c6e8e3e6c687ab150d22e6b1060dc61170927097c98c7b0ab85b3
g5,g5__official32_minus71__n6p0__op_iso__d2,official32_minus71,6.0,Min-Max,2498,493.3714436315088,"{""kind"": ""opcenter_exact_iso"", ""seed"": 7776}",results/archives/PAPERB_B9C_REMAINING_AUTHOR_RUN_050926.zip,PAPERB_B9C_REMAINING_AUTHOR_RUN_050926/raw/g5/g5__official32_minus71__n6p0__op_iso__d2.npz,39741976058c6e8e3e6c687ab150d22e6b1060dc61170927097c98c7b0ab85b3
g5,g5__official32_minus71__n6p0__one__d3,official32_minus71,6.0,WCL,2498,614.3080908923412,"{""D"": 10000, ""draw"": 3, ""f"": 1, ""kind"": ""fraction""}",results/archives/PAPERB_B9C_REMAINING_AUTHOR_RUN_050926.zip,PAPERB_B9C_REMAINING_AUTHOR_RUN_050926/raw/g5/g5__official32_minus71__n6p0__one__d3.npz,bb2d65a38cd47b225ff03629a91a4c2478532445cc3011839a1874415f8e9ab3
g5,g5__official32_minus71__n6p0__one__d3,official32_minus71,6.0,ABS,2498,572.7056385516569,"{""D"": 10000, ""draw"": 3, ""f"": 1, ""kind"": ""fraction""}",results/archives/PAPERB_B9C_REMAINING_AUTHOR_RUN_050926.zip,PAPERB_B9C_REMAINING_AUTHOR_RUN_050926/raw/g5/g5__official32_minus71__n6p0__one__d3.npz,bb2d65a38cd47b225ff03629a91a4c2478532445cc3011839a1874415f8e9ab3
g5,g5__official32_minus71__n6p0__one__d3,official32_minus71,6.0,DIFF,2498,1132.9266432307568,"{""D"": 10000, ""draw"": 3, ""f"": 1, ""kind"": ""fraction""}",results/archives/PAPERB_B9C_REMAINING_AUTHOR_RUN_050926.zip,PAPERB_B9C_REMAINING_AUTHOR_RUN_050926/raw/g5/g5__official32_minus71__n6p0__one__d3.npz,bb2d65a38cd47b225ff03629a91a4c2478532445cc3011839a1874415f8e9ab3
g5,g5__official32_minus71__n6p0__one__d3,official32_minus71,6.0,Min-Max,2498,488.9340602284119,"{""D"": 10000, ""draw"": 3, ""f"": 1, ""kind"": ""fraction""}",results/archives/PAPERB_B9C_REMAINING_AUTHOR_RUN_050926.zip,PAPERB_B9C_REMAINING_AUTHOR_RUN_050926/raw/g5/g5__official32_minus71__n6p0__one__d3.npz,bb2d65a38cd47b225ff03629a91a4c2478532445cc3011839a1874415f8e9ab3
g5,g5__official32_minus71__n6p0__all__d3,official32_minus71,6.0,WCL,2498,6249.439178975233,"{""D"": 10000, ""draw"": 3, ""f"": 32, ""kind"": ""fraction""}",results/archives/PAPERB_B9C_REMAINING_AUTHOR_RUN_050926.zip,PAPERB_B9C_REMAINING_AUTHOR_RUN_050926/raw/g5/g5__official32_minus71__n6p0__all__d3.npz,bb5c77788b3fe995c596088a333d4c08a4fe286f2b0738dcb3cbe2940921f612
g5,g5__official32_minus71__n6p0__all__d3,official32_minus71,6.0,ABS,2498,2814.2301472195204,"{""D"": 10000, ""draw"": 3, ""f"": 32, ""kind"": ""fraction""}",results/archives/PAPERB_B9C_REMAINING_AUTHOR_RUN_050926.zip,PAPERB_B9C_REMAINING_AUTHOR_RUN_050926/raw/g5/g5__official32_minus71__n6p0__all__d3.npz,bb5c77788b3fe995c596088a333d4c08a4fe286f2b0738dcb3cbe2940921f612
g5,g5__official32_minus71__n6p0__all__d3,official32_minus71,6.0,DIFF,2498,3083.2092307781445,"{""D"": 10000, ""draw"": 3, ""f"": 32, ""kind"": ""fraction""}",results/archives/PAPERB_B9C_REMAINING_AUTHOR_RUN_050926.zip,PAPERB_B9C_REMAINING_AUTHOR_RUN_050926/raw/g5/g5__official32_minus71__n6p0__all__d3.npz,bb5c77788b3fe995c596088a333d4c08a4fe286f2b0738dcb3cbe2940921f612
g5,g5__official32_minus71__n6p0__all__d3,official32_minus71,6.0,Min-Max,2498,3274.041250321879,"{""D"": 10000, ""draw"": 3, ""f"": 32, ""kind"": ""fraction""}",results/archives/PAPERB_B9C_REMAINING_AUTHOR_RUN_050926.zip,PAPERB_B9C_REMAINING_AUTHOR_RUN_050926/raw/g5/g5__official32_minus71__n6p0__all__d3.npz,bb5c77788b3fe995c596088a333d4c08a4fe286f2b0738dcb3cbe2940921f612
g5,g5__official32_minus71__n6p0__top6__d3,official32_minus71,6.0,WCL,2498,770.0850581528377,"{""D"": 5000, ""draw"": 3, ""k"": 6, ""kind"": ""topk""}",results/archives/PAPERB_B9C_REMAINING_AUTHOR_RUN_050926.zip,PAPERB_B9C_REMAINING_AUTHOR_RUN_050926/raw/g5/g5__official32_minus71__n6p0__top6__d3.npz,c24ad8b4d2519eb532a4509d9af5a3eb1b41222d9a820bfc9d1d5e4044706900
g5,g5__official32_minus71__n6p0__top6__d3,official32_minus71,6.0,ABS,2498,563.2321189052353,"{""D"": 5000, ""draw"": 3, ""k"": 6, ""kind"": ""topk""}",results/archives/PAPERB_B9C_REMAINING_AUTHOR_RUN_050926.zip,PAPERB_B9C_REMAINING_AUTHOR_RUN_050926/raw/g5/g5__official32_minus71__n6p0__top6__d3.npz,c24ad8b4d2519eb532a4509d9af5a3eb1b41222d9a820bfc9d1d5e4044706900
g5,g5__official32_minus71__n6p0__top6__d3,official32_minus71,6.0,DIFF,2498,826.7207064896144,"{""D"": 5000, ""draw"": 3, ""k"": 6, ""kind"": ""topk""}",results/archives/PAPERB_B9C_REMAINING_AUTHOR_RUN_050926.zip,PAPERB_B9C_REMAINING_AUTHOR_RUN_050926/raw/g5/g5__official32_minus71__n6p0__top6__d3.npz,c24ad8b4d2519eb532a4509d9af5a3eb1b41222d9a820bfc9d1d5e4044706900
g5,g5__official32_minus71__n6p0__top6__d3,official32_minus71,6.0,Min-Max,2498,673.6697995588477,"{""D"": 5000, ""draw"": 3, ""k"": 6, ""kind"": ""topk""}",results/archives/PAPERB_B9C_REMAINING_AUTHOR_RUN_050926.zip,PAPERB_B9C_REMAINING_AUTHOR_RUN_050926/raw/g5/g5__official32_minus71__n6p0__top6__d3.npz,c24ad8b4d2519eb532a4509d9af5a3eb1b41222d9a820bfc9d1d5e4044706900
g5,g5__official32_minus71__n6p0__top7__d3,official32_minus71,6.0,WCL,2498,1464.553256468434,"{""D"": 5000, ""draw"": 3, ""k"": 7, ""kind"": ""topk""}",results/archives/PAPERB_B9C_REMAINING_AUTHOR_RUN_050926.zip,PAPERB_B9C_REMAINING_AUTHOR_RUN_050926/raw/g5/g5__official32_minus71__n6p0__top7__d3.npz,b2fde2817181239ef52e1ea73b6cf27e41ce8565a098d8289808686be840594f
g5,g5__official32_minus71__n6p0__top7__d3,official32_minus71,6.0,ABS,2498,851.9353337673433,"{""D"": 5000, ""draw"": 3, ""k"": 7, ""kind"": ""topk""}",results/archives/PAPERB_B9C_REMAINING_AUTHOR_RUN_050926.zip,PAPERB_B9C_REMAINING_AUTHOR_RUN_050926/raw/g5/g5__official32_minus71__n6p0__top7__d3.npz,b2fde2817181239ef52e1ea73b6cf27e41ce8565a098d8289808686be840594f
g5,g5__official32_minus71__n6p0__top7__d3,official32_minus71,6.0,DIFF,2498,1084.1456966556918,"{""D"": 5000, ""draw"": 3, ""k"": 7, ""kind"": ""topk""}",results/archives/PAPERB_B9C_REMAINING_AUTHOR_RUN_050926.zip,PAPERB_B9C_REMAINING_AUTHOR_RUN_050926/raw/g5/g5__official32_minus71__n6p0__top7__d3.npz,b2fde2817181239ef52e1ea73b6cf27e41ce8565a098d8289808686be840594f
g5,g5__official32_minus71__n6p0__top7__d3,official32_minus71,6.0,Min-Max,2498,1107.8107395327386,"{""D"": 5000, ""draw"": 3, ""k"": 7, ""kind"": ""topk""}",results/archives/PAPERB_B9C_REMAINING_AUTHOR_RUN_050926.zip,PAPERB_B9C_REMAINING_AUTHOR_RUN_050926/raw/g5/g5__official32_minus71__n6p0__top7__d3.npz,b2fde2817181239ef52e1ea73b6cf27e41ce8565a098d8289808686be840594f
g5,g5__official32_minus71__n6p0__legacy_iso__d3,official32_minus71,6.0,WCL,2498,857.4519247090514,"{""kind"": ""legacy_iso"", ""seed"": 4789}",results/archives/PAPERB_B9C_REMAINING_AUTHOR_RUN_050926.zip,PAPERB_B9C_REMAINING_AUTHOR_RUN_050926/raw/g5/g5__official32_minus71__n6p0__legacy_iso__d3.npz,7f4d3c0d509f9a99d261c1f91b84c40add8d7a3da4b9b93a5e58113f1599a6b3
g5,g5__official32_minus71__n6p0__legacy_iso__d3,official32_minus71,6.0,ABS,2498,647.0753380277982,"{""kind"": ""legacy_iso"", ""seed"": 4789}",results/archives/PAPERB_B9C_REMAINING_AUTHOR_RUN_050926.zip,PAPERB_B9C_REMAINING_AUTHOR_RUN_050926/raw/g5/g5__official32_minus71__n6p0__legacy_iso__d3.npz,7f4d3c0d509f9a99d261c1f91b84c40add8d7a3da4b9b93a5e58113f1599a6b3
g5,g5__official32_minus71__n6p0__legacy_iso__d3,official32_minus71,6.0,DIFF,2498,1290.1358834910216,"{""kind"": ""legacy_iso"", ""seed"": 4789}",results/archives/PAPERB_B9C_REMAINING_AUTHOR_RUN_050926.zip,PAPERB_B9C_REMAINING_AUTHOR_RUN_050926/raw/g5/g5__official32_minus71__n6p0__legacy_iso__d3.npz,7f4d3c0d509f9a99d261c1f91b84c40add8d7a3da4b9b93a5e58113f1599a6b3
g5,g5__official32_minus71__n6p0__legacy_iso__d3,official32_minus71,6.0,Min-Max,2498,572.6044759801537,"{""kind"": ""legacy_iso"", ""seed"": 4789}",results/archives/PAPERB_B9C_REMAINING_AUTHOR_RUN_050926.zip,PAPERB_B9C_REMAINING_AUTHOR_RUN_050926/raw/g5/g5__official32_minus71__n6p0__legacy_iso__d3.npz,7f4d3c0d509f9a99d261c1f91b84c40add8d7a3da4b9b93a5e58113f1599a6b3
g5,g5__official32_minus71__n6p0__op_iso__d3,official32_minus71,6.0,WCL,2498,613.1826494339095,"{""kind"": ""opcenter_exact_iso"", ""seed"": 7789}",results/archives/PAPERB_B9C_REMAINING_AUTHOR_RUN_050926.zip,PAPERB_B9C_REMAINING_AUTHOR_RUN_050926/raw/g5/g5__official32_minus71__n6p0__op_iso__d3.npz,09aa3a3f4c0853ebbf96d4ecbc9c9604b97b6bfd4eb4f6f7e95951e70bc44fc1
g5,g5__official32_minus71__n6p0__op_iso__d3,official32_minus71,6.0,ABS,2498,552.0795953468387,"{""kind"": ""opcenter_exact_iso"", ""seed"": 7789}",results/archives/PAPERB_B9C_REMAINING_AUTHOR_RUN_050926.zip,PAPERB_B9C_REMAINING_AUTHOR_RUN_050926/raw/g5/g5__official32_minus71__n6p0__op_iso__d3.npz,09aa3a3f4c0853ebbf96d4ecbc9c9604b97b6bfd4eb4f6f7e95951e70bc44fc1
g5,g5__official32_minus71__n6p0__op_iso__d3,official32_minus71,6.0,DIFF,2498,1229.0442844627519,"{""kind"": ""opcenter_exact_iso"", ""seed"": 7789}",results/archives/PAPERB_B9C_REMAINING_AUTHOR_RUN_050926.zip,PAPERB_B9C_REMAINING_AUTHOR_RUN_050926/raw/g5/g5__official32_minus71__n6p0__op_iso__d3.npz,09aa3a3f4c0853ebbf96d4ecbc9c9604b97b6bfd4eb4f6f7e95951e70bc44fc1
g5,g5__official32_minus71__n6p0__op_iso__d3,official32_minus71,6.0,Min-Max,2498,478.562602519081,"{""kind"": ""opcenter_exact_iso"", ""seed"": 7789}",results/archives/PAPERB_B9C_REMAINING_AUTHOR_RUN_050926.zip,PAPERB_B9C_REMAINING_AUTHOR_RUN_050926/raw/g5/g5__official32_minus71__n6p0__op_iso__d3.npz,09aa3a3f4c0853ebbf96d4ecbc9c9604b97b6bfd4eb4f6f7e95951e70bc44fc1
g5,g5__official32_minus71__n6p0__one__d4,official32_minus71,6.0,WCL,2498,634.0535751459853,"{""D"": 10000, ""draw"": 4, ""f"": 1, ""kind"": ""fraction""}",results/archives/PAPERB_B9C_REMAINING_AUTHOR_RUN_050926.zip,PAPERB_B9C_REMAINING_AUTHOR_RUN_050926/raw/g5/g5__official32_minus71__n6p0__one__d4.npz,7020e638a3b3156c844325ee0f784243a6833e9a57243868fdd71b98181af47f
g5,g5__official32_minus71__n6p0__one__d4,official32_minus71,6.0,ABS,2498,577.9547774441551,"{""D"": 10000, ""draw"": 4, ""f"": 1, ""kind"": ""fraction""}",results/archives/PAPERB_B9C_REMAINING_AUTHOR_RUN_050926.zip,PAPERB_B9C_REMAINING_AUTHOR_RUN_050926/raw/g5/g5__official32_minus71__n6p0__one__d4.npz,7020e638a3b3156c844325ee0f784243a6833e9a57243868fdd71b98181af47f
g5,g5__official32_minus71__n6p0__one__d4,official32_minus71,6.0,DIFF,2498,890.9334947867135,"{""D"": 10000, ""draw"": 4, ""f"": 1, ""kind"": ""fraction""}",results/archives/PAPERB_B9C_REMAINING_AUTHOR_RUN_050926.zip,PAPERB_B9C_REMAINING_AUTHOR_RUN_050926/raw/g5/g5__official32_minus71__n6p0__one__d4.npz,7020e638a3b3156c844325ee0f784243a6833e9a57243868fdd71b98181af47f
g5,g5__official32_minus71__n6p0__one__d4,official32_minus71,6.0,Min-Max,2498,550.0145379427936,"{""D"": 10000, ""draw"": 4, ""f"": 1, ""kind"": ""fraction""}",results/archives/PAPERB_B9C_REMAINING_AUTHOR_RUN_050926.zip,PAPERB_B9C_REMAINING_AUTHOR_RUN_050926/raw/g5/g5__official32_minus71__n6p0__one__d4.npz,7020e638a3b3156c844325ee0f784243a6833e9a57243868fdd71b98181af47f
g5,g5__official32_minus71__n6p0__all__d4,official32_minus71,6.0,WCL,2498,6157.928729747886,"{""D"": 10000, ""draw"": 4, ""f"": 32, ""kind"": ""fraction""}",results/archives/PAPERB_B9C_REMAINING_AUTHOR_RUN_050926.zip,PAPERB_B9C_REMAINING_AUTHOR_RUN_050926/raw/g5/g5__official32_minus71__n6p0__all__d4.npz,b3dfa3964d780c6f498791b6e8049cfaf377073a552e3f02dd8cb8225f2403bd
g5,g5__official32_minus71__n6p0__all__d4,official32_minus71,6.0,ABS,2498,2551.492511512344,"{""D"": 10000, ""draw"": 4, ""f"": 32, ""kind"": ""fraction""}",results/archives/PAPERB_B9C_REMAINING_AUTHOR_RUN_050926.zip,PAPERB_B9C_REMAINING_AUTHOR_RUN_050926/raw/g5/g5__official32_minus71__n6p0__all__d4.npz,b3dfa3964d780c6f498791b6e8049cfaf377073a552e3f02dd8cb8225f2403bd
g5,g5__official32_minus71__n6p0__all__d4,official32_minus71,6.0,DIFF,2498,2753.2816432974882,"{""D"": 10000, ""draw"": 4, ""f"": 32, ""kind"": ""fraction""}",results/archives/PAPERB_B9C_REMAINING_AUTHOR_RUN_050926.zip,PAPERB_B9C_REMAINING_AUTHOR_RUN_050926/raw/g5/g5__official32_minus71__n6p0__all__d4.npz,b3dfa3964d780c6f498791b6e8049cfaf377073a552e3f02dd8cb8225f2403bd
g5,g5__official32_minus71__n6p0__all__d4,official32_minus71,6.0,Min-Max,2498,3005.645651247608,"{""D"": 10000, ""draw"": 4, ""f"": 32, ""kind"": ""fraction""}",results/archives/PAPERB_B9C_REMAINING_AUTHOR_RUN_050926.zip,PAPERB_B9C_REMAINING_AUTHOR_RUN_050926/raw/g5/g5__official32_minus71__n6p0__all__d4.npz,b3dfa3964d780c6f498791b6e8049cfaf377073a552e3f02dd8cb8225f2403bd
g5,g5__official32_minus71__n6p0__top6__d4,official32_minus71,6.0,WCL,2498,768.5587483041572,"{""D"": 5000, ""draw"": 4, ""k"": 6, ""kind"": ""topk""}",results/archives/PAPERB_B9C_REMAINING_AUTHOR_RUN_050926.zip,PAPERB_B9C_REMAINING_AUTHOR_RUN_050926/raw/g5/g5__official32_minus71__n6p0__top6__d4.npz,849641ad7788f91d96b0c248ccea652971a4c69dd3416fdae0b3ca7d8429fa80
g5,g5__official32_minus71__n6p0__top6__d4,official32_minus71,6.0,ABS,2498,579.5787061539293,"{""D"": 5000, ""draw"": 4, ""k"": 6, ""kind"": ""topk""}",results/archives/PAPERB_B9C_REMAINING_AUTHOR_RUN_050926.zip,PAPERB_B9C_REMAINING_AUTHOR_RUN_050926/raw/g5/g5__official32_minus71__n6p0__top6__d4.npz,849641ad7788f91d96b0c248ccea652971a4c69dd3416fdae0b3ca7d8429fa80
g5,g5__official32_minus71__n6p0__top6__d4,official32_minus71,6.0,DIFF,2498,792.0474086690494,"{""D"": 5000, ""draw"": 4, ""k"": 6, ""kind"": ""topk""}",results/archives/PAPERB_B9C_REMAINING_AUTHOR_RUN_050926.zip,PAPERB_B9C_REMAINING_AUTHOR_RUN_050926/raw/g5/g5__official32_minus71__n6p0__top6__d4.npz,849641ad7788f91d96b0c248ccea652971a4c69dd3416fdae0b3ca7d8429fa80
g5,g5__official32_minus71__n6p0__top6__d4,official32_minus71,6.0,Min-Max,2498,707.748592766651,"{""D"": 5000, ""draw"": 4, ""k"": 6, ""kind"": ""topk""}",results/archives/PAPERB_B9C_REMAINING_AUTHOR_RUN_050926.zip,PAPERB_B9C_REMAINING_AUTHOR_RUN_050926/raw/g5/g5__official32_minus71__n6p0__top6__d4.npz,849641ad7788f91d96b0c248ccea652971a4c69dd3416fdae0b3ca7d8429fa80
g5,g5__official32_minus71__n6p0__top7__d4,official32_minus71,6.0,WCL,2498,1520.1739115145192,"{""D"": 5000, ""draw"": 4, ""k"": 7, ""kind"": ""topk""}",results/archives/PAPERB_B9C_REMAINING_AUTHOR_RUN_050926.zip,PAPERB_B9C_REMAINING_AUTHOR_RUN_050926/raw/g5/g5__official32_minus71__n6p0__top7__d4.npz,80e03543dffbeab1856fbae8d081fb68992cf0d35b7b59fe36bf6ffd386e77be
g5,g5__official32_minus71__n6p0__top7__d4,official32_minus71,6.0,ABS,2498,827.4370794971913,"{""D"": 5000, ""draw"": 4, ""k"": 7, ""kind"": ""topk""}",results/archives/PAPERB_B9C_REMAINING_AUTHOR_RUN_050926.zip,PAPERB_B9C_REMAINING_AUTHOR_RUN_050926/raw/g5/g5__official32_minus71__n6p0__top7__d4.npz,80e03543dffbeab1856fbae8d081fb68992cf0d35b7b59fe36bf6ffd386e77be
g5,g5__official32_minus71__n6p0__top7__d4,official32_minus71,6.0,DIFF,2498,1082.4847941435132,"{""D"": 5000, ""draw"": 4, ""k"": 7, ""kind"": ""topk""}",results/archives/PAPERB_B9C_REMAINING_AUTHOR_RUN_050926.zip,PAPERB_B9C_REMAINING_AUTHOR_RUN_050926/raw/g5/g5__official32_minus71__n6p0__top7__d4.npz,80e03543dffbeab1856fbae8d081fb68992cf0d35b7b59fe36bf6ffd386e77be
g5,g5__official32_minus71__n6p0__top7__d4,official32_minus71,6.0,Min-Max,2498,1205.5076676040796,"{""D"": 5000, ""draw"": 4, ""k"": 7, ""kind"": ""topk""}",results/archives/PAPERB_B9C_REMAINING_AUTHOR_RUN_050926.zip,PAPERB_B9C_REMAINING_AUTHOR_RUN_050926/raw/g5/g5__official32_minus71__n6p0__top7__d4.npz,80e03543dffbeab1856fbae8d081fb68992cf0d35b7b59fe36bf6ffd386e77be
g5,g5__official32_minus71__n6p0__legacy_iso__d4,official32_minus71,6.0,WCL,2498,736.1064938166298,"{""kind"": ""legacy_iso"", ""seed"": 4802}",results/archives/PAPERB_B9C_REMAINING_AUTHOR_RUN_050926.zip,PAPERB_B9C_REMAINING_AUTHOR_RUN_050926/raw/g5/g5__official32_minus71__n6p0__legacy_iso__d4.npz,d48ea661df0a3ed81940ff0e5c1a217c03ab5d345a4c0e13958c74da84fe0b73
g5,g5__official32_minus71__n6p0__legacy_iso__d4,official32_minus71,6.0,ABS,2498,683.667846681243,"{""kind"": ""legacy_iso"", ""seed"": 4802}",results/archives/PAPERB_B9C_REMAINING_AUTHOR_RUN_050926.zip,PAPERB_B9C_REMAINING_AUTHOR_RUN_050926/raw/g5/g5__official32_minus71__n6p0__legacy_iso__d4.npz,d48ea661df0a3ed81940ff0e5c1a217c03ab5d345a4c0e13958c74da84fe0b73
g5,g5__official32_minus71__n6p0__legacy_iso__d4,official32_minus71,6.0,DIFF,2498,1429.538188123822,"{""kind"": ""legacy_iso"", ""seed"": 4802}",results/archives/PAPERB_B9C_REMAINING_AUTHOR_RUN_050926.zip,PAPERB_B9C_REMAINING_AUTHOR_RUN_050926/raw/g5/g5__official32_minus71__n6p0__legacy_iso__d4.npz,d48ea661df0a3ed81940ff0e5c1a217c03ab5d345a4c0e13958c74da84fe0b73
g5,g5__official32_minus71__n6p0__legacy_iso__d4,official32_minus71,6.0,Min-Max,2498,558.0129719906619,"{""kind"": ""legacy_iso"", ""seed"": 4802}",results/archives/PAPERB_B9C_REMAINING_AUTHOR_RUN_050926.zip,PAPERB_B9C_REMAINING_AUTHOR_RUN_050926/raw/g5/g5__official32_minus71__n6p0__legacy_iso__d4.npz,d48ea661df0a3ed81940ff0e5c1a217c03ab5d345a4c0e13958c74da84fe0b73
g5,g5__official32_minus71__n6p0__op_iso__d4,official32_minus71,6.0,WCL,2498,568.4684859148288,"{""kind"": ""opcenter_exact_iso"", ""seed"": 7802}",results/archives/PAPERB_B9C_REMAINING_AUTHOR_RUN_050926.zip,PAPERB_B9C_REMAINING_AUTHOR_RUN_050926/raw/g5/g5__official32_minus71__n6p0__op_iso__d4.npz,650a08d9cfb519d87c2ea44b3963106acb1f00eaf113240fcaa50b6cd5913708
g5,g5__official32_minus71__n6p0__op_iso__d4,official32_minus71,6.0,ABS,2498,526.9870776505161,"{""kind"": ""opcenter_exact_iso"", ""seed"": 7802}",results/archives/PAPERB_B9C_REMAINING_AUTHOR_RUN_050926.zip,PAPERB_B9C_REMAINING_AUTHOR_RUN_050926/raw/g5/g5__official32_minus71__n6p0__op_iso__d4.npz,650a08d9cfb519d87c2ea44b3963106acb1f00eaf113240fcaa50b6cd5913708
g5,g5__official32_minus71__n6p0__op_iso__d4,official32_minus71,6.0,DIFF,2498,1109.6998231559537,"{""kind"": ""opcenter_exact_iso"", ""seed"": 7802}",results/archives/PAPERB_B9C_REMAINING_AUTHOR_RUN_050926.zip,PAPERB_B9C_REMAINING_AUTHOR_RUN_050926/raw/g5/g5__official32_minus71__n6p0__op_iso__d4.npz,650a08d9cfb519d87c2ea44b3963106acb1f00eaf113240fcaa50b6cd5913708
g5,g5__official32_minus71__n6p0__op_iso__d4,official32_minus71,6.0,Min-Max,2498,476.2293039101859,"{""kind"": ""opcenter_exact_iso"", ""seed"": 7802}",results/archives/PAPERB_B9C_REMAINING_AUTHOR_RUN_050926.zip,PAPERB_B9C_REMAINING_AUTHOR_RUN_050926/raw/g5/g5__official32_minus71__n6p0__op_iso__d4.npz,650a08d9cfb519d87c2ea44b3963106acb1f00eaf113240fcaa50b6cd5913708
g5,g5__official32_minus71__n6p0__one__d5,official32_minus71,6.0,WCL,2498,614.3080908923412,"{""D"": 10000, ""draw"": 5, ""f"": 1, ""kind"": ""fraction""}",results/archives/PAPERB_B9C_REMAINING_AUTHOR_RUN_050926.zip,PAPERB_B9C_REMAINING_AUTHOR_RUN_050926/raw/g5/g5__official32_minus71__n6p0__one__d5.npz,0b29c8e4d3653746bfaa6e6ab019cb0d599a612c4ac49ea417c23557d5e3a6fe
g5,g5__official32_minus71__n6p0__one__d5,official32_minus71,6.0,ABS,2498,572.844311267402,"{""D"": 10000, ""draw"": 5, ""f"": 1, ""kind"": ""fraction""}",results/archives/PAPERB_B9C_REMAINING_AUTHOR_RUN_050926.zip,PAPERB_B9C_REMAINING_AUTHOR_RUN_050926/raw/g5/g5__official32_minus71__n6p0__one__d5.npz,0b29c8e4d3653746bfaa6e6ab019cb0d599a612c4ac49ea417c23557d5e3a6fe
g5,g5__official32_minus71__n6p0__one__d5,official32_minus71,6.0,DIFF,2498,1121.7038706240771,"{""D"": 10000, ""draw"": 5, ""f"": 1, ""kind"": ""fraction""}",results/archives/PAPERB_B9C_REMAINING_AUTHOR_RUN_050926.zip,PAPERB_B9C_REMAINING_AUTHOR_RUN_050926/raw/g5/g5__official32_minus71__n6p0__one__d5.npz,0b29c8e4d3653746bfaa6e6ab019cb0d599a612c4ac49ea417c23557d5e3a6fe
g5,g5__official32_minus71__n6p0__one__d5,official32_minus71,6.0,Min-Max,2498,488.3211134457598,"{""D"": 10000, ""draw"": 5, ""f"": 1, ""kind"": ""fraction""}",results/archives/PAPERB_B9C_REMAINING_AUTHOR_RUN_050926.zip,PAPERB_B9C_REMAINING_AUTHOR_RUN_050926/raw/g5/g5__official32_minus71__n6p0__one__d5.npz,0b29c8e4d3653746bfaa6e6ab019cb0d599a612c4ac49ea417c23557d5e3a6fe
g5,g5__official32_minus71__n6p0__all__d5,official32_minus71,6.0,WCL,2498,5989.785710582425,"{""D"": 10000, ""draw"": 5, ""f"": 32, ""kind"": ""fraction""}",results/archives/PAPERB_B9C_REMAINING_AUTHOR_RUN_050926.zip,PAPERB_B9C_REMAINING_AUTHOR_RUN_050926/raw/g5/g5__official32_minus71__n6p0__all__d5.npz,e69aa27d0e0a0592769da8c80053fc7707e295b5a4a7ac768e345c6bb0893b36
g5,g5__official32_minus71__n6p0__all__d5,official32_minus71,6.0,ABS,2498,2537.6492307396784,"{""D"": 10000, ""draw"": 5, ""f"": 32, ""kind"": ""fraction""}",results/archives/PAPERB_B9C_REMAINING_AUTHOR_RUN_050926.zip,PAPERB_B9C_REMAINING_AUTHOR_RUN_050926/raw/g5/g5__official32_minus71__n6p0__all__d5.npz,e69aa27d0e0a0592769da8c80053fc7707e295b5a4a7ac768e345c6bb0893b36
g5,g5__official32_minus71__n6p0__all__d5,official32_minus71,6.0,DIFF,2498,2754.0899787214607,"{""D"": 10000, ""draw"": 5, ""f"": 32, ""kind"": ""fraction""}",results/archives/PAPERB_B9C_REMAINING_AUTHOR_RUN_050926.zip,PAPERB_B9C_REMAINING_AUTHOR_RUN_050926/raw/g5/g5__official32_minus71__n6p0__all__d5.npz,e69aa27d0e0a0592769da8c80053fc7707e295b5a4a7ac768e345c6bb0893b36
g5,g5__official32_minus71__n6p0__all__d5,official32_minus71,6.0,Min-Max,2498,3647.6071644364247,"{""D"": 10000, ""draw"": 5, ""f"": 32, ""kind"": ""fraction""}",results/archives/PAPERB_B9C_REMAINING_AUTHOR_RUN_050926.zip,PAPERB_B9C_REMAINING_AUTHOR_RUN_050926/raw/g5/g5__official32_minus71__n6p0__all__d5.npz,e69aa27d0e0a0592769da8c80053fc7707e295b5a4a7ac768e345c6bb0893b36
g5,g5__official32_minus71__n6p0__top6__d5,official32_minus71,6.0,WCL,2498,768.5706390986403,"{""D"": 5000, ""draw"": 5, ""k"": 6, ""kind"": ""topk""}",results/archives/PAPERB_B9C_REMAINING_AUTHOR_RUN_050926.zip,PAPERB_B9C_REMAINING_AUTHOR_RUN_050926/raw/g5/g5__official32_minus71__n6p0__top6__d5.npz,0e7ae1052e0d9fdf043055f4fd7e23670c40e145d73fddf7b4c66df4f136064e
g5,g5__official32_minus71__n6p0__top6__d5,official32_minus71,6.0,ABS,2498,579.8185102490572,"{""D"": 5000, ""draw"": 5, ""k"": 6, ""kind"": ""topk""}",results/archives/PAPERB_B9C_REMAINING_AUTHOR_RUN_050926.zip,PAPERB_B9C_REMAINING_AUTHOR_RUN_050926/raw/g5/g5__official32_minus71__n6p0__top6__d5.npz,0e7ae1052e0d9fdf043055f4fd7e23670c40e145d73fddf7b4c66df4f136064e
g5,g5__official32_minus71__n6p0__top6__d5,official32_minus71,6.0,DIFF,2498,777.6402500818215,"{""D"": 5000, ""draw"": 5, ""k"": 6, ""kind"": ""topk""}",results/archives/PAPERB_B9C_REMAINING_AUTHOR_RUN_050926.zip,PAPERB_B9C_REMAINING_AUTHOR_RUN_050926/raw/g5/g5__official32_minus71__n6p0__top6__d5.npz,0e7ae1052e0d9fdf043055f4fd7e23670c40e145d73fddf7b4c66df4f136064e
g5,g5__official32_minus71__n6p0__top6__d5,official32_minus71,6.0,Min-Max,2498,755.850550726493,"{""D"": 5000, ""draw"": 5, ""k"": 6, ""kind"": ""topk""}",results/archives/PAPERB_B9C_REMAINING_AUTHOR_RUN_050926.zip,PAPERB_B9C_REMAINING_AUTHOR_RUN_050926/raw/g5/g5__official32_minus71__n6p0__top6__d5.npz,0e7ae1052e0d9fdf043055f4fd7e23670c40e145d73fddf7b4c66df4f136064e
g5,g5__official32_minus71__n6p0__top7__d5,official32_minus71,6.0,WCL,2498,1506.4323414790729,"{""D"": 5000, ""draw"": 5, ""k"": 7, ""kind"": ""topk""}",results/archives/PAPERB_B9C_REMAINING_AUTHOR_RUN_050926.zip,PAPERB_B9C_REMAINING_AUTHOR_RUN_050926/raw/g5/g5__official32_minus71__n6p0__top7__d5.npz,a1d43aaff15b92b2c3a1172d3c2b3ca33ba652c8e60a92e911b4448b09f405d4
g5,g5__official32_minus71__n6p0__top7__d5,official32_minus71,6.0,ABS,2498,786.8003583461082,"{""D"": 5000, ""draw"": 5, ""k"": 7, ""kind"": ""topk""}",results/archives/PAPERB_B9C_REMAINING_AUTHOR_RUN_050926.zip,PAPERB_B9C_REMAINING_AUTHOR_RUN_050926/raw/g5/g5__official32_minus71__n6p0__top7__d5.npz,a1d43aaff15b92b2c3a1172d3c2b3ca33ba652c8e60a92e911b4448b09f405d4
g5,g5__official32_minus71__n6p0__top7__d5,official32_minus71,6.0,DIFF,2498,1256.2619928944316,"{""D"": 5000, ""draw"": 5, ""k"": 7, ""kind"": ""topk""}",results/archives/PAPERB_B9C_REMAINING_AUTHOR_RUN_050926.zip,PAPERB_B9C_REMAINING_AUTHOR_RUN_050926/raw/g5/g5__official32_minus71__n6p0__top7__d5.npz,a1d43aaff15b92b2c3a1172d3c2b3ca33ba652c8e60a92e911b4448b09f405d4
g5,g5__official32_minus71__n6p0__top7__d5,official32_minus71,6.0,Min-Max,2498,1152.107998519361,"{""D"": 5000, ""draw"": 5, ""k"": 7, ""kind"": ""topk""}",results/archives/PAPERB_B9C_REMAINING_AUTHOR_RUN_050926.zip,PAPERB_B9C_REMAINING_AUTHOR_RUN_050926/raw/g5/g5__official32_minus71__n6p0__top7__d5.npz,a1d43aaff15b92b2c3a1172d3c2b3ca33ba652c8e60a92e911b4448b09f405d4
g5,g5__official32_minus71__n6p0__legacy_iso__d5,official32_minus71,6.0,WCL,2498,771.572945579316,"{""kind"": ""legacy_iso"", ""seed"": 4815}",results/archives/PAPERB_B9C_REMAINING_AUTHOR_RUN_050926.zip,PAPERB_B9C_REMAINING_AUTHOR_RUN_050926/raw/g5/g5__official32_minus71__n6p0__legacy_iso__d5.npz,bbfdbfa076a7deb7d919801806040f60da8799f6f037c5132c8d0fb79ce3a2ea
g5,g5__official32_minus71__n6p0__legacy_iso__d5,official32_minus71,6.0,ABS,2498,641.9967820672407,"{""kind"": ""legacy_iso"", ""seed"": 4815}",results/archives/PAPERB_B9C_REMAINING_AUTHOR_RUN_050926.zip,PAPERB_B9C_REMAINING_AUTHOR_RUN_050926/raw/g5/g5__official32_minus71__n6p0__legacy_iso__d5.npz,bbfdbfa076a7deb7d919801806040f60da8799f6f037c5132c8d0fb79ce3a2ea
g5,g5__official32_minus71__n6p0__legacy_iso__d5,official32_minus71,6.0,DIFF,2498,1449.4730106571465,"{""kind"": ""legacy_iso"", ""seed"": 4815}",results/archives/PAPERB_B9C_REMAINING_AUTHOR_RUN_050926.zip,PAPERB_B9C_REMAINING_AUTHOR_RUN_050926/raw/g5/g5__official32_minus71__n6p0__legacy_iso__d5.npz,bbfdbfa076a7deb7d919801806040f60da8799f6f037c5132c8d0fb79ce3a2ea
g5,g5__official32_minus71__n6p0__legacy_iso__d5,official32_minus71,6.0,Min-Max,2498,540.566378488001,"{""kind"": ""legacy_iso"", ""seed"": 4815}",results/archives/PAPERB_B9C_REMAINING_AUTHOR_RUN_050926.zip,PAPERB_B9C_REMAINING_AUTHOR_RUN_050926/raw/g5/g5__official32_minus71__n6p0__legacy_iso__d5.npz,bbfdbfa076a7deb7d919801806040f60da8799f6f037c5132c8d0fb79ce3a2ea
g5,g5__official32_minus71__n6p0__op_iso__d5,official32_minus71,6.0,WCL,2498,639.0570977771525,"{""kind"": ""opcenter_exact_iso"", ""seed"": 7815}",results/archives/PAPERB_B9C_REMAINING_AUTHOR_RUN_050926.zip,PAPERB_B9C_REMAINING_AUTHOR_RUN_050926/raw/g5/g5__official32_minus71__n6p0__op_iso__d5.npz,046dc0d55e56f9ad08636409ae6fc0a19e73e09d99bd5e3f061c4c96cec109e8
g5,g5__official32_minus71__n6p0__op_iso__d5,official32_minus71,6.0,ABS,2498,541.3122229830548,"{""kind"": ""opcenter_exact_iso"", ""seed"": 7815}",results/archives/PAPERB_B9C_REMAINING_AUTHOR_RUN_050926.zip,PAPERB_B9C_REMAINING_AUTHOR_RUN_050926/raw/g5/g5__official32_minus71__n6p0__op_iso__d5.npz,046dc0d55e56f9ad08636409ae6fc0a19e73e09d99bd5e3f061c4c96cec109e8
g5,g5__official32_minus71__n6p0__op_iso__d5,official32_minus71,6.0,DIFF,2498,1186.0464314960655,"{""kind"": ""opcenter_exact_iso"", ""seed"": 7815}",results/archives/PAPERB_B9C_REMAINING_AUTHOR_RUN_050926.zip,PAPERB_B9C_REMAINING_AUTHOR_RUN_050926/raw/g5/g5__official32_minus71__n6p0__op_iso__d5.npz,046dc0d55e56f9ad08636409ae6fc0a19e73e09d99bd5e3f061c4c96cec109e8
g5,g5__official32_minus71__n6p0__op_iso__d5,official32_minus71,6.0,Min-Max,2498,483.55989840289925,"{""kind"": ""opcenter_exact_iso"", ""seed"": 7815}",results/archives/PAPERB_B9C_REMAINING_AUTHOR_RUN_050926.zip,PAPERB_B9C_REMAINING_AUTHOR_RUN_050926/raw/g5/g5__official32_minus71__n6p0__op_iso__d5.npz,046dc0d55e56f9ad08636409ae6fc0a19e73e09d99bd5e3f061c4c96cec109e8
g5,g5__official32_minus71__n6p0__one__d6,official32_minus71,6.0,WCL,2498,615.9883831788825,"{""D"": 10000, ""draw"": 6, ""f"": 1, ""kind"": ""fraction""}",results/archives/PAPERB_B9C_REMAINING_AUTHOR_RUN_050926.zip,PAPERB_B9C_REMAINING_AUTHOR_RUN_050926/raw/g5/g5__official32_minus71__n6p0__one__d6.npz,a4528ea8e792cc5f428cf59623a7eabf7f9b8e92e8d5f0865c80c6cd0db54d98
g5,g5__official32_minus71__n6p0__one__d6,official32_minus71,6.0,ABS,2498,572.7056385516569,"{""D"": 10000, ""draw"": 6, ""f"": 1, ""kind"": ""fraction""}",results/archives/PAPERB_B9C_REMAINING_AUTHOR_RUN_050926.zip,PAPERB_B9C_REMAINING_AUTHOR_RUN_050926/raw/g5/g5__official32_minus71__n6p0__one__d6.npz,a4528ea8e792cc5f428cf59623a7eabf7f9b8e92e8d5f0865c80c6cd0db54d98
g5,g5__official32_minus71__n6p0__one__d6,official32_minus71,6.0,DIFF,2498,1109.414031740398,"{""D"": 10000, ""draw"": 6, ""f"": 1, ""kind"": ""fraction""}",results/archives/PAPERB_B9C_REMAINING_AUTHOR_RUN_050926.zip,PAPERB_B9C_REMAINING_AUTHOR_RUN_050926/raw/g5/g5__official32_minus71__n6p0__one__d6.npz,a4528ea8e792cc5f428cf59623a7eabf7f9b8e92e8d5f0865c80c6cd0db54d98
g5,g5__official32_minus71__n6p0__one__d6,official32_minus71,6.0,Min-Max,2498,489.254493138439,"{""D"": 10000, ""draw"": 6, ""f"": 1, ""kind"": ""fraction""}",results/archives/PAPERB_B9C_REMAINING_AUTHOR_RUN_050926.zip,PAPERB_B9C_REMAINING_AUTHOR_RUN_050926/raw/g5/g5__official32_minus71__n6p0__one__d6.npz,a4528ea8e792cc5f428cf59623a7eabf7f9b8e92e8d5f0865c80c6cd0db54d98
g5,g5__official32_minus71__n6p0__all__d6,official32_minus71,6.0,WCL,2498,5450.105487155308,"{""D"": 10000, ""draw"": 6, ""f"": 32, ""kind"": ""fraction""}",results/archives/PAPERB_B9C_REMAINING_AUTHOR_RUN_050926.zip,PAPERB_B9C_REMAINING_AUTHOR_RUN_050926/raw/g5/g5__official32_minus71__n6p0__all__d6.npz,3693b67bf83ba322fca650232f7510d4fdbd27cdcffa35467da1ddeafcb92f45
g5,g5__official32_minus71__n6p0__all__d6,official32_minus71,6.0,ABS,2498,2427.1702039860666,"{""D"": 10000, ""draw"": 6, ""f"": 32, ""kind"": ""fraction""}",results/archives/PAPERB_B9C_REMAINING_AUTHOR_RUN_050926.zip,PAPERB_B9C_REMAINING_AUTHOR_RUN_050926/raw/g5/g5__official32_minus71__n6p0__all__d6.npz,3693b67bf83ba322fca650232f7510d4fdbd27cdcffa35467da1ddeafcb92f45
g5,g5__official32_minus71__n6p0__all__d6,official32_minus71,6.0,DIFF,2498,2764.830479220698,"{""D"": 10000, ""draw"": 6, ""f"": 32, ""kind"": ""fraction""}",results/archives/PAPERB_B9C_REMAINING_AUTHOR_RUN_050926.zip,PAPERB_B9C_REMAINING_AUTHOR_RUN_050926/raw/g5/g5__official32_minus71__n6p0__all__d6.npz,3693b67bf83ba322fca650232f7510d4fdbd27cdcffa35467da1ddeafcb92f45
g5,g5__official32_minus71__n6p0__all__d6,official32_minus71,6.0,Min-Max,2498,2765.374568697059,"{""D"": 10000, ""draw"": 6, ""f"": 32, ""kind"": ""fraction""}",results/archives/PAPERB_B9C_REMAINING_AUTHOR_RUN_050926.zip,PAPERB_B9C_REMAINING_AUTHOR_RUN_050926/raw/g5/g5__official32_minus71__n6p0__all__d6.npz,3693b67bf83ba322fca650232f7510d4fdbd27cdcffa35467da1ddeafcb92f45
g5,g5__official32_minus71__n6p0__top6__d6,official32_minus71,6.0,WCL,2498,762.0343167184717,"{""D"": 5000, ""draw"": 6, ""k"": 6, ""kind"": ""topk""}",results/archives/PAPERB_B9C_REMAINING_AUTHOR_RUN_050926.zip,PAPERB_B9C_REMAINING_AUTHOR_RUN_050926/raw/g5/g5__official32_minus71__n6p0__top6__d6.npz,98c5b6b726cc37e211789262a6fbf654bfd8f6db87b5c9771548efb0fb778c1e
g5,g5__official32_minus71__n6p0__top6__d6,official32_minus71,6.0,ABS,2498,596.6888912804101,"{""D"": 5000, ""draw"": 6, ""k"": 6, ""kind"": ""topk""}",results/archives/PAPERB_B9C_REMAINING_AUTHOR_RUN_050926.zip,PAPERB_B9C_REMAINING_AUTHOR_RUN_050926/raw/g5/g5__official32_minus71__n6p0__top6__d6.npz,98c5b6b726cc37e211789262a6fbf654bfd8f6db87b5c9771548efb0fb778c1e
g5,g5__official32_minus71__n6p0__top6__d6,official32_minus71,6.0,DIFF,2498,748.2659272385287,"{""D"": 5000, ""draw"": 6, ""k"": 6, ""kind"": ""topk""}",results/archives/PAPERB_B9C_REMAINING_AUTHOR_RUN_050926.zip,PAPERB_B9C_REMAINING_AUTHOR_RUN_050926/raw/g5/g5__official32_minus71__n6p0__top6__d6.npz,98c5b6b726cc37e211789262a6fbf654bfd8f6db87b5c9771548efb0fb778c1e
g5,g5__official32_minus71__n6p0__top6__d6,official32_minus71,6.0,Min-Max,2498,738.8297679767309,"{""D"": 5000, ""draw"": 6, ""k"": 6, ""kind"": ""topk""}",results/archives/PAPERB_B9C_REMAINING_AUTHOR_RUN_050926.zip,PAPERB_B9C_REMAINING_AUTHOR_RUN_050926/raw/g5/g5__official32_minus71__n6p0__top6__d6.npz,98c5b6b726cc37e211789262a6fbf654bfd8f6db87b5c9771548efb0fb778c1e
g5,g5__official32_minus71__n6p0__top7__d6,official32_minus71,6.0,WCL,2498,1522.0763708155462,"{""D"": 5000, ""draw"": 6, ""k"": 7, ""kind"": ""topk""}",results/archives/PAPERB_B9C_REMAINING_AUTHOR_RUN_050926.zip,PAPERB_B9C_REMAINING_AUTHOR_RUN_050926/raw/g5/g5__official32_minus71__n6p0__top7__d6.npz,6165b6a4337073dc2202c69d7cb28fc8f674c27cce16e29515fa27f4d5bdcf6b
g5,g5__official32_minus71__n6p0__top7__d6,official32_minus71,6.0,ABS,2498,850.7282477142062,"{""D"": 5000, ""draw"": 6, ""k"": 7, ""kind"": ""topk""}",results/archives/PAPERB_B9C_REMAINING_AUTHOR_RUN_050926.zip,PAPERB_B9C_REMAINING_AUTHOR_RUN_050926/raw/g5/g5__official32_minus71__n6p0__top7__d6.npz,6165b6a4337073dc2202c69d7cb28fc8f674c27cce16e29515fa27f4d5bdcf6b
g5,g5__official32_minus71__n6p0__top7__d6,official32_minus71,6.0,DIFF,2498,1123.8607857600505,"{""D"": 5000, ""draw"": 6, ""k"": 7, ""kind"": ""topk""}",results/archives/PAPERB_B9C_REMAINING_AUTHOR_RUN_050926.zip,PAPERB_B9C_REMAINING_AUTHOR_RUN_050926/raw/g5/g5__official32_minus71__n6p0__top7__d6.npz,6165b6a4337073dc2202c69d7cb28fc8f674c27cce16e29515fa27f4d5bdcf6b
g5,g5__official32_minus71__n6p0__top7__d6,official32_minus71,6.0,Min-Max,2498,1166.1362750501416,"{""D"": 5000, ""draw"": 6, ""k"": 7, ""kind"": ""topk""}",results/archives/PAPERB_B9C_REMAINING_AUTHOR_RUN_050926.zip,PAPERB_B9C_REMAINING_AUTHOR_RUN_050926/raw/g5/g5__official32_minus71__n6p0__top7__d6.npz,6165b6a4337073dc2202c69d7cb28fc8f674c27cce16e29515fa27f4d5bdcf6b
g5,g5__official32_minus71__n6p0__legacy_iso__d6,official32_minus71,6.0,WCL,2498,669.4121007812385,"{""kind"": ""legacy_iso"", ""seed"": 4828}",results/archives/PAPERB_B9C_REMAINING_AUTHOR_RUN_050926.zip,PAPERB_B9C_REMAINING_AUTHOR_RUN_050926/raw/g5/g5__official32_minus71__n6p0__legacy_iso__d6.npz,c017ff32686be30ec8ff849511b7d54a0e6bca8c8e7982c8d4e36bd9c278f5c1
g5,g5__official32_minus71__n6p0__legacy_iso__d6,official32_minus71,6.0,ABS,2498,614.7697676492426,"{""kind"": ""legacy_iso"", ""seed"": 4828}",results/archives/PAPERB_B9C_REMAINING_AUTHOR_RUN_050926.zip,PAPERB_B9C_REMAINING_AUTHOR_RUN_050926/raw/g5/g5__official32_minus71__n6p0__legacy_iso__d6.npz,c017ff32686be30ec8ff849511b7d54a0e6bca8c8e7982c8d4e36bd9c278f5c1
g5,g5__official32_minus71__n6p0__legacy_iso__d6,official32_minus71,6.0,DIFF,2498,1441.5017347365638,"{""kind"": ""legacy_iso"", ""seed"": 4828}",results/archives/PAPERB_B9C_REMAINING_AUTHOR_RUN_050926.zip,PAPERB_B9C_REMAINING_AUTHOR_RUN_050926/raw/g5/g5__official32_minus71__n6p0__legacy_iso__d6.npz,c017ff32686be30ec8ff849511b7d54a0e6bca8c8e7982c8d4e36bd9c278f5c1
g5,g5__official32_minus71__n6p0__legacy_iso__d6,official32_minus71,6.0,Min-Max,2498,504.14843274732135,"{""kind"": ""legacy_iso"", ""seed"": 4828}",results/archives/PAPERB_B9C_REMAINING_AUTHOR_RUN_050926.zip,PAPERB_B9C_REMAINING_AUTHOR_RUN_050926/raw/g5/g5__official32_minus71__n6p0__legacy_iso__d6.npz,c017ff32686be30ec8ff849511b7d54a0e6bca8c8e7982c8d4e36bd9c278f5c1
g5,g5__official32_minus71__n6p0__op_iso__d6,official32_minus71,6.0,WCL,2498,587.9862714055978,"{""kind"": ""opcenter_exact_iso"", ""seed"": 7828}",results/archives/PAPERB_B9C_REMAINING_AUTHOR_RUN_050926.zip,PAPERB_B9C_REMAINING_AUTHOR_RUN_050926/raw/g5/g5__official32_minus71__n6p0__op_iso__d6.npz,b3f1fe957bb550b99a36738f2d3c390fa0f894f8fafc3d10cd13d4f5420ea0ad
g5,g5__official32_minus71__n6p0__op_iso__d6,official32_minus71,6.0,ABS,2498,575.2700069060377,"{""kind"": ""opcenter_exact_iso"", ""seed"": 7828}",results/archives/PAPERB_B9C_REMAINING_AUTHOR_RUN_050926.zip,PAPERB_B9C_REMAINING_AUTHOR_RUN_050926/raw/g5/g5__official32_minus71__n6p0__op_iso__d6.npz,b3f1fe957bb550b99a36738f2d3c390fa0f894f8fafc3d10cd13d4f5420ea0ad
g5,g5__official32_minus71__n6p0__op_iso__d6,official32_minus71,6.0,DIFF,2498,1103.0572000035313,"{""kind"": ""opcenter_exact_iso"", ""seed"": 7828}",results/archives/PAPERB_B9C_REMAINING_AUTHOR_RUN_050926.zip,PAPERB_B9C_REMAINING_AUTHOR_RUN_050926/raw/g5/g5__official32_minus71__n6p0__op_iso__d6.npz,b3f1fe957bb550b99a36738f2d3c390fa0f894f8fafc3d10cd13d4f5420ea0ad
g5,g5__official32_minus71__n6p0__op_iso__d6,official32_minus71,6.0,Min-Max,2498,481.53885193943825,"{""kind"": ""opcenter_exact_iso"", ""seed"": 7828}",results/archives/PAPERB_B9C_REMAINING_AUTHOR_RUN_050926.zip,PAPERB_B9C_REMAINING_AUTHOR_RUN_050926/raw/g5/g5__official32_minus71__n6p0__op_iso__d6.npz,b3f1fe957bb550b99a36738f2d3c390fa0f894f8fafc3d10cd13d4f5420ea0ad
g5,g5__official32_minus71__n6p0__one__d7,official32_minus71,6.0,WCL,2498,612.8814467727171,"{""D"": 10000, ""draw"": 7, ""f"": 1, ""kind"": ""fraction""}",results/archives/PAPERB_B9C_REMAINING_AUTHOR_RUN_050926.zip,PAPERB_B9C_REMAINING_AUTHOR_RUN_050926/raw/g5/g5__official32_minus71__n6p0__one__d7.npz,c7761862e71ef4b2ee6c14f59c726a8eb77c0652f878134c530605493399c1b6
g5,g5__official32_minus71__n6p0__one__d7,official32_minus71,6.0,ABS,2498,569.4692241721802,"{""D"": 10000, ""draw"": 7, ""f"": 1, ""kind"": ""fraction""}",results/archives/PAPERB_B9C_REMAINING_AUTHOR_RUN_050926.zip,PAPERB_B9C_REMAINING_AUTHOR_RUN_050926/raw/g5/g5__official32_minus71__n6p0__one__d7.npz,c7761862e71ef4b2ee6c14f59c726a8eb77c0652f878134c530605493399c1b6
g5,g5__official32_minus71__n6p0__one__d7,official32_minus71,6.0,DIFF,2498,1130.3113260440437,"{""D"": 10000, ""draw"": 7, ""f"": 1, ""kind"": ""fraction""}",results/archives/PAPERB_B9C_REMAINING_AUTHOR_RUN_050926.zip,PAPERB_B9C_REMAINING_AUTHOR_RUN_050926/raw/g5/g5__official32_minus71__n6p0__one__d7.npz,c7761862e71ef4b2ee6c14f59c726a8eb77c0652f878134c530605493399c1b6
g5,g5__official32_minus71__n6p0__one__d7,official32_minus71,6.0,Min-Max,2498,515.7446299759476,"{""D"": 10000, ""draw"": 7, ""f"": 1, ""kind"": ""fraction""}",results/archives/PAPERB_B9C_REMAINING_AUTHOR_RUN_050926.zip,PAPERB_B9C_REMAINING_AUTHOR_RUN_050926/raw/g5/g5__official32_minus71__n6p0__one__d7.npz,c7761862e71ef4b2ee6c14f59c726a8eb77c0652f878134c530605493399c1b6
g5,g5__official32_minus71__n6p0__all__d7,official32_minus71,6.0,WCL,2498,5436.475304535024,"{""D"": 10000, ""draw"": 7, ""f"": 32, ""kind"": ""fraction""}",results/archives/PAPERB_B9C_REMAINING_AUTHOR_RUN_050926.zip,PAPERB_B9C_REMAINING_AUTHOR_RUN_050926/raw/g5/g5__official32_minus71__n6p0__all__d7.npz,784d0c809ee343d51e7a67681399d002b4a61e5896fc06faaa51a73bacca14e0
g5,g5__official32_minus71__n6p0__all__d7,official32_minus71,6.0,ABS,2498,2168.646739120546,"{""D"": 10000, ""draw"": 7, ""f"": 32, ""kind"": ""fraction""}",results/archives/PAPERB_B9C_REMAINING_AUTHOR_RUN_050926.zip,PAPERB_B9C_REMAINING_AUTHOR_RUN_050926/raw/g5/g5__official32_minus71__n6p0__all__d7.npz,784d0c809ee343d51e7a67681399d002b4a61e5896fc06faaa51a73bacca14e0
g5,g5__official32_minus71__n6p0__all__d7,official32_minus71,6.0,DIFF,2498,2498.668787527049,"{""D"": 10000, ""draw"": 7, ""f"": 32, ""kind"": ""fraction""}",results/archives/PAPERB_B9C_REMAINING_AUTHOR_RUN_050926.zip,PAPERB_B9C_REMAINING_AUTHOR_RUN_050926/raw/g5/g5__official32_minus71__n6p0__all__d7.npz,784d0c809ee343d51e7a67681399d002b4a61e5896fc06faaa51a73bacca14e0
g5,g5__official32_minus71__n6p0__all__d7,official32_minus71,6.0,Min-Max,2498,2563.1868517477596,"{""D"": 10000, ""draw"": 7, ""f"": 32, ""kind"": ""fraction""}",results/archives/PAPERB_B9C_REMAINING_AUTHOR_RUN_050926.zip,PAPERB_B9C_REMAINING_AUTHOR_RUN_050926/raw/g5/g5__official32_minus71__n6p0__all__d7.npz,784d0c809ee343d51e7a67681399d002b4a61e5896fc06faaa51a73bacca14e0
g5,g5__official32_minus71__n6p0__top6__d7,official32_minus71,6.0,WCL,2498,767.8579213904513,"{""D"": 5000, ""draw"": 7, ""k"": 6, ""kind"": ""topk""}",results/archives/PAPERB_B9C_REMAINING_AUTHOR_RUN_050926.zip,PAPERB_B9C_REMAINING_AUTHOR_RUN_050926/raw/g5/g5__official32_minus71__n6p0__top6__d7.npz,67f946bf8979839b9301c09a39d70dc27001b97ea1c9cc0706002b99f9b7422c
g5,g5__official32_minus71__n6p0__top6__d7,official32_minus71,6.0,ABS,2498,552.5043325435407,"{""D"": 5000, ""draw"": 7, ""k"": 6, ""kind"": ""topk""}",results/archives/PAPERB_B9C_REMAINING_AUTHOR_RUN_050926.zip,PAPERB_B9C_REMAINING_AUTHOR_RUN_050926/raw/g5/g5__official32_minus71__n6p0__top6__d7.npz,67f946bf8979839b9301c09a39d70dc27001b97ea1c9cc0706002b99f9b7422c
g5,g5__official32_minus71__n6p0__top6__d7,official32_minus71,6.0,DIFF,2498,870.3281680780157,"{""D"": 5000, ""draw"": 7, ""k"": 6, ""kind"": ""topk""}",results/archives/PAPERB_B9C_REMAINING_AUTHOR_RUN_050926.zip,PAPERB_B9C_REMAINING_AUTHOR_RUN_050926/raw/g5/g5__official32_minus71__n6p0__top6__d7.npz,67f946bf8979839b9301c09a39d70dc27001b97ea1c9cc0706002b99f9b7422c
g5,g5__official32_minus71__n6p0__top6__d7,official32_minus71,6.0,Min-Max,2498,694.8809802926887,"{""D"": 5000, ""draw"": 7, ""k"": 6, ""kind"": ""topk""}",results/archives/PAPERB_B9C_REMAINING_AUTHOR_RUN_050926.zip,PAPERB_B9C_REMAINING_AUTHOR_RUN_050926/raw/g5/g5__official32_minus71__n6p0__top6__d7.npz,67f946bf8979839b9301c09a39d70dc27001b97ea1c9cc0706002b99f9b7422c
g5,g5__official32_minus71__n6p0__top7__d7,official32_minus71,6.0,WCL,2498,1493.6019550494893,"{""D"": 5000, ""draw"": 7, ""k"": 7, ""kind"": ""topk""}",results/archives/PAPERB_B9C_REMAINING_AUTHOR_RUN_050926.zip,PAPERB_B9C_REMAINING_AUTHOR_RUN_050926/raw/g5/g5__official32_minus71__n6p0__top7__d7.npz,dc22f33d9c28674be6c3bddf9be6799b9aba64cc33857ba2f62024a195535e2b
g5,g5__official32_minus71__n6p0__top7__d7,official32_minus71,6.0,ABS,2498,870.8353659161309,"{""D"": 5000, ""draw"": 7, ""k"": 7, ""kind"": ""topk""}",results/archives/PAPERB_B9C_REMAINING_AUTHOR_RUN_050926.zip,PAPERB_B9C_REMAINING_AUTHOR_RUN_050926/raw/g5/g5__official32_minus71__n6p0__top7__d7.npz,dc22f33d9c28674be6c3bddf9be6799b9aba64cc33857ba2f62024a195535e2b
g5,g5__official32_minus71__n6p0__top7__d7,official32_minus71,6.0,DIFF,2498,1278.1647860748537,"{""D"": 5000, ""draw"": 7, ""k"": 7, ""kind"": ""topk""}",results/archives/PAPERB_B9C_REMAINING_AUTHOR_RUN_050926.zip,PAPERB_B9C_REMAINING_AUTHOR_RUN_050926/raw/g5/g5__official32_minus71__n6p0__top7__d7.npz,dc22f33d9c28674be6c3bddf9be6799b9aba64cc33857ba2f62024a195535e2b
g5,g5__official32_minus71__n6p0__top7__d7,official32_minus71,6.0,Min-Max,2498,1235.2805134261198,"{""D"": 5000, ""draw"": 7, ""k"": 7, ""kind"": ""topk""}",results/archives/PAPERB_B9C_REMAINING_AUTHOR_RUN_050926.zip,PAPERB_B9C_REMAINING_AUTHOR_RUN_050926/raw/g5/g5__official32_minus71__n6p0__top7__d7.npz,dc22f33d9c28674be6c3bddf9be6799b9aba64cc33857ba2f62024a195535e2b
g5,g5__official32_minus71__n6p0__legacy_iso__d7,official32_minus71,6.0,WCL,2498,629.1355659822723,"{""kind"": ""legacy_iso"", ""seed"": 4841}",results/archives/PAPERB_B9C_REMAINING_AUTHOR_RUN_050926.zip,PAPERB_B9C_REMAINING_AUTHOR_RUN_050926/raw/g5/g5__official32_minus71__n6p0__legacy_iso__d7.npz,997a54e9f3bc89b0c5d56bcd955e1accff6947b0d3295780bd47ef8869472232
g5,g5__official32_minus71__n6p0__legacy_iso__d7,official32_minus71,6.0,ABS,2498,672.600053383899,"{""kind"": ""legacy_iso"", ""seed"": 4841}",results/archives/PAPERB_B9C_REMAINING_AUTHOR_RUN_050926.zip,PAPERB_B9C_REMAINING_AUTHOR_RUN_050926/raw/g5/g5__official32_minus71__n6p0__legacy_iso__d7.npz,997a54e9f3bc89b0c5d56bcd955e1accff6947b0d3295780bd47ef8869472232
g5,g5__official32_minus71__n6p0__legacy_iso__d7,official32_minus71,6.0,DIFF,2498,1290.7357022387123,"{""kind"": ""legacy_iso"", ""seed"": 4841}",results/archives/PAPERB_B9C_REMAINING_AUTHOR_RUN_050926.zip,PAPERB_B9C_REMAINING_AUTHOR_RUN_050926/raw/g5/g5__official32_minus71__n6p0__legacy_iso__d7.npz,997a54e9f3bc89b0c5d56bcd955e1accff6947b0d3295780bd47ef8869472232
g5,g5__official32_minus71__n6p0__legacy_iso__d7,official32_minus71,6.0,Min-Max,2498,500.7321196194781,"{""kind"": ""legacy_iso"", ""seed"": 4841}",results/archives/PAPERB_B9C_REMAINING_AUTHOR_RUN_050926.zip,PAPERB_B9C_REMAINING_AUTHOR_RUN_050926/raw/g5/g5__official32_minus71__n6p0__legacy_iso__d7.npz,997a54e9f3bc89b0c5d56bcd955e1accff6947b0d3295780bd47ef8869472232
g5,g5__official32_minus71__n6p0__op_iso__d7,official32_minus71,6.0,WCL,2498,576.783423536692,"{""kind"": ""opcenter_exact_iso"", ""seed"": 7841}",results/archives/PAPERB_B9C_REMAINING_AUTHOR_RUN_050926.zip,PAPERB_B9C_REMAINING_AUTHOR_RUN_050926/raw/g5/g5__official32_minus71__n6p0__op_iso__d7.npz,ab1e8edb242a3321218892f886020758c9d77e12c70e0bed183b78f3ac0c6af0
g5,g5__official32_minus71__n6p0__op_iso__d7,official32_minus71,6.0,ABS,2498,577.2049262934297,"{""kind"": ""opcenter_exact_iso"", ""seed"": 7841}",results/archives/PAPERB_B9C_REMAINING_AUTHOR_RUN_050926.zip,PAPERB_B9C_REMAINING_AUTHOR_RUN_050926/raw/g5/g5__official32_minus71__n6p0__op_iso__d7.npz,ab1e8edb242a3321218892f886020758c9d77e12c70e0bed183b78f3ac0c6af0
g5,g5__official32_minus71__n6p0__op_iso__d7,official32_minus71,6.0,DIFF,2498,1089.458155135708,"{""kind"": ""opcenter_exact_iso"", ""seed"": 7841}",results/archives/PAPERB_B9C_REMAINING_AUTHOR_RUN_050926.zip,PAPERB_B9C_REMAINING_AUTHOR_RUN_050926/raw/g5/g5__official32_minus71__n6p0__op_iso__d7.npz,ab1e8edb242a3321218892f886020758c9d77e12c70e0bed183b78f3ac0c6af0
g5,g5__official32_minus71__n6p0__op_iso__d7,official32_minus71,6.0,Min-Max,2498,480.3477619612464,"{""kind"": ""opcenter_exact_iso"", ""seed"": 7841}",results/archives/PAPERB_B9C_REMAINING_AUTHOR_RUN_050926.zip,PAPERB_B9C_REMAINING_AUTHOR_RUN_050926/raw/g5/g5__official32_minus71__n6p0__op_iso__d7.npz,ab1e8edb242a3321218892f886020758c9d77e12c70e0bed183b78f3ac0c6af0
g5,g5__official32_minus71__n6p0__legacy_rot,official32_minus71,6.0,WCL,2498,691.637288887169,"{""deg"": 5.0, ""kind"": ""legacy_rotation""}",results/archives/PAPERB_B9C_REMAINING_AUTHOR_RUN_050926.zip,PAPERB_B9C_REMAINING_AUTHOR_RUN_050926/raw/g5/g5__official32_minus71__n6p0__legacy_rot.npz,6aaa77656f846028a4f6967534ff0111c912c498663ed9bfe7cb38b1ce15ebbe
g5,g5__official32_minus71__n6p0__legacy_rot,official32_minus71,6.0,ABS,2498,592.2270307588242,"{""deg"": 5.0, ""kind"": ""legacy_rotation""}",results/archives/PAPERB_B9C_REMAINING_AUTHOR_RUN_050926.zip,PAPERB_B9C_REMAINING_AUTHOR_RUN_050926/raw/g5/g5__official32_minus71__n6p0__legacy_rot.npz,6aaa77656f846028a4f6967534ff0111c912c498663ed9bfe7cb38b1ce15ebbe
g5,g5__official32_minus71__n6p0__legacy_rot,official32_minus71,6.0,DIFF,2498,1208.1313958427745,"{""deg"": 5.0, ""kind"": ""legacy_rotation""}",results/archives/PAPERB_B9C_REMAINING_AUTHOR_RUN_050926.zip,PAPERB_B9C_REMAINING_AUTHOR_RUN_050926/raw/g5/g5__official32_minus71__n6p0__legacy_rot.npz,6aaa77656f846028a4f6967534ff0111c912c498663ed9bfe7cb38b1ce15ebbe
g5,g5__official32_minus71__n6p0__legacy_rot,official32_minus71,6.0,Min-Max,2498,522.2524954753881,"{""deg"": 5.0, ""kind"": ""legacy_rotation""}",results/archives/PAPERB_B9C_REMAINING_AUTHOR_RUN_050926.zip,PAPERB_B9C_REMAINING_AUTHOR_RUN_050926/raw/g5/g5__official32_minus71__n6p0__legacy_rot.npz,6aaa77656f846028a4f6967534ff0111c912c498663ed9bfe7cb38b1ce15ebbe
g5,g5__official32_minus71__n6p0__op_rot,official32_minus71,6.0,WCL,2498,651.4793370096061,"{""deg"": 5.0, ""kind"": ""opcenter_rotation""}",results/archives/PAPERB_B9C_REMAINING_AUTHOR_RUN_050926.zip,PAPERB_B9C_REMAINING_AUTHOR_RUN_050926/raw/g5/g5__official32_minus71__n6p0__op_rot.npz,fcaf1767231e4e4244c80f9f2042d3a514ae398d01fcb22187836b90e2a149bd
g5,g5__official32_minus71__n6p0__op_rot,official32_minus71,6.0,ABS,2498,575.5918334358958,"{""deg"": 5.0, ""kind"": ""opcenter_rotation""}",results/archives/PAPERB_B9C_REMAINING_AUTHOR_RUN_050926.zip,PAPERB_B9C_REMAINING_AUTHOR_RUN_050926/raw/g5/g5__official32_minus71__n6p0__op_rot.npz,fcaf1767231e4e4244c80f9f2042d3a514ae398d01fcb22187836b90e2a149bd
g5,g5__official32_minus71__n6p0__op_rot,official32_minus71,6.0,DIFF,2498,1177.8058945174882,"{""deg"": 5.0, ""kind"": ""opcenter_rotation""}",results/archives/PAPERB_B9C_REMAINING_AUTHOR_RUN_050926.zip,PAPERB_B9C_REMAINING_AUTHOR_RUN_050926/raw/g5/g5__official32_minus71__n6p0__op_rot.npz,fcaf1767231e4e4244c80f9f2042d3a514ae398d01fcb22187836b90e2a149bd
g5,g5__official32_minus71__n6p0__op_rot,official32_minus71,6.0,Min-Max,2498,520.6540675796928,"{""deg"": 5.0, ""kind"": ""opcenter_rotation""}",results/archives/PAPERB_B9C_REMAINING_AUTHOR_RUN_050926.zip,PAPERB_B9C_REMAINING_AUTHOR_RUN_050926/raw/g5/g5__official32_minus71__n6p0__op_rot.npz,fcaf1767231e4e4244c80f9f2042d3a514ae398d01fcb22187836b90e2a149bd
